model,algorithm,path,stage,owner_file,owner_line,owner_function,leaf_file,leaf_line,leaf_function,type,sampled_allocations,sampled_bytes,sample_rate
"chemistry_like","DMRG2","both","operator preparation","/mnt/home/ldevos/Projects/MPSKit.jl/ld-envs/src/algorithms/derivatives/hamiltonian_derivatives.jl","732","prepare_left_AC2","/mnt/home/ldevos/.julia/packages/TensorKit/SLHMM/src/tensors/tensor.jl","98","TensorMap","Profile.Allocs.BufferType","25","954368","0.01"
"chemistry_like","DMRG2","both","operator preparation","/mnt/home/ldevos/Projects/MPSKit.jl/ld-envs/src/algorithms/derivatives/hamiltonian_derivatives.jl","665","_contract_GL_O","/mnt/home/ldevos/.julia/packages/TensorOperations/i1lNc/src/implementation/allocator.jl","453","tensoralloc","Profile.Allocs.BufferType","26","753664","0.01"
"chemistry_like","DMRG2","both","operator preparation","/mnt/home/ldevos/Projects/MPSKit.jl/ld-envs/src/algorithms/derivatives/hamiltonian_derivatives.jl","669","_contract_O_GR","/mnt/home/ldevos/.julia/packages/TensorOperations/i1lNc/src/implementation/allocator.jl","453","tensoralloc","Profile.Allocs.BufferType","10","585728","0.01"
"chemistry_like","DMRG2","both","operator preparation","/mnt/home/ldevos/Projects/MPSKit.jl/ld-envs/src/algorithms/derivatives/hamiltonian_derivatives.jl","764","prepare_right_AC2","/mnt/home/ldevos/.julia/packages/TensorKit/SLHMM/src/tensors/tensor.jl","98","TensorMap","Profile.Allocs.BufferType","15","485376","0.01"
"chemistry_like","DMRG2","both","eigensolve","/mnt/home/ldevos/Projects/MPSKit.jl/ld-envs/src/algorithms/derivatives/mpo_derivatives.jl","321","PrecomputedDerivative","/mnt/home/ldevos/.julia/packages/TensorOperations/i1lNc/src/implementation/allocator.jl","285","tensoralloc","Profile.Allocs.BufferType","5","458752","0.01"
"chemistry_like","DMRG2","both","operator preparation","/mnt/home/ldevos/Projects/MPSKit.jl/ld-envs/src/algorithms/derivatives/hamiltonian_derivatives.jl","758","prepare_right_AC2","/mnt/home/ldevos/.julia/packages/TensorKit/SLHMM/src/tensors/tensor.jl","98","TensorMap","Profile.Allocs.BufferType","19","346112","0.01"
"chemistry_like","DMRG2","both","operator preparation","/mnt/home/ldevos/Projects/MPSKit.jl/ld-envs/src/algorithms/derivatives/hamiltonian_derivatives.jl","703","#right_AC_ingredients#558","/mnt/home/ldevos/.julia/packages/TensorKit/SLHMM/src/tensors/tensor.jl","98","TensorMap","Profile.Allocs.BufferType","14","280576","0.01"
"chemistry_like","DMRG2","both","operator preparation","/mnt/home/ldevos/Projects/MPSKit.jl/ld-envs/src/algorithms/derivatives/hamiltonian_derivatives.jl","727","prepare_left_AC2","/mnt/home/ldevos/.julia/packages/TensorKit/SLHMM/src/tensors/tensor.jl","98","TensorMap","Profile.Allocs.BufferType","16","272384","0.01"
"chemistry_like","DMRG2","both","environment transfers","/mnt/home/ldevos/Projects/MPSKit.jl/ld-envs/src/transfermatrix/transfer.jl","130","#transfer_left#318","/mnt/home/ldevos/.julia/packages/TensorOperations/i1lNc/src/implementation/allocator.jl","453","tensoralloc","Profile.Allocs.BufferType","12","233472","0.01"
"chemistry_like","DMRG2","both","operator preparation","/mnt/home/ldevos/Projects/MPSKit.jl/ld-envs/src/algorithms/derivatives/hamiltonian_derivatives.jl","681","left_AC_ingredients","/mnt/home/ldevos/.julia/packages/TensorKit/SLHMM/src/tensors/tensor.jl","98","TensorMap","Profile.Allocs.BufferType","10","186368","0.01"
"chemistry_like","DMRG2","both","environment transfers","/mnt/home/ldevos/Projects/MPSKit.jl/ld-envs/src/transfermatrix/transfer.jl","133","#transfer_right#319","/mnt/home/ldevos/.julia/packages/TensorOperations/i1lNc/src/implementation/allocator.jl","449","tensoralloc","Profile.Allocs.BufferType","2","131072","0.01"
"chemistry_like","DMRG2","both","environment transfers","/mnt/home/ldevos/Projects/MPSKit.jl/ld-envs/src/transfermatrix/transfer.jl","130","#transfer_left#318","/mnt/home/ldevos/.julia/packages/TensorOperations/i1lNc/src/implementation/allocator.jl","449","tensoralloc","Profile.Allocs.BufferType","3","131072","0.01"
"chemistry_like","DMRG2","both","environment transfers","/mnt/home/ldevos/Projects/MPSKit.jl/ld-envs/src/transfermatrix/transfer.jl","133","#transfer_right#319","/mnt/home/ldevos/.julia/packages/TensorOperations/i1lNc/src/implementation/allocator.jl","453","tensoralloc","Profile.Allocs.BufferType","7","94208","0.01"
"chemistry_like","DMRG2","both","environment transfers","/mnt/home/ldevos/Projects/MPSKit.jl/ld-envs/src/transfermatrix/transfer.jl","133","#transfer_right#319","/mnt/home/ldevos/.julia/packages/BlockTensorKit/Kw0jL/src/auxiliary/sparsetensorarray.jl","87","setindex!","Profile.Allocs.BufferType","1","73728","0.01"
"chemistry_like","DMRG2","both","eigensolve","/mnt/home/ldevos/Projects/MPSKit.jl/ld-envs/src/algorithms/fixedpoint.jl","16","fixedpoint","/mnt/home/ldevos/.julia/packages/TensorKit/SLHMM/src/tensors/tensor.jl","98","TensorMap","Profile.Allocs.BufferType","1","65536","0.01"
"chemistry_like","DMRG2","both","operator preparation","/mnt/home/ldevos/Projects/MPSKit.jl/ld-envs/src/algorithms/derivatives/hamiltonian_derivatives.jl","665","_contract_GL_O","/mnt/home/ldevos/.julia/packages/TensorOperations/i1lNc/src/implementation/allocator.jl","449","tensoralloc","Profile.Allocs.BufferType","2","65536","0.01"
"chemistry_like","DMRG2","both","other","/mnt/home/ldevos/Projects/MPSKit.jl/ld-envs/src/utility/utility.jl","5","#_transpose_tail#9","/mnt/home/ldevos/.julia/packages/TensorKit/SLHMM/src/tensors/tensor.jl","98","TensorMap","Profile.Allocs.BufferType","2","40960","0.01"
"chemistry_like","DMRG2","both","environment transfers","/mnt/home/ldevos/Projects/MPSKit.jl/ld-envs/src/transfermatrix/transfer.jl","133","#transfer_right#319","/mnt/home/ldevos/.julia/packages/LRUCache/ZH7qB/src/LRUCache.jl","159","get!","Vector{Tuple{Any, Any}}","1041","33312","0.01"
"chemistry_like","DMRG2","both","operator preparation","/mnt/home/ldevos/Projects/MPSKit.jl/ld-envs/src/algorithms/derivatives/hamiltonian_derivatives.jl","669","_contract_O_GR","/mnt/home/ldevos/.julia/packages/BlockTensorKit/Kw0jL/src/linalg/linalg.jl","44","mul!","Profile.Allocs.BufferType","2","25504","0.01"
"chemistry_like","DMRG2","both","environment transfers","/mnt/home/ldevos/Projects/MPSKit.jl/ld-envs/src/transfermatrix/transfer.jl","130","#transfer_left#318","/mnt/home/ldevos/.julia/packages/LRUCache/ZH7qB/src/LRUCache.jl","159","get!","Vector{Tuple{Any, Any}}","627","20064","0.01"
"chemistry_like","DMRG2","both","operator preparation","/mnt/home/ldevos/Projects/MPSKit.jl/ld-envs/src/algorithms/derivatives/hamiltonian_derivatives.jl","669","_contract_O_GR","/mnt/home/ldevos/.julia/packages/BlockTensorKit/Kw0jL/src/auxiliary/sparsetensorarray.jl","87","setindex!","Profile.Allocs.BufferType","1","18432","0.01"
"chemistry_like","DMRG2","both","environment transfers","/mnt/home/ldevos/Projects/MPSKit.jl/ld-envs/src/transfermatrix/transfer.jl","133","#transfer_right#319","/mnt/home/ldevos/.julia/packages/Strided/yVKLF/src/mapreduce.jl","200","_mapreduce_block!","Tuple{StridedViews.StridedView{Float64, 4, Memory{Float64}, typeof(identity)}, StridedViews.StridedView{Float64, 4, Memory{Float64}, typeof(identity)}}","101","17776","0.01"
"chemistry_like","DMRG2","both","environment transfers","/mnt/home/ldevos/Projects/MPSKit.jl/ld-envs/src/transfermatrix/transfer.jl","133","#transfer_right#319","/mnt/home/ldevos/.julia/packages/TimerOutputs/0Wski/src/macros.jl","257","macro expansion","TensorKit.Hashed{TensorKit.TensorMapSpace{TensorKit.GradedSpace{TensorKitSectors.PlanarTrivial, Tuple{Int64}}, 2, 2}, typeof(TensorKit.sectorhash), typeof(TensorKit.sectorequal)}","218","17440","0.01"
"chemistry_like","DMRG2","both","environment transfers","/mnt/home/ldevos/Projects/MPSKit.jl/ld-envs/src/transfermatrix/transfer.jl","133","#transfer_right#319","/mnt/home/ldevos/.julia/packages/TimerOutputs/0Wski/src/macros.jl","257","macro expansion","TensorKit.var""#sectorstructure##12#sectorstructure##13""{TensorKit.Hashed{TensorKit.TensorMapSpace{TensorKit.GradedSpace{TensorKitSectors.PlanarTrivial, Tuple{Int64}}, 2, 2}, typeof(TensorKit.sectorhash), typeof(TensorKit.sectorequal)}}","217","17360","0.01"
"chemistry_like","DMRG2","both","environment transfers","/mnt/home/ldevos/Projects/MPSKit.jl/ld-envs/src/transfermatrix/transfer.jl","133","#transfer_right#319","/mnt/home/ldevos/.julia/packages/LRUCache/ZH7qB/src/LRUCache.jl","110","_unsafe_haskey","TensorKit.Hashed{TensorKit.TensorMapSpace{TensorKit.GradedSpace{TensorKitSectors.PlanarTrivial, Tuple{Int64}}, 2, 2}, typeof(TensorKit.sectorhash), typeof(TensorKit.sectorequal)}","217","17360","0.01"
"chemistry_like","DMRG2","both","environment transfers","/mnt/home/ldevos/Projects/MPSKit.jl/ld-envs/src/transfermatrix/transfer.jl","133","#transfer_right#319","/mnt/home/ldevos/.julia/packages/LRUCache/ZH7qB/src/LRUCache.jl","189","_unsafe_getindex","TensorKit.Hashed{TensorKit.TensorMapSpace{TensorKit.GradedSpace{TensorKitSectors.PlanarTrivial, Tuple{Int64}}, 2, 2}, typeof(TensorKit.sectorhash), typeof(TensorKit.sectorequal)}","205","16400","0.01"
"chemistry_like","DMRG2","both","environment transfers","/mnt/home/ldevos/Projects/MPSKit.jl/ld-envs/src/transfermatrix/transfer.jl","130","#transfer_left#318","/mnt/home/ldevos/.julia/packages/LRUCache/ZH7qB/src/LRUCache.jl","189","_unsafe_getindex","TensorKit.Hashed{TensorKit.TensorMapSpace{TensorKit.GradedSpace{TensorKitSectors.PlanarTrivial, Tuple{Int64}}, 2, 2}, typeof(TensorKit.sectorhash), typeof(TensorKit.sectorequal)}","188","15040","0.01"
"chemistry_like","DMRG2","both","environment transfers","/mnt/home/ldevos/Projects/MPSKit.jl/ld-envs/src/transfermatrix/transfer.jl","130","#transfer_left#318","/mnt/home/ldevos/.julia/packages/LRUCache/ZH7qB/src/LRUCache.jl","110","_unsafe_haskey","TensorKit.Hashed{TensorKit.TensorMapSpace{TensorKit.GradedSpace{TensorKitSectors.PlanarTrivial, Tuple{Int64}}, 2, 2}, typeof(TensorKit.sectorhash), typeof(TensorKit.sectorequal)}","174","13920","0.01"
"chemistry_like","DMRG2","both","operator preparation","/mnt/home/ldevos/Projects/MPSKit.jl/ld-envs/src/algorithms/derivatives/mpo_derivatives.jl","238","_fuse_env","/mnt/home/ldevos/.julia/packages/Strided/yVKLF/src/mapreduce.jl","200","_mapreduce_block!","Tuple{StridedViews.StridedView{Float64, 5, Memory{Float64}, typeof(identity)}, StridedViews.StridedView{Float64, 5, Memory{Float64}, typeof(identity)}}","65","13520","0.01"
"chemistry_like","DMRG2","both","environment transfers","/mnt/home/ldevos/Projects/MPSKit.jl/ld-envs/src/transfermatrix/transfer.jl","133","#transfer_right#319","/mnt/home/ldevos/.julia/packages/TensorKit/SLHMM/src/auxiliary/auxiliary.jl","110","taskforeach","Channel{Any}","139","13344","0.01"
"chemistry_like","DMRG2","both","environment transfers","/mnt/home/ldevos/Projects/MPSKit.jl/ld-envs/src/transfermatrix/transfer.jl","133","#transfer_right#319","/mnt/home/ldevos/.julia/packages/TensorKit/SLHMM/src/auxiliary/auxiliary.jl","110","taskforeach","Base.IntrusiveLinkedList{Task}","411","13152","0.01"
"chemistry_like","DMRG2","both","environment transfers","/mnt/home/ldevos/Projects/MPSKit.jl/ld-envs/src/transfermatrix/transfer.jl","130","#transfer_left#318","/mnt/home/ldevos/.julia/packages/TimerOutputs/0Wski/src/macros.jl","257","macro expansion","TensorKit.var""#sectorstructure##12#sectorstructure##13""{TensorKit.Hashed{TensorKit.TensorMapSpace{TensorKit.GradedSpace{TensorKitSectors.PlanarTrivial, Tuple{Int64}}, 2, 2}, typeof(TensorKit.sectorhash), typeof(TensorKit.sectorequal)}}","141","11280","0.01"
"chemistry_like","DMRG2","both","operator preparation","/mnt/home/ldevos/Projects/MPSKit.jl/ld-envs/src/algorithms/derivatives/hamiltonian_derivatives.jl","665","_contract_GL_O","/mnt/home/ldevos/.julia/packages/BlockTensorKit/Kw0jL/src/vectorspaces/sumspace.jl","112","dual","Profile.Allocs.BufferType","3","10960","0.01"
"chemistry_like","DMRG2","both","operator preparation","/mnt/home/ldevos/Projects/MPSKit.jl/ld-envs/src/algorithms/derivatives/hamiltonian_derivatives.jl","669","_contract_O_GR","/mnt/home/ldevos/.julia/packages/LRUCache/ZH7qB/src/LRUCache.jl","159","get!","Vector{Tuple{Any, Any}}","340","10880","0.01"
"chemistry_like","DMRG2","both","operator preparation","/mnt/home/ldevos/Projects/MPSKit.jl/ld-envs/src/algorithms/derivatives/hamiltonian_derivatives.jl","665","_contract_GL_O","/mnt/home/ldevos/.julia/packages/LRUCache/ZH7qB/src/LRUCache.jl","159","get!","Vector{Tuple{Any, Any}}","334","10688","0.01"
"chemistry_like","DMRG2","both","environment transfers","/mnt/home/ldevos/Projects/MPSKit.jl/ld-envs/src/transfermatrix/transfer.jl","133","#transfer_right#319","/mnt/home/ldevos/.julia/packages/LRUCache/ZH7qB/src/LRUCache.jl","189","_unsafe_getindex","TensorKit.Hashed{TensorKit.TensorMapSpace{TensorKit.GradedSpace{TensorKitSectors.PlanarTrivial, Tuple{Int64}}, 2, 1}, typeof(TensorKit.sectorhash), typeof(TensorKit.sectorequal)}","163","10432","0.01"
"chemistry_like","DMRG2","both","environment transfers","/mnt/home/ldevos/Projects/MPSKit.jl/ld-envs/src/transfermatrix/transfer.jl","130","#transfer_left#318","/mnt/home/ldevos/.julia/packages/TimerOutputs/0Wski/src/macros.jl","257","macro expansion","TensorKit.Hashed{TensorKit.TensorMapSpace{TensorKit.GradedSpace{TensorKitSectors.PlanarTrivial, Tuple{Int64}}, 2, 2}, typeof(TensorKit.sectorhash), typeof(TensorKit.sectorequal)}","129","10320","0.01"
"chemistry_like","DMRG2","both","environment transfers","/mnt/home/ldevos/Projects/MPSKit.jl/ld-envs/src/transfermatrix/transfer.jl","133","#transfer_right#319","/mnt/home/ldevos/.julia/packages/Strided/yVKLF/src/mapreduce.jl","200","_mapreduce_block!","StridedViews.StridedView{Float64, 4, Memory{Float64}, typeof(identity)}","107","10272","0.01"
"chemistry_like","DMRG2","both","environment transfers","/mnt/home/ldevos/Projects/MPSKit.jl/ld-envs/src/transfermatrix/transfer.jl","133","#transfer_right#319","/mnt/home/ldevos/.julia/packages/BlockTensorKit/Kw0jL/src/tensors/blocktensor.jl","16","BlockTensorMap","Profile.Allocs.BufferType","1","9720","0.01"
"chemistry_like","DMRG2","both","environment transfers","/mnt/home/ldevos/Projects/MPSKit.jl/ld-envs/src/transfermatrix/transfer.jl","133","#transfer_right#319","/mnt/home/ldevos/.julia/packages/Strided/yVKLF/src/mapreduce.jl","200","_mapreduce_block!","NTuple{4, Int64}","198","9504","0.01"
"chemistry_like","DMRG2","both","environment transfers","/mnt/home/ldevos/Projects/MPSKit.jl/ld-envs/src/transfermatrix/transfer.jl","133","#transfer_right#319","/mnt/home/ldevos/.julia/packages/Strided/yVKLF/src/mapreduce.jl","200","_mapreduce_block!","Tuple{NTuple{4, Int64}, NTuple{4, Int64}}","110","8800","0.01"
"chemistry_like","DMRG2","both","operator preparation","/mnt/home/ldevos/Projects/MPSKit.jl/ld-envs/src/algorithms/derivatives/mpo_derivatives.jl","238","_fuse_env","/mnt/home/ldevos/.julia/packages/Strided/yVKLF/src/mapreduce.jl","200","_mapreduce_block!","StridedViews.StridedView{Float64, 5, Memory{Float64}, typeof(identity)}","78","8736","0.01"
"chemistry_like","DMRG2","both","environment transfers","/mnt/home/ldevos/Projects/MPSKit.jl/ld-envs/src/transfermatrix/transfer.jl","133","#transfer_right#319","/mnt/home/ldevos/.julia/packages/LRUCache/ZH7qB/src/LRUCache.jl","189","_unsafe_getindex","TensorKit.DegeneracyStructure{4}","364","8736","0.01"
"chemistry_like","DMRG2","both","environment transfers","/mnt/home/ldevos/Projects/MPSKit.jl/ld-envs/src/transfermatrix/transfer.jl","133","#transfer_right#319","/mnt/home/ldevos/.julia/packages/LRUCache/ZH7qB/src/LRUCache.jl","110","_unsafe_haskey","TensorKit.Hashed{TensorKit.TensorMapSpace{TensorKit.GradedSpace{TensorKitSectors.PlanarTrivial, Tuple{Int64}}, 2, 1}, typeof(TensorKit.sectorhash), typeof(TensorKit.sectorequal)}","134","8576","0.01"
"chemistry_like","DMRG2","both","other","/mnt/home/ldevos/Projects/MPSKit.jl/ld-envs/src/utility/utility.jl","22","project_complement!","/mnt/home/ldevos/.julia/packages/TensorOperations/i1lNc/src/implementation/allocator.jl","285","tensoralloc","Profile.Allocs.BufferType","1","8192","0.01"
"chemistry_like","DMRG2","both","other","/mnt/home/ldevos/Projects/MPSKit.jl/ld-envs/src/utility/utility.jl","316","mul_tail","/mnt/home/ldevos/.julia/packages/TensorKit/SLHMM/src/tensors/tensor.jl","98","TensorMap","Profile.Allocs.BufferType","1","8192","0.01"
"chemistry_like","DMRG2","both","gauge","/mnt/home/ldevos/Projects/MPSKit.jl/ld-envs/src/utility/utility.jl","2","#_transpose_front#8","/mnt/home/ldevos/.julia/packages/TensorKit/SLHMM/src/tensors/tensor.jl","98","TensorMap","Profile.Allocs.BufferType","1","8192","0.01"
"chemistry_like","DMRG2","both","environment transfers","/mnt/home/ldevos/Projects/MPSKit.jl/ld-envs/src/transfermatrix/transfer.jl","133","#transfer_right#319","/mnt/home/ldevos/.julia/packages/TensorKit/SLHMM/src/auxiliary/auxiliary.jl","110","taskforeach","ReentrantLock","127","8128","0.01"
"chemistry_like","DMRG2","both","operator preparation","/mnt/home/ldevos/Projects/MPSKit.jl/ld-envs/src/algorithms/derivatives/hamiltonian_derivatives.jl","665","_contract_GL_O","/mnt/home/ldevos/.julia/packages/TensorKit/SLHMM/src/auxiliary/auxiliary.jl","110","taskforeach","Base.IntrusiveLinkedList{Task}","236","7552","0.01"
"chemistry_like","DMRG2","both","operator preparation","/mnt/home/ldevos/Projects/MPSKit.jl/ld-envs/src/algorithms/derivatives/hamiltonian_derivatives.jl","732","prepare_left_AC2","/mnt/home/ldevos/.julia/packages/LRUCache/ZH7qB/src/LRUCache.jl","159","get!","Vector{Tuple{Any, Any}}","234","7488","0.01"
"chemistry_like","DMRG2","both","operator preparation","/mnt/home/ldevos/Projects/MPSKit.jl/ld-envs/src/algorithms/derivatives/hamiltonian_derivatives.jl","669","_contract_O_GR","/mnt/home/ldevos/.julia/packages/TensorKit/SLHMM/src/auxiliary/auxiliary.jl","110","taskforeach","Base.IntrusiveLinkedList{Task}","231","7392","0.01"
"chemistry_like","DMRG2","both","operator preparation","/mnt/home/ldevos/Projects/MPSKit.jl/ld-envs/src/algorithms/derivatives/mpo_derivatives.jl","238","_fuse_env","/mnt/home/ldevos/.julia/packages/Strided/yVKLF/src/mapreduce.jl","200","_mapreduce_block!","Tuple{NTuple{5, Int64}, NTuple{5, Int64}}","74","7104","0.01"
"chemistry_like","DMRG2","both","operator preparation","/mnt/home/ldevos/Projects/MPSKit.jl/ld-envs/src/algorithms/derivatives/hamiltonian_derivatives.jl","684","left_AC_ingredients","/mnt/home/ldevos/.julia/packages/Strided/yVKLF/src/mapreduce.jl","200","_mapreduce_block!","Tuple{StridedViews.StridedView{Float64, 3, Memory{Float64}, typeof(identity)}, StridedViews.StridedView{Float64, 3, Memory{Float64}, typeof(identity)}}","48","6912","0.01"
"chemistry_like","DMRG2","both","operator preparation","/mnt/home/ldevos/Projects/MPSKit.jl/ld-envs/src/algorithms/derivatives/hamiltonian_derivatives.jl","665","_contract_GL_O","/mnt/home/ldevos/.julia/packages/TensorKit/SLHMM/src/auxiliary/auxiliary.jl","110","taskforeach","Channel{Any}","69","6624","0.01"
"chemistry_like","DMRG2","both","environment transfers","/mnt/home/ldevos/Projects/MPSKit.jl/ld-envs/src/transfermatrix/transfer.jl","133","#transfer_right#319","/mnt/home/ldevos/.julia/packages/TensorKit/SLHMM/src/tensors/indexmanipulations.jl","660","add_transform_kernel!","TensorKit.var""#add_transform_kernel!##0#add_transform_kernel!##1""{TensorKit.StridedSubblocks{Memory{Float64}, 4}, TensorKit.StridedSubblocks{Memory{Float64}, 4}, Tuple{NTuple{4, Int64}, Tuple{}}, Bool, VectorInterface.One, VectorInterface.Zero, TensorOperations.DefaultBackend, TensorOperations.BufferAllocator{Memory{UInt8}}}","68","6528","0.01"
"chemistry_like","DMRG2","both","operator preparation","/mnt/home/ldevos/Projects/MPSKit.jl/ld-envs/src/algorithms/derivatives/hamiltonian_derivatives.jl","706","#right_AC_ingredients#558","/mnt/home/ldevos/.julia/packages/Strided/yVKLF/src/mapreduce.jl","200","_mapreduce_block!","Tuple{StridedViews.StridedView{Float64, 3, Memory{Float64}, typeof(identity)}, StridedViews.StridedView{Float64, 3, Memory{Float64}, typeof(identity)}}","44","6336","0.01"
"chemistry_like","DMRG2","both","environment transfers","/mnt/home/ldevos/Projects/MPSKit.jl/ld-envs/src/transfermatrix/transfer.jl","130","#transfer_left#318","/mnt/home/ldevos/.julia/packages/Strided/yVKLF/src/mapreduce.jl","200","_mapreduce_block!","Tuple{StridedViews.StridedView{Float64, 4, Memory{Float64}, typeof(identity)}, StridedViews.StridedView{Float64, 4, Memory{Float64}, typeof(identity)}}","36","6336","0.01"
"chemistry_like","DMRG2","both","operator preparation","/mnt/home/ldevos/Projects/MPSKit.jl/ld-envs/src/algorithms/derivatives/mpo_derivatives.jl","238","_fuse_env","/mnt/home/ldevos/.julia/packages/Strided/yVKLF/src/mapreduce.jl","200","_mapreduce_block!","NTuple{5, Int64}","130","6240","0.01"
"chemistry_like","DMRG2","both","operator preparation","/mnt/home/ldevos/Projects/MPSKit.jl/ld-envs/src/algorithms/derivatives/hamiltonian_derivatives.jl","669","_contract_O_GR","/mnt/home/ldevos/.julia/packages/TensorKit/SLHMM/src/auxiliary/auxiliary.jl","110","taskforeach","Channel{Any}","65","6240","0.01"
"chemistry_like","DMRG2","both","environment transfers","/mnt/home/ldevos/Projects/MPSKit.jl/ld-envs/src/transfermatrix/transfer.jl","133","#transfer_right#319","/mnt/home/ldevos/.julia/packages/TensorKit/SLHMM/src/tensors/indexmanipulations.jl","660","add_transform_kernel!","TensorKit.var""#add_transform_kernel!##0#add_transform_kernel!##1""{TensorKit.StridedSubblocks{Memory{Float64}, 4}, TensorKit.StridedSubblocks{Memory{Float64}, 4}, Tuple{NTuple{4, Int64}, Tuple{}}, Bool, VectorInterface.One, VectorInterface.One, TensorOperations.DefaultBackend, TensorOperations.BufferAllocator{Memory{UInt8}}}","64","6144","0.01"
"chemistry_like","DMRG2","both","environment transfers","/mnt/home/ldevos/Projects/MPSKit.jl/ld-envs/src/transfermatrix/transfer.jl","130","#transfer_left#318","/mnt/home/ldevos/.julia/packages/LRUCache/ZH7qB/src/LRUCache.jl","189","_unsafe_getindex","TensorKit.Hashed{TensorKit.TensorMapSpace{TensorKit.GradedSpace{TensorKitSectors.PlanarTrivial, Tuple{Int64}}, 2, 1}, typeof(TensorKit.sectorhash), typeof(TensorKit.sectorequal)}","91","5824","0.01"
"chemistry_like","DMRG2","both","operator preparation","/mnt/home/ldevos/Projects/MPSKit.jl/ld-envs/src/algorithms/derivatives/hamiltonian_derivatives.jl","706","#right_AC_ingredients#558","/mnt/home/ldevos/.julia/packages/BlockTensorKit/Kw0jL/src/vectorspaces/sumspace.jl","112","dual","Profile.Allocs.BufferType","1","5760","0.01"
"chemistry_like","DMRG2","both","operator preparation","/mnt/home/ldevos/Projects/MPSKit.jl/ld-envs/src/algorithms/derivatives/hamiltonian_derivatives.jl","669","_contract_O_GR","/mnt/home/ldevos/.julia/packages/TensorOperations/i1lNc/src/implementation/allocator.jl","453","tensoralloc","Memory{Float64}","29","5424","0.01"
"chemistry_like","DMRG2","both","environment transfers","/mnt/home/ldevos/Projects/MPSKit.jl/ld-envs/src/transfermatrix/transfer.jl","130","#transfer_left#318","/mnt/home/ldevos/.julia/packages/TensorKit/SLHMM/src/auxiliary/auxiliary.jl","110","taskforeach","Channel{Any}","56","5376","0.01"
"chemistry_like","DMRG2","both","operator preparation","/mnt/home/ldevos/Projects/MPSKit.jl/ld-envs/src/algorithms/derivatives/hamiltonian_derivatives.jl","732","prepare_left_AC2","/mnt/home/ldevos/.julia/packages/TensorKit/SLHMM/src/auxiliary/auxiliary.jl","110","taskforeach","Channel{Any}","56","5376","0.01"
"chemistry_like","DMRG2","both","operator preparation","/mnt/home/ldevos/Projects/MPSKit.jl/ld-envs/src/algorithms/derivatives/hamiltonian_derivatives.jl","684","left_AC_ingredients","/mnt/home/ldevos/.julia/packages/LRUCache/ZH7qB/src/LRUCache.jl","159","get!","Vector{Tuple{Any, Any}}","168","5376","0.01"
"chemistry_like","DMRG2","both","environment transfers","/mnt/home/ldevos/Projects/MPSKit.jl/ld-envs/src/transfermatrix/transfer.jl","130","#transfer_left#318","/mnt/home/ldevos/.julia/packages/LRUCache/ZH7qB/src/LRUCache.jl","110","_unsafe_haskey","TensorKit.Hashed{TensorKit.TensorMapSpace{TensorKit.GradedSpace{TensorKitSectors.PlanarTrivial, Tuple{Int64}}, 2, 1}, typeof(TensorKit.sectorhash), typeof(TensorKit.sectorequal)}","83","5312","0.01"
"chemistry_like","DMRG2","both","environment transfers","/mnt/home/ldevos/Projects/MPSKit.jl/ld-envs/src/transfermatrix/transfer.jl","130","#transfer_left#318","/mnt/home/ldevos/.julia/packages/LRUCache/ZH7qB/src/LRUCache.jl","189","_unsafe_getindex","TensorKit.DegeneracyStructure{4}","218","5232","0.01"
"chemistry_like","DMRG2","both","operator preparation","/mnt/home/ldevos/Projects/MPSKit.jl/ld-envs/src/algorithms/derivatives/hamiltonian_derivatives.jl","665","_contract_GL_O","/mnt/home/ldevos/.julia/packages/Strided/yVKLF/src/mapreduce.jl","200","_mapreduce_block!","Tuple{StridedViews.StridedView{Float64, 5, Memory{Float64}, typeof(identity)}, StridedViews.StridedView{Float64, 5, Memory{Float64}, typeof(identity)}}","25","5200","0.01"
"chemistry_like","DMRG2","both","operator preparation","/mnt/home/ldevos/Projects/MPSKit.jl/ld-envs/src/algorithms/derivatives/hamiltonian_derivatives.jl","669","_contract_O_GR","/mnt/home/ldevos/.julia/packages/TensorKit/SLHMM/src/auxiliary/auxiliary.jl","110","taskforeach","ReentrantLock","78","4992","0.01"
"chemistry_like","DMRG2","both","operator preparation","/mnt/home/ldevos/Projects/MPSKit.jl/ld-envs/src/algorithms/derivatives/hamiltonian_derivatives.jl","665","_contract_GL_O","/mnt/home/ldevos/.julia/packages/Strided/yVKLF/src/mapreduce.jl","200","_mapreduce_block!","Tuple{StridedViews.StridedView{Float64, 4, Memory{Float64}, typeof(identity)}, StridedViews.StridedView{Float64, 4, Memory{Float64}, typeof(identity)}}","28","4928","0.01"
"chemistry_like","DMRG2","both","operator preparation","/mnt/home/ldevos/Projects/MPSKit.jl/ld-envs/src/algorithms/derivatives/hamiltonian_derivatives.jl","669","_contract_O_GR","/mnt/home/ldevos/.julia/packages/Strided/yVKLF/src/mapreduce.jl","200","_mapreduce_block!","Tuple{StridedViews.StridedView{Float64, 4, Memory{Float64}, typeof(identity)}, StridedViews.StridedView{Float64, 4, Memory{Float64}, typeof(identity)}}","28","4928","0.01"
"chemistry_like","DMRG2","both","environment transfers","/mnt/home/ldevos/Projects/MPSKit.jl/ld-envs/src/transfermatrix/transfer.jl","130","#transfer_left#318","/mnt/home/ldevos/.julia/packages/TensorKit/SLHMM/src/auxiliary/auxiliary.jl","110","taskforeach","Base.IntrusiveLinkedList{Task}","153","4896","0.01"
"chemistry_like","DMRG2","both","operator preparation","/mnt/home/ldevos/Projects/MPSKit.jl/ld-envs/src/algorithms/derivatives/hamiltonian_derivatives.jl","669","_contract_O_GR","/mnt/home/ldevos/.julia/packages/Strided/yVKLF/src/mapreduce.jl","200","_mapreduce_block!","Tuple{StridedViews.StridedView{Float64, 3, Memory{Float64}, typeof(identity)}, StridedViews.StridedView{Float64, 3, Memory{Float64}, typeof(identity)}}","34","4896","0.01"
"chemistry_like","DMRG2","both","operator preparation","/mnt/home/ldevos/Projects/MPSKit.jl/ld-envs/src/algorithms/derivatives/hamiltonian_derivatives.jl","732","prepare_left_AC2","/mnt/home/ldevos/.julia/packages/TensorKit/SLHMM/src/auxiliary/auxiliary.jl","110","taskforeach","Base.IntrusiveLinkedList{Task}","151","4832","0.01"
"chemistry_like","DMRG2","both","operator preparation","/mnt/home/ldevos/Projects/MPSKit.jl/ld-envs/src/algorithms/derivatives/hamiltonian_derivatives.jl","758","prepare_right_AC2","/mnt/home/ldevos/.julia/packages/TensorKit/SLHMM/src/tensors/tensor.jl","98","TensorMap","Memory{Float64}","26","4824","0.01"
"chemistry_like","DMRG2","both","operator preparation","/mnt/home/ldevos/Projects/MPSKit.jl/ld-envs/src/algorithms/derivatives/hamiltonian_derivatives.jl","732","prepare_left_AC2","/mnt/home/ldevos/.julia/packages/Strided/yVKLF/src/mapreduce.jl","200","_mapreduce_block!","Tuple{StridedViews.StridedView{Float64, 5, Memory{Float64}, typeof(identity)}, StridedViews.StridedView{Float64, 5, Memory{Float64}, typeof(identity)}}","23","4784","0.01"
"chemistry_like","DMRG2","both","operator preparation","/mnt/home/ldevos/Projects/MPSKit.jl/ld-envs/src/algorithms/derivatives/hamiltonian_derivatives.jl","681","left_AC_ingredients","/mnt/home/ldevos/.julia/packages/TensorKit/SLHMM/src/tensors/tensor.jl","98","TensorMap","Memory{Float64}","32","4752","0.01"
"chemistry_like","DMRG2","both","environment transfers","/mnt/home/ldevos/Projects/MPSKit.jl/ld-envs/src/transfermatrix/transfer.jl","133","#transfer_right#319","/mnt/home/ldevos/.julia/packages/TensorKit/SLHMM/src/auxiliary/auxiliary.jl","110","taskforeach","Vector{Any}","147","4704","0.01"
"chemistry_like","DMRG2","both","operator preparation","/mnt/home/ldevos/Projects/MPSKit.jl/ld-envs/src/algorithms/derivatives/hamiltonian_derivatives.jl","732","prepare_left_AC2","/mnt/home/ldevos/.julia/packages/TensorKit/SLHMM/src/tensors/tensor.jl","98","TensorMap","Memory{Float64}","59","4704","0.01"
"chemistry_like","DMRG2","both","operator preparation","/mnt/home/ldevos/Projects/MPSKit.jl/ld-envs/src/algorithms/derivatives/mpo_derivatives.jl","238","_fuse_env","/mnt/home/ldevos/.julia/packages/LRUCache/ZH7qB/src/LRUCache.jl","159","get!","Vector{Tuple{Any, Any}}","146","4672","0.01"
"chemistry_like","DMRG2","both","operator preparation","/mnt/home/ldevos/Projects/MPSKit.jl/ld-envs/src/algorithms/derivatives/hamiltonian_derivatives.jl","665","_contract_GL_O","/mnt/home/ldevos/.julia/packages/BlockTensorKit/Kw0jL/src/auxiliary/sparsetensorarray.jl","87","setindex!","Profile.Allocs.BufferType","1","4608","0.01"
"chemistry_like","DMRG2","both","environment transfers","/mnt/home/ldevos/Projects/MPSKit.jl/ld-envs/src/transfermatrix/transfer.jl","133","#transfer_right#319","/mnt/home/ldevos/.julia/packages/Strided/yVKLF/src/mapreduce.jl","200","_mapreduce_block!","Tuple{StridedViews.StridedView{Float64, 3, Memory{Float64}, typeof(identity)}, StridedViews.StridedView{Float64, 3, Memory{Float64}, typeof(identity)}}","32","4608","0.01"
"chemistry_like","DMRG2","both","environment transfers","/mnt/home/ldevos/Projects/MPSKit.jl/ld-envs/src/transfermatrix/transfer.jl","133","#transfer_right#319","/mnt/home/ldevos/.julia/packages/LRUCache/ZH7qB/src/LRUCache.jl","189","_unsafe_getindex","TensorKit.DegeneracyStructure{3}","191","4584","0.01"
"chemistry_like","DMRG2","both","environment transfers","/mnt/home/ldevos/Projects/MPSKit.jl/ld-envs/src/transfermatrix/transfer.jl","133","#transfer_right#319","/mnt/home/ldevos/.julia/packages/TensorKit/SLHMM/src/auxiliary/auxiliary.jl","110","taskforeach","InvalidStateException","141","4512","0.01"
"chemistry_like","DMRG2","both","environment transfers","/mnt/home/ldevos/Projects/MPSKit.jl/ld-envs/src/transfermatrix/transfer.jl","133","#transfer_right#319","/mnt/home/ldevos/.julia/packages/Strided/yVKLF/src/mapreduce.jl","200","_mapreduce_block!","Tuple{Int64, Int64}","137","4384","0.01"
"chemistry_like","DMRG2","both","operator preparation","/mnt/home/ldevos/Projects/MPSKit.jl/ld-envs/src/algorithms/derivatives/hamiltonian_derivatives.jl","669","_contract_O_GR","/mnt/home/ldevos/.julia/packages/Strided/yVKLF/src/mapreduce.jl","200","_mapreduce_block!","Tuple{StridedViews.StridedView{Float64, 5, Memory{Float64}, typeof(identity)}, StridedViews.StridedView{Float64, 5, Memory{Float64}, typeof(identity)}}","21","4368","0.01"
"chemistry_like","DMRG2","both","operator preparation","/mnt/home/ldevos/Projects/MPSKit.jl/ld-envs/src/algorithms/derivatives/hamiltonian_derivatives.jl","665","_contract_GL_O","/mnt/home/ldevos/.julia/packages/TensorKit/SLHMM/src/auxiliary/auxiliary.jl","110","taskforeach","ReentrantLock","68","4352","0.01"
"chemistry_like","DMRG2","both","operator preparation","/mnt/home/ldevos/Projects/MPSKit.jl/ld-envs/src/algorithms/derivatives/mpo_derivatives.jl","238","_fuse_env","/mnt/home/ldevos/.julia/packages/LRUCache/ZH7qB/src/LRUCache.jl","189","_unsafe_getindex","TensorKit.Hashed{TensorKit.TensorMapSpace{TensorKit.GradedSpace{TensorKitSectors.PlanarTrivial, Tuple{Int64}}, 3, 2}, typeof(TensorKit.sectorhash), typeof(TensorKit.sectorequal)}","45","4320","0.01"
"chemistry_like","DMRG2","both","environment transfers","/mnt/home/ldevos/Projects/MPSKit.jl/ld-envs/src/transfermatrix/transfer.jl","133","#transfer_right#319","/mnt/home/ldevos/.julia/packages/BlockTensorKit/Kw0jL/src/vectorspaces/sumspace.jl","112","dual","Profile.Allocs.BufferType","1","4304","0.01"
"chemistry_like","DMRG2","both","operator preparation","/mnt/home/ldevos/Projects/MPSKit.jl/ld-envs/src/algorithms/derivatives/hamiltonian_derivatives.jl","720","prepare_right_AC","/mnt/home/ldevos/.julia/packages/Strided/yVKLF/src/mapreduce.jl","200","_mapreduce_block!","Tuple{StridedViews.StridedView{Float64, 3, Memory{Float64}, typeof(identity)}, StridedViews.StridedView{Float64, 3, Memory{Float64}, typeof(identity)}}","29","4176","0.01"
"chemistry_like","DMRG2","both","operator preparation","/mnt/home/ldevos/Projects/MPSKit.jl/ld-envs/src/algorithms/derivatives/hamiltonian_derivatives.jl","684","left_AC_ingredients","/mnt/home/ldevos/.julia/packages/TensorKit/SLHMM/src/auxiliary/auxiliary.jl","110","taskforeach","Channel{Any}","43","4128","0.01"
"chemistry_like","DMRG2","both","environment transfers","/mnt/home/ldevos/Projects/MPSKit.jl/ld-envs/src/transfermatrix/transfer.jl","130","#transfer_left#318","/mnt/home/ldevos/.julia/packages/Strided/yVKLF/src/mapreduce.jl","200","_mapreduce_block!","Tuple{NTuple{4, Int64}, NTuple{4, Int64}}","50","4000","0.01"
"chemistry_like","DMRG2","both","operator preparation","/mnt/home/ldevos/Projects/MPSKit.jl/ld-envs/src/algorithms/derivatives/hamiltonian_derivatives.jl","764","prepare_right_AC2","/mnt/home/ldevos/.julia/packages/Strided/yVKLF/src/mapreduce.jl","200","_mapreduce_block!","Tuple{StridedViews.StridedView{Float64, 5, Memory{Float64}, typeof(identity)}, StridedViews.StridedView{Float64, 5, Memory{Float64}, typeof(identity)}}","19","3952","0.01"
"chemistry_like","DMRG2","both","environment transfers","/mnt/home/ldevos/Projects/MPSKit.jl/ld-envs/src/transfermatrix/transfer.jl","130","#transfer_left#318","/mnt/home/ldevos/.julia/packages/Strided/yVKLF/src/mapreduce.jl","200","_mapreduce_block!","NTuple{4, Int64}","81","3888","0.01"
"chemistry_like","DMRG2","both","environment transfers","/mnt/home/ldevos/Projects/MPSKit.jl/ld-envs/src/transfermatrix/transfer.jl","130","#transfer_left#318","/mnt/home/ldevos/.julia/packages/TensorKit/SLHMM/src/auxiliary/auxiliary.jl","110","taskforeach","ReentrantLock","60","3840","0.01"
"chemistry_like","DMRG2","both","operator preparation","/mnt/home/ldevos/Projects/MPSKit.jl/ld-envs/src/algorithms/derivatives/hamiltonian_derivatives.jl","732","prepare_left_AC2","/mnt/home/ldevos/.julia/packages/Strided/yVKLF/src/mapreduce.jl","200","_mapreduce_block!","Tuple{StridedViews.StridedView{Float64, 3, Memory{Float64}, typeof(identity)}, StridedViews.StridedView{Float64, 3, Memory{Float64}, typeof(identity)}}","26","3744","0.01"
"chemistry_like","DMRG2","both","operator preparation","/mnt/home/ldevos/Projects/MPSKit.jl/ld-envs/src/algorithms/derivatives/hamiltonian_derivatives.jl","703","#right_AC_ingredients#558","/mnt/home/ldevos/.julia/packages/TensorKit/SLHMM/src/tensors/tensor.jl","98","TensorMap","Memory{Float64}","34","3696","0.01"
"chemistry_like","DMRG2","both","environment transfers","/mnt/home/ldevos/Projects/MPSKit.jl/ld-envs/src/transfermatrix/transfer.jl","133","#transfer_right#319","/mnt/home/ldevos/.julia/packages/TensorOperations/i1lNc/src/implementation/allocator.jl","420","unsafe_buffer_wrap","Memory{Float64}","152","3648","0.01"
"chemistry_like","DMRG2","both","operator preparation","/mnt/home/ldevos/Projects/MPSKit.jl/ld-envs/src/algorithms/derivatives/mpo_derivatives.jl","238","_fuse_env","/mnt/home/ldevos/.julia/packages/LRUCache/ZH7qB/src/LRUCache.jl","110","_unsafe_haskey","TensorKit.Hashed{TensorKit.TensorMapSpace{TensorKit.GradedSpace{TensorKitSectors.PlanarTrivial, Tuple{Int64}}, 3, 2}, typeof(TensorKit.sectorhash), typeof(TensorKit.sectorequal)}","38","3648","0.01"
"chemistry_like","DMRG2","both","operator preparation","/mnt/home/ldevos/Projects/MPSKit.jl/ld-envs/src/algorithms/derivatives/hamiltonian_derivatives.jl","732","prepare_left_AC2","/mnt/home/ldevos/.julia/packages/TensorKit/SLHMM/src/auxiliary/auxiliary.jl","110","taskforeach","ReentrantLock","56","3584","0.01"
"chemistry_like","DMRG2","both","operator preparation","/mnt/home/ldevos/Projects/MPSKit.jl/ld-envs/src/algorithms/derivatives/hamiltonian_derivatives.jl","720","prepare_right_AC","/mnt/home/ldevos/.julia/packages/LRUCache/ZH7qB/src/LRUCache.jl","110","_unsafe_haskey","TensorKit.Hashed{TensorKit.TensorMapSpace{TensorKit.GradedSpace{TensorKitSectors.PlanarTrivial, Tuple{Int64}}, 2, 1}, typeof(TensorKit.sectorhash), typeof(TensorKit.sectorequal)}","56","3584","0.01"
"chemistry_like","DMRG2","both","environment transfers","/mnt/home/ldevos/Projects/MPSKit.jl/ld-envs/src/transfermatrix/transfer.jl","133","#transfer_right#319","/mnt/home/ldevos/.julia/packages/LRUCache/ZH7qB/src/LRUCache.jl","189","_unsafe_getindex","TensorKit.SectorStructure{TensorKitSectors.PlanarTrivial, Tuple{TensorKit.FusionTree{TensorKitSectors.PlanarTrivial, 2, 0, 1}, TensorKit.FusionTree{TensorKitSectors.PlanarTrivial, 2, 0, 1}}}","218","3488","0.01"
"chemistry_like","DMRG2","both","operator preparation","/mnt/home/ldevos/Projects/MPSKit.jl/ld-envs/src/algorithms/derivatives/hamiltonian_derivatives.jl","665","_contract_GL_O","/mnt/home/ldevos/.julia/packages/Strided/yVKLF/src/mapreduce.jl","200","_mapreduce_block!","StridedViews.StridedView{Float64, 5, Memory{Float64}, typeof(identity)}","30","3360","0.01"
"chemistry_like","DMRG2","both","environment transfers","/mnt/home/ldevos/Projects/MPSKit.jl/ld-envs/src/transfermatrix/transfer.jl","133","#transfer_right#319","/mnt/home/ldevos/.julia/packages/TensorOperations/i1lNc/src/implementation/allocator.jl","420","unsafe_buffer_wrap","Vector{Float64}","140","3360","0.01"
"chemistry_like","DMRG2","both","environment transfers","/mnt/home/ldevos/Projects/MPSKit.jl/ld-envs/src/transfermatrix/transfer.jl","130","#transfer_left#318","/mnt/home/ldevos/.julia/packages/Strided/yVKLF/src/mapreduce.jl","200","_mapreduce_block!","StridedViews.StridedView{Float64, 4, Memory{Float64}, typeof(identity)}","35","3360","0.01"
"chemistry_like","DMRG2","both","environment transfers","/mnt/home/ldevos/Projects/MPSKit.jl/ld-envs/src/transfermatrix/transfer.jl","130","#transfer_left#318","/mnt/home/ldevos/.julia/packages/Strided/yVKLF/src/mapreduce.jl","200","_mapreduce_block!","Tuple{StridedViews.StridedView{Float64, 3, Memory{Float64}, typeof(identity)}, StridedViews.StridedView{Float64, 3, Memory{Float64}, typeof(identity)}}","23","3312","0.01"
"chemistry_like","DMRG2","both","operator preparation","/mnt/home/ldevos/Projects/MPSKit.jl/ld-envs/src/algorithms/derivatives/hamiltonian_derivatives.jl","764","prepare_right_AC2","/mnt/home/ldevos/.julia/packages/TensorKit/SLHMM/src/tensors/tensor.jl","98","TensorMap","Memory{Float64}","21","3264","0.01"
"chemistry_like","DMRG2","both","operator preparation","/mnt/home/ldevos/Projects/MPSKit.jl/ld-envs/src/algorithms/derivatives/hamiltonian_derivatives.jl","720","prepare_right_AC","/mnt/home/ldevos/.julia/packages/LRUCache/ZH7qB/src/LRUCache.jl","189","_unsafe_getindex","TensorKit.Hashed{TensorKit.TensorMapSpace{TensorKit.GradedSpace{TensorKitSectors.PlanarTrivial, Tuple{Int64}}, 2, 1}, typeof(TensorKit.sectorhash), typeof(TensorKit.sectorequal)}","51","3264","0.01"
"chemistry_like","DMRG2","both","operator preparation","/mnt/home/ldevos/Projects/MPSKit.jl/ld-envs/src/algorithms/derivatives/hamiltonian_derivatives.jl","732","prepare_left_AC2","/mnt/home/ldevos/.julia/packages/Strided/yVKLF/src/mapreduce.jl","200","_mapreduce_block!","StridedViews.StridedView{Float64, 5, Memory{Float64}, typeof(identity)}","29","3248","0.01"
"chemistry_like","DMRG2","both","environment transfers","/mnt/home/ldevos/Projects/MPSKit.jl/ld-envs/src/transfermatrix/transfer.jl","133","#transfer_right#319","/mnt/home/ldevos/.julia/packages/TensorKit/SLHMM/src/tensors/tensor.jl","98","TensorMap","Memory{Float64}","66","3168","0.01"
"chemistry_like","DMRG2","both","operator preparation","/mnt/home/ldevos/Projects/MPSKit.jl/ld-envs/src/algorithms/derivatives/hamiltonian_derivatives.jl","727","prepare_left_AC2","/mnt/home/ldevos/.julia/packages/TensorKit/SLHMM/src/tensors/tensor.jl","98","TensorMap","Memory{Float64}","17","3168","0.01"
"chemistry_like","DMRG2","both","operator preparation","/mnt/home/ldevos/Projects/MPSKit.jl/ld-envs/src/algorithms/derivatives/hamiltonian_derivatives.jl","665","_contract_GL_O","/mnt/home/ldevos/.julia/packages/TensorKit/SLHMM/src/tensors/indexmanipulations.jl","660","add_transform_kernel!","TensorKit.var""#add_transform_kernel!##0#add_transform_kernel!##1""{TensorKit.StridedSubblocks{Memory{Float64}, 5}, TensorKit.StridedSubblocks{Memory{Float64}, 5}, Tuple{NTuple{5, Int64}, Tuple{}}, Bool, VectorInterface.One, VectorInterface.Zero, TensorOperations.DefaultBackend, TensorOperations.BufferAllocator{Memory{UInt8}}}","33","3168","0.01"
"chemistry_like","DMRG2","both","environment transfers","/mnt/home/ldevos/Projects/MPSKit.jl/ld-envs/src/transfermatrix/transfer.jl","130","#transfer_left#318","/mnt/home/ldevos/.julia/packages/LRUCache/ZH7qB/src/LRUCache.jl","189","_unsafe_getindex","TensorKit.DegeneracyStructure{3}","131","3144","0.01"
"chemistry_like","DMRG2","both","operator preparation","/mnt/home/ldevos/Projects/MPSKit.jl/ld-envs/src/algorithms/derivatives/hamiltonian_derivatives.jl","684","left_AC_ingredients","/mnt/home/ldevos/.julia/packages/TensorKit/SLHMM/src/auxiliary/auxiliary.jl","110","taskforeach","Base.IntrusiveLinkedList{Task}","98","3136","0.01"
"chemistry_like","DMRG2","both","operator preparation","/mnt/home/ldevos/Projects/MPSKit.jl/ld-envs/src/algorithms/derivatives/hamiltonian_derivatives.jl","665","_contract_GL_O","/mnt/home/ldevos/.julia/packages/TensorOperations/i1lNc/src/implementation/allocator.jl","453","tensoralloc","Memory{Float64}","25","3120","0.01"
"chemistry_like","DMRG2","both","operator preparation","/mnt/home/ldevos/Projects/MPSKit.jl/ld-envs/src/algorithms/derivatives/hamiltonian_derivatives.jl","669","_contract_O_GR","/mnt/home/ldevos/.julia/packages/Strided/yVKLF/src/mapreduce.jl","200","_mapreduce_block!","NTuple{4, Int64}","64","3072","0.01"
"chemistry_like","DMRG2","both","operator preparation","/mnt/home/ldevos/Projects/MPSKit.jl/ld-envs/src/algorithms/derivatives/hamiltonian_derivatives.jl","669","_contract_O_GR","/mnt/home/ldevos/.julia/packages/LRUCache/ZH7qB/src/LRUCache.jl","110","_unsafe_haskey","TensorKit.Hashed{TensorKit.TensorMapSpace{TensorKit.GradedSpace{TensorKitSectors.PlanarTrivial, Tuple{Int64}}, 1, 2}, typeof(TensorKit.sectorhash), typeof(TensorKit.sectorequal)}","48","3072","0.01"
"chemistry_like","DMRG2","both","operator preparation","/mnt/home/ldevos/Projects/MPSKit.jl/ld-envs/src/algorithms/derivatives/hamiltonian_derivatives.jl","669","_contract_O_GR","/mnt/home/ldevos/.julia/packages/BlockTensorKit/Kw0jL/src/vectorspaces/sumspace.jl","112","dual","Profile.Allocs.BufferType","1","3072","0.01"
"chemistry_like","DMRG2","both","operator preparation","/mnt/home/ldevos/Projects/MPSKit.jl/ld-envs/src/algorithms/derivatives/hamiltonian_derivatives.jl","706","#right_AC_ingredients#558","/mnt/home/ldevos/.julia/packages/TensorKit/SLHMM/src/auxiliary/auxiliary.jl","110","taskforeach","Channel{Any}","32","3072","0.01"
"chemistry_like","DMRG2","both","operator preparation","/mnt/home/ldevos/Projects/MPSKit.jl/ld-envs/src/algorithms/derivatives/hamiltonian_derivatives.jl","706","#right_AC_ingredients#558","/mnt/home/ldevos/.julia/packages/TensorKit/SLHMM/src/tensors/indexmanipulations.jl","660","add_transform_kernel!","TensorKit.var""#add_transform_kernel!##0#add_transform_kernel!##1""{TensorKit.StridedSubblocks{Memory{Float64}, 3}, TensorKit.StridedSubblocks{Memory{Float64}, 3}, Tuple{Tuple{Int64, Int64, Int64}, Tuple{}}, Bool, VectorInterface.One, VectorInterface.Zero, TensorOperations.DefaultBackend, TensorOperations.BufferAllocator{Memory{UInt8}}}","38","3040","0.01"
"chemistry_like","DMRG2","both","operator preparation","/mnt/home/ldevos/Projects/MPSKit.jl/ld-envs/src/algorithms/derivatives/hamiltonian_derivatives.jl","669","_contract_O_GR","/mnt/home/ldevos/.julia/packages/TensorKit/SLHMM/src/tensors/indexmanipulations.jl","660","add_transform_kernel!","TensorKit.var""#add_transform_kernel!##0#add_transform_kernel!##1""{TensorKit.StridedSubblocks{Memory{Float64}, 3}, TensorKit.StridedSubblocks{Memory{Float64}, 3}, Tuple{Tuple{Int64, Int64, Int64}, Tuple{}}, Bool, VectorInterface.One, VectorInterface.Zero, TensorOperations.DefaultBackend, TensorOperations.BufferAllocator{Memory{UInt8}}}","38","3040","0.01"
"chemistry_like","DMRG2","both","operator preparation","/mnt/home/ldevos/Projects/MPSKit.jl/ld-envs/src/algorithms/derivatives/hamiltonian_derivatives.jl","665","_contract_GL_O","/mnt/home/ldevos/.julia/packages/Strided/yVKLF/src/mapreduce.jl","200","_mapreduce_block!","Tuple{StridedViews.StridedView{Float64, 3, Memory{Float64}, typeof(identity)}, StridedViews.StridedView{Float64, 3, Memory{Float64}, typeof(identity)}}","21","3024","0.01"
"chemistry_like","DMRG2","both","operator preparation","/mnt/home/ldevos/Projects/MPSKit.jl/ld-envs/src/algorithms/derivatives/hamiltonian_derivatives.jl","669","_contract_O_GR","/mnt/home/ldevos/.julia/packages/TensorKit/SLHMM/src/auxiliary/auxiliary.jl","110","taskforeach","Vector{Any}","93","2976","0.01"
"chemistry_like","DMRG2","both","operator preparation","/mnt/home/ldevos/Projects/MPSKit.jl/ld-envs/src/algorithms/derivatives/hamiltonian_derivatives.jl","665","_contract_GL_O","/mnt/home/ldevos/.julia/packages/Strided/yVKLF/src/mapreduce.jl","200","_mapreduce_block!","StridedViews.StridedView{Float64, 4, Memory{Float64}, typeof(identity)}","31","2976","0.01"
"chemistry_like","DMRG2","both","environment transfers","/mnt/home/ldevos/Projects/MPSKit.jl/ld-envs/src/transfermatrix/transfer.jl","130","#transfer_left#318","/mnt/home/ldevos/.julia/packages/TensorKit/SLHMM/src/tensors/indexmanipulations.jl","660","add_transform_kernel!","TensorKit.var""#add_transform_kernel!##0#add_transform_kernel!##1""{TensorKit.StridedSubblocks{Memory{Float64}, 4}, TensorKit.StridedSubblocks{Memory{Float64}, 4}, Tuple{NTuple{4, Int64}, Tuple{}}, Bool, VectorInterface.One, VectorInterface.Zero, TensorOperations.DefaultBackend, TensorOperations.BufferAllocator{Memory{UInt8}}}","31","2976","0.01"
"chemistry_like","DMRG2","both","environment transfers","/mnt/home/ldevos/Projects/MPSKit.jl/ld-envs/src/transfermatrix/transfer.jl","130","#transfer_left#318","/mnt/home/ldevos/.julia/packages/TensorOperations/i1lNc/src/implementation/allocator.jl","453","tensoralloc","Memory{Float64}","20","2952","0.01"
"chemistry_like","DMRG2","both","operator preparation","/mnt/home/ldevos/Projects/MPSKit.jl/ld-envs/src/algorithms/derivatives/hamiltonian_derivatives.jl","669","_contract_O_GR","/mnt/home/ldevos/.julia/packages/LRUCache/ZH7qB/src/LRUCache.jl","189","_unsafe_getindex","TensorKit.Hashed{TensorKit.TensorMapSpace{TensorKit.GradedSpace{TensorKitSectors.PlanarTrivial, Tuple{Int64}}, 1, 2}, typeof(TensorKit.sectorhash), typeof(TensorKit.sectorequal)}","46","2944","0.01"
"chemistry_like","DMRG2","both","operator preparation","/mnt/home/ldevos/Projects/MPSKit.jl/ld-envs/src/algorithms/derivatives/hamiltonian_derivatives.jl","669","_contract_O_GR","/mnt/home/ldevos/.julia/packages/TensorKit/SLHMM/src/tensors/indexmanipulations.jl","660","add_transform_kernel!","TensorKit.var""#add_transform_kernel!##0#add_transform_kernel!##1""{TensorKit.StridedSubblocks{Memory{Float64}, 5}, TensorKit.StridedSubblocks{Memory{Float64}, 5}, Tuple{NTuple{5, Int64}, Tuple{}}, Bool, VectorInterface.One, VectorInterface.Zero, TensorOperations.DefaultBackend, TensorOperations.BufferAllocator{Memory{UInt8}}}","30","2880","0.01"
"chemistry_like","DMRG2","both","operator preparation","/mnt/home/ldevos/Projects/MPSKit.jl/ld-envs/src/algorithms/derivatives/hamiltonian_derivatives.jl","732","prepare_left_AC2","/mnt/home/ldevos/.julia/packages/Strided/yVKLF/src/mapreduce.jl","200","_mapreduce_block!","NTuple{5, Int64}","60","2880","0.01"
"chemistry_like","DMRG2","both","operator preparation","/mnt/home/ldevos/Projects/MPSKit.jl/ld-envs/src/algorithms/derivatives/hamiltonian_derivatives.jl","665","_contract_GL_O","/mnt/home/ldevos/.julia/packages/Strided/yVKLF/src/mapreduce.jl","200","_mapreduce_block!","Tuple{Int64, Int64}","89","2848","0.01"
"chemistry_like","DMRG2","both","operator preparation","/mnt/home/ldevos/Projects/MPSKit.jl/ld-envs/src/algorithms/derivatives/hamiltonian_derivatives.jl","764","prepare_right_AC2","/mnt/home/ldevos/.julia/packages/BlockTensorKit/Kw0jL/src/auxiliary/sparsetensorarray.jl","87","setindex!","Memory{TensorKit.TensorMap{Float64, TensorKit.GradedSpace{TensorKitSectors.PlanarTrivial, Tuple{Int64}}, 1, 4, Vector{Float64}}}","2","2848","0.01"
"chemistry_like","DMRG2","both","operator preparation","/mnt/home/ldevos/Projects/MPSKit.jl/ld-envs/src/algorithms/derivatives/hamiltonian_derivatives.jl","751","prepare_left_AC2","/mnt/home/ldevos/.julia/packages/BlockTensorKit/Kw0jL/src/auxiliary/sparsetensorarray.jl","87","setindex!","Memory{TensorKit.TensorMap{Float64, TensorKit.GradedSpace{TensorKitSectors.PlanarTrivial, Tuple{Int64}}, 3, 2, Vector{Float64}}}","2","2848","0.01"
"chemistry_like","DMRG2","both","operator preparation","/mnt/home/ldevos/Projects/MPSKit.jl/ld-envs/src/algorithms/derivatives/hamiltonian_derivatives.jl","720","prepare_right_AC","/mnt/home/ldevos/.julia/packages/Strided/yVKLF/src/mapreduce.jl","200","_mapreduce_block!","StridedViews.StridedView{Float64, 3, Memory{Float64}, typeof(identity)}","35","2800","0.01"
"chemistry_like","DMRG2","both","operator preparation","/mnt/home/ldevos/Projects/MPSKit.jl/ld-envs/src/algorithms/derivatives/hamiltonian_derivatives.jl","684","left_AC_ingredients","/mnt/home/ldevos/.julia/packages/Strided/yVKLF/src/mapreduce.jl","200","_mapreduce_block!","StridedViews.StridedView{Float64, 3, Memory{Float64}, typeof(identity)}","35","2800","0.01"
"chemistry_like","DMRG2","both","operator preparation","/mnt/home/ldevos/Projects/MPSKit.jl/ld-envs/src/algorithms/derivatives/hamiltonian_derivatives.jl","684","left_AC_ingredients","/mnt/home/ldevos/.julia/packages/TensorKit/SLHMM/src/auxiliary/auxiliary.jl","110","taskforeach","ReentrantLock","43","2752","0.01"
"chemistry_like","DMRG2","both","operator preparation","/mnt/home/ldevos/Projects/MPSKit.jl/ld-envs/src/algorithms/derivatives/hamiltonian_derivatives.jl","684","left_AC_ingredients","/mnt/home/ldevos/.julia/packages/Strided/yVKLF/src/mapreduce.jl","200","_mapreduce_block!","Tuple{Tuple{Int64, Int64, Int64}, Tuple{Int64, Int64, Int64}}","43","2752","0.01"
"chemistry_like","DMRG2","both","environment transfers","/mnt/home/ldevos/Projects/MPSKit.jl/ld-envs/src/transfermatrix/transfer.jl","133","#transfer_right#319","/mnt/home/ldevos/.julia/packages/LRUCache/ZH7qB/src/LRUCache.jl","189","_unsafe_getindex","TensorKit.UniqueTreeTransformer{Int64, 4}","113","2712","0.01"
"chemistry_like","DMRG2","both","operator preparation","/mnt/home/ldevos/Projects/MPSKit.jl/ld-envs/src/algorithms/derivatives/hamiltonian_derivatives.jl","764","prepare_right_AC2","/mnt/home/ldevos/.julia/packages/TensorKit/SLHMM/src/auxiliary/auxiliary.jl","110","taskforeach","Channel{Any}","28","2688","0.01"
"chemistry_like","DMRG2","both","operator preparation","/mnt/home/ldevos/Projects/MPSKit.jl/ld-envs/src/algorithms/derivatives/hamiltonian_derivatives.jl","665","_contract_GL_O","/mnt/home/ldevos/.julia/packages/Strided/yVKLF/src/mapreduce.jl","200","_mapreduce_block!","Tuple{NTuple{5, Int64}, NTuple{5, Int64}}","28","2688","0.01"
"chemistry_like","DMRG2","both","operator preparation","/mnt/home/ldevos/Projects/MPSKit.jl/ld-envs/src/algorithms/derivatives/hamiltonian_derivatives.jl","665","_contract_GL_O","/mnt/home/ldevos/.julia/packages/Strided/yVKLF/src/mapreduce.jl","200","_mapreduce_block!","Tuple{NTuple{4, Int64}, NTuple{4, Int64}}","33","2640","0.01"
"chemistry_like","DMRG2","both","operator preparation","/mnt/home/ldevos/Projects/MPSKit.jl/ld-envs/src/algorithms/derivatives/hamiltonian_derivatives.jl","665","_contract_GL_O","/mnt/home/ldevos/.julia/packages/LRUCache/ZH7qB/src/LRUCache.jl","110","_unsafe_haskey","TensorKit.Hashed{TensorKit.TensorMapSpace{TensorKit.GradedSpace{TensorKitSectors.PlanarTrivial, Tuple{Int64}}, 2, 3}, typeof(TensorKit.sectorhash), typeof(TensorKit.sectorequal)}","27","2592","0.01"
"chemistry_like","DMRG2","both","operator preparation","/mnt/home/ldevos/Projects/MPSKit.jl/ld-envs/src/algorithms/derivatives/hamiltonian_derivatives.jl","669","_contract_O_GR","/mnt/home/ldevos/.julia/packages/Strided/yVKLF/src/mapreduce.jl","200","_mapreduce_block!","NTuple{5, Int64}","54","2592","0.01"
"chemistry_like","DMRG2","both","operator preparation","/mnt/home/ldevos/Projects/MPSKit.jl/ld-envs/src/algorithms/derivatives/hamiltonian_derivatives.jl","665","_contract_GL_O","/mnt/home/ldevos/.julia/packages/TensorKit/SLHMM/src/auxiliary/auxiliary.jl","110","taskforeach","InvalidStateException","81","2592","0.01"
"chemistry_like","DMRG2","both","operator preparation","/mnt/home/ldevos/Projects/MPSKit.jl/ld-envs/src/algorithms/derivatives/hamiltonian_derivatives.jl","669","_contract_O_GR","/mnt/home/ldevos/.julia/packages/Strided/yVKLF/src/mapreduce.jl","200","_mapreduce_block!","StridedViews.StridedView{Float64, 4, Memory{Float64}, typeof(identity)}","27","2592","0.01"
"chemistry_like","DMRG2","both","operator preparation","/mnt/home/ldevos/Projects/MPSKit.jl/ld-envs/src/algorithms/derivatives/hamiltonian_derivatives.jl","665","_contract_GL_O","/mnt/home/ldevos/.julia/packages/Strided/yVKLF/src/mapreduce.jl","200","_mapreduce_block!","NTuple{4, Int64}","54","2592","0.01"
"chemistry_like","DMRG2","both","operator preparation","/mnt/home/ldevos/Projects/MPSKit.jl/ld-envs/src/algorithms/derivatives/hamiltonian_derivatives.jl","665","_contract_GL_O","/mnt/home/ldevos/.julia/packages/Strided/yVKLF/src/mapreduce.jl","200","_mapreduce_block!","NTuple{5, Int64}","52","2496","0.01"
"chemistry_like","DMRG2","both","operator preparation","/mnt/home/ldevos/Projects/MPSKit.jl/ld-envs/src/algorithms/derivatives/hamiltonian_derivatives.jl","669","_contract_O_GR","/mnt/home/ldevos/.julia/packages/Strided/yVKLF/src/mapreduce.jl","200","_mapreduce_block!","Tuple{Int64, Int64}","78","2496","0.01"
"chemistry_like","DMRG2","both","operator preparation","/mnt/home/ldevos/Projects/MPSKit.jl/ld-envs/src/algorithms/derivatives/hamiltonian_derivatives.jl","665","_contract_GL_O","/mnt/home/ldevos/.julia/packages/TensorKit/SLHMM/src/tensors/indexmanipulations.jl","660","add_transform_kernel!","TensorKit.var""#add_transform_kernel!##0#add_transform_kernel!##1""{TensorKit.StridedSubblocks{Memory{Float64}, 4}, TensorKit.StridedSubblocks{Memory{Float64}, 4}, Tuple{NTuple{4, Int64}, Tuple{}}, Bool, VectorInterface.One, VectorInterface.One, TensorOperations.DefaultBackend, TensorOperations.BufferAllocator{Memory{UInt8}}}","26","2496","0.01"
"chemistry_like","DMRG2","both","operator preparation","/mnt/home/ldevos/Projects/MPSKit.jl/ld-envs/src/algorithms/derivatives/hamiltonian_derivatives.jl","669","_contract_O_GR","/mnt/home/ldevos/.julia/packages/Strided/yVKLF/src/mapreduce.jl","200","_mapreduce_block!","StridedViews.StridedView{Float64, 3, Memory{Float64}, typeof(identity)}","31","2480","0.01"
"chemistry_like","DMRG2","both","operator preparation","/mnt/home/ldevos/Projects/MPSKit.jl/ld-envs/src/algorithms/derivatives/hamiltonian_derivatives.jl","706","#right_AC_ingredients#558","/mnt/home/ldevos/.julia/packages/TensorKit/SLHMM/src/auxiliary/auxiliary.jl","110","taskforeach","Base.IntrusiveLinkedList{Task}","75","2400","0.01"
"chemistry_like","DMRG2","both","operator preparation","/mnt/home/ldevos/Projects/MPSKit.jl/ld-envs/src/algorithms/derivatives/hamiltonian_derivatives.jl","665","_contract_GL_O","/mnt/home/ldevos/.julia/packages/TensorKit/SLHMM/src/tensors/indexmanipulations.jl","660","add_transform_kernel!","TensorKit.var""#add_transform_kernel!##0#add_transform_kernel!##1""{TensorKit.StridedSubblocks{Memory{Float64}, 3}, TensorKit.StridedSubblocks{Memory{Float64}, 3}, Tuple{Tuple{Int64, Int64, Int64}, Tuple{}}, Bool, VectorInterface.One, VectorInterface.Zero, TensorOperations.DefaultBackend, TensorOperations.BufferAllocator{Memory{UInt8}}}","30","2400","0.01"
"chemistry_like","DMRG2","both","operator preparation","/mnt/home/ldevos/Projects/MPSKit.jl/ld-envs/src/algorithms/derivatives/hamiltonian_derivatives.jl","665","_contract_GL_O","/mnt/home/ldevos/.julia/packages/LRUCache/ZH7qB/src/LRUCache.jl","189","_unsafe_getindex","TensorKit.Hashed{TensorKit.TensorMapSpace{TensorKit.GradedSpace{TensorKitSectors.PlanarTrivial, Tuple{Int64}}, 2, 3}, typeof(TensorKit.sectorhash), typeof(TensorKit.sectorequal)}","25","2400","0.01"
"chemistry_like","DMRG2","both","operator preparation","/mnt/home/ldevos/Projects/MPSKit.jl/ld-envs/src/algorithms/derivatives/hamiltonian_derivatives.jl","732","prepare_left_AC2","/mnt/home/ldevos/.julia/packages/Strided/yVKLF/src/mapreduce.jl","200","_mapreduce_block!","Tuple{NTuple{5, Int64}, NTuple{5, Int64}}","25","2400","0.01"
"chemistry_like","DMRG2","both","operator preparation","/mnt/home/ldevos/Projects/MPSKit.jl/ld-envs/src/algorithms/derivatives/hamiltonian_derivatives.jl","669","_contract_O_GR","/mnt/home/ldevos/.julia/packages/LRUCache/ZH7qB/src/LRUCache.jl","110","_unsafe_haskey","TensorKit.Hashed{TensorKit.TensorMapSpace{TensorKit.GradedSpace{TensorKitSectors.PlanarTrivial, Tuple{Int64}}, 3, 1}, typeof(TensorKit.sectorhash), typeof(TensorKit.sectorequal)}","30","2400","0.01"
"chemistry_like","DMRG2","both","operator preparation","/mnt/home/ldevos/Projects/MPSKit.jl/ld-envs/src/algorithms/derivatives/hamiltonian_derivatives.jl","732","prepare_left_AC2","/mnt/home/ldevos/.julia/packages/TensorKit/SLHMM/src/tensors/indexmanipulations.jl","660","add_transform_kernel!","TensorKit.var""#add_transform_kernel!##0#add_transform_kernel!##1""{TensorKit.StridedSubblocks{Memory{Float64}, 5}, TensorKit.StridedSubblocks{Memory{Float64}, 5}, Tuple{NTuple{5, Int64}, Tuple{}}, Bool, VectorInterface.One, VectorInterface.One, TensorOperations.DefaultBackend, TensorOperations.BufferAllocator{Memory{UInt8}}}","25","2400","0.01"
"chemistry_like","DMRG2","both","operator preparation","/mnt/home/ldevos/Projects/MPSKit.jl/ld-envs/src/algorithms/derivatives/hamiltonian_derivatives.jl","665","_contract_GL_O","/mnt/home/ldevos/.julia/packages/LRUCache/ZH7qB/src/LRUCache.jl","110","_unsafe_haskey","TensorKit.Hashed{TensorKit.TensorMapSpace{TensorKit.GradedSpace{TensorKitSectors.PlanarTrivial, Tuple{Int64}}, 2, 1}, typeof(TensorKit.sectorhash), typeof(TensorKit.sectorequal)}","37","2368","0.01"
"chemistry_like","DMRG2","both","operator preparation","/mnt/home/ldevos/Projects/MPSKit.jl/ld-envs/src/algorithms/derivatives/hamiltonian_derivatives.jl","764","prepare_right_AC2","/mnt/home/ldevos/.julia/packages/Strided/yVKLF/src/mapreduce.jl","200","_mapreduce_block!","StridedViews.StridedView{Float64, 5, Memory{Float64}, typeof(identity)}","21","2352","0.01"
"chemistry_like","DMRG2","both","operator preparation","/mnt/home/ldevos/Projects/MPSKit.jl/ld-envs/src/algorithms/derivatives/hamiltonian_derivatives.jl","669","_contract_O_GR","/mnt/home/ldevos/.julia/packages/Strided/yVKLF/src/mapreduce.jl","200","_mapreduce_block!","StridedViews.StridedView{Float64, 5, Memory{Float64}, typeof(identity)}","21","2352","0.01"
"chemistry_like","DMRG2","both","environment transfers","/mnt/home/ldevos/Projects/MPSKit.jl/ld-envs/src/transfermatrix/transfer.jl","130","#transfer_left#318","/mnt/home/ldevos/.julia/packages/TensorOperations/i1lNc/src/implementation/allocator.jl","420","unsafe_buffer_wrap","Memory{Float64}","98","2352","0.01"
"chemistry_like","DMRG2","both","operator preparation","/mnt/home/ldevos/Projects/MPSKit.jl/ld-envs/src/algorithms/derivatives/hamiltonian_derivatives.jl","732","prepare_left_AC2","/mnt/home/ldevos/.julia/packages/Strided/yVKLF/src/mapreduce.jl","200","_mapreduce_block!","StridedViews.StridedView{Float64, 3, Memory{Float64}, typeof(identity)}","29","2320","0.01"
"chemistry_like","DMRG2","both","operator preparation","/mnt/home/ldevos/Projects/MPSKit.jl/ld-envs/src/algorithms/derivatives/hamiltonian_derivatives.jl","764","prepare_right_AC2","/mnt/home/ldevos/.julia/packages/TensorKit/SLHMM/src/auxiliary/auxiliary.jl","110","taskforeach","Base.IntrusiveLinkedList{Task}","72","2304","0.01"
"chemistry_like","DMRG2","both","operator preparation","/mnt/home/ldevos/Projects/MPSKit.jl/ld-envs/src/algorithms/derivatives/hamiltonian_derivatives.jl","764","prepare_right_AC2","/mnt/home/ldevos/.julia/packages/TensorKit/SLHMM/src/tensors/indexmanipulations.jl","660","add_transform_kernel!","TensorKit.var""#add_transform_kernel!##0#add_transform_kernel!##1""{TensorKit.StridedSubblocks{Memory{Float64}, 5}, TensorKit.StridedSubblocks{Memory{Float64}, 5}, Tuple{NTuple{5, Int64}, Tuple{}}, Bool, VectorInterface.One, VectorInterface.One, TensorOperations.DefaultBackend, TensorOperations.BufferAllocator{Memory{UInt8}}}","24","2304","0.01"
"chemistry_like","DMRG2","both","environment transfers","/mnt/home/ldevos/Projects/MPSKit.jl/ld-envs/src/transfermatrix/transfer.jl","130","#transfer_left#318","/mnt/home/ldevos/.julia/packages/TensorOperations/i1lNc/src/implementation/allocator.jl","420","unsafe_buffer_wrap","Vector{Float64}","95","2280","0.01"
"chemistry_like","DMRG2","both","operator preparation","/mnt/home/ldevos/Projects/MPSKit.jl/ld-envs/src/algorithms/derivatives/hamiltonian_derivatives.jl","684","left_AC_ingredients","/mnt/home/ldevos/.julia/packages/Strided/yVKLF/src/mapreduce.jl","200","_mapreduce_block!","Tuple{Int64, Int64, Int64}","71","2272","0.01"
"chemistry_like","DMRG2","both","environment transfers","/mnt/home/ldevos/Projects/MPSKit.jl/ld-envs/src/transfermatrix/transfer.jl","133","#transfer_right#319","/mnt/home/ldevos/.julia/packages/TensorKit/SLHMM/src/tensors/indexmanipulations.jl","660","add_transform_kernel!","TensorKit.var""#add_transform_kernel!##0#add_transform_kernel!##1""{TensorKit.StridedSubblocks{Memory{Float64}, 3}, TensorKit.StridedSubblocks{Memory{Float64}, 3}, Tuple{Tuple{Int64, Int64, Int64}, Tuple{}}, Bool, VectorInterface.One, VectorInterface.Zero, TensorOperations.DefaultBackend, TensorOperations.BufferAllocator{Memory{UInt8}}}","28","2240","0.01"
"chemistry_like","DMRG2","both","operator preparation","/mnt/home/ldevos/Projects/MPSKit.jl/ld-envs/src/algorithms/derivatives/hamiltonian_derivatives.jl","732","prepare_left_AC2","/mnt/home/ldevos/.julia/packages/LRUCache/ZH7qB/src/LRUCache.jl","189","_unsafe_getindex","TensorKit.Hashed{TensorKit.TensorMapSpace{TensorKit.GradedSpace{TensorKitSectors.PlanarTrivial, Tuple{Int64}}, 4, 1}, typeof(TensorKit.sectorhash), typeof(TensorKit.sectorequal)}","23","2208","0.01"
"chemistry_like","DMRG2","both","operator preparation","/mnt/home/ldevos/Projects/MPSKit.jl/ld-envs/src/algorithms/derivatives/mpo_derivatives.jl","238","_fuse_env","/mnt/home/ldevos/.julia/packages/Strided/yVKLF/src/mapreduce.jl","200","_mapreduce_block!","Tuple{Int64, Int64}","69","2208","0.01"
"chemistry_like","DMRG2","both","environment transfers","/mnt/home/ldevos/Projects/MPSKit.jl/ld-envs/src/transfermatrix/transfer.jl","130","#transfer_left#318","/mnt/home/ldevos/.julia/packages/LRUCache/ZH7qB/src/LRUCache.jl","189","_unsafe_getindex","TensorKit.SectorStructure{TensorKitSectors.PlanarTrivial, Tuple{TensorKit.FusionTree{TensorKitSectors.PlanarTrivial, 2, 0, 1}, TensorKit.FusionTree{TensorKitSectors.PlanarTrivial, 2, 0, 1}}}","138","2208","0.01"
"chemistry_like","DMRG2","both","operator preparation","/mnt/home/ldevos/Projects/MPSKit.jl/ld-envs/src/algorithms/derivatives/hamiltonian_derivatives.jl","764","prepare_right_AC2","/mnt/home/ldevos/.julia/packages/Strided/yVKLF/src/mapreduce.jl","200","_mapreduce_block!","Tuple{NTuple{5, Int64}, NTuple{5, Int64}}","23","2208","0.01"
"chemistry_like","DMRG2","both","eigensolve","/mnt/home/ldevos/Projects/MPSKit.jl/ld-envs/src/algorithms/fixedpoint.jl","16","fixedpoint","/mnt/home/ldevos/.julia/packages/KrylovKit/bEE7W/src/dense/linalg.jl","452","stegr!","Memory{Int64}","2","2192","0.01"
"chemistry_like","DMRG2","both","operator preparation","/mnt/home/ldevos/Projects/MPSKit.jl/ld-envs/src/algorithms/derivatives/hamiltonian_derivatives.jl","669","_contract_O_GR","/mnt/home/ldevos/.julia/packages/TensorKit/SLHMM/src/auxiliary/auxiliary.jl","110","taskforeach","InvalidStateException","68","2176","0.01"
"chemistry_like","DMRG2","both","operator preparation","/mnt/home/ldevos/Projects/MPSKit.jl/ld-envs/src/algorithms/derivatives/hamiltonian_derivatives.jl","669","_contract_O_GR","/mnt/home/ldevos/.julia/packages/LRUCache/ZH7qB/src/LRUCache.jl","189","_unsafe_getindex","TensorKit.Hashed{TensorKit.TensorMapSpace{TensorKit.GradedSpace{TensorKitSectors.PlanarTrivial, Tuple{Int64}}, 3, 1}, typeof(TensorKit.sectorhash), typeof(TensorKit.sectorequal)}","27","2160","0.01"
"chemistry_like","DMRG2","both","environment transfers","/mnt/home/ldevos/Projects/MPSKit.jl/ld-envs/src/transfermatrix/transfer.jl","133","#transfer_right#319","/mnt/home/ldevos/.julia/packages/TensorKit/SLHMM/src/auxiliary/auxiliary.jl","109","taskforeach","Base.Threads.Atomic{Int64}","134","2144","0.01"
"chemistry_like","DMRG2","both","operator preparation","/mnt/home/ldevos/Projects/MPSKit.jl/ld-envs/src/algorithms/derivatives/hamiltonian_derivatives.jl","751","prepare_left_AC2","/mnt/home/ldevos/.julia/packages/BlockTensorKit/Kw0jL/src/auxiliary/sliceindices.jl","19","_invert_index","Profile.Allocs.BufferType","1","2144","0.01"
"chemistry_like","DMRG2","both","operator preparation","/mnt/home/ldevos/Projects/MPSKit.jl/ld-envs/src/algorithms/derivatives/hamiltonian_derivatives.jl","732","prepare_left_AC2","/mnt/home/ldevos/.julia/packages/LRUCache/ZH7qB/src/LRUCache.jl","110","_unsafe_haskey","TensorKit.Hashed{TensorKit.TensorMapSpace{TensorKit.GradedSpace{TensorKitSectors.PlanarTrivial, Tuple{Int64}}, 4, 2}, typeof(TensorKit.sectorhash), typeof(TensorKit.sectorequal)}","19","2128","0.01"
"chemistry_like","DMRG2","both","operator preparation","/mnt/home/ldevos/Projects/MPSKit.jl/ld-envs/src/algorithms/derivatives/hamiltonian_derivatives.jl","669","_contract_O_GR","/mnt/home/ldevos/.julia/packages/TensorKit/SLHMM/src/tensors/indexmanipulations.jl","660","add_transform_kernel!","TensorKit.var""#add_transform_kernel!##0#add_transform_kernel!##1""{TensorKit.StridedSubblocks{Memory{Float64}, 4}, TensorKit.StridedSubblocks{Memory{Float64}, 4}, Tuple{NTuple{4, Int64}, Tuple{}}, Bool, VectorInterface.One, VectorInterface.One, TensorOperations.DefaultBackend, TensorOperations.BufferAllocator{Memory{UInt8}}}","22","2112","0.01"
"chemistry_like","DMRG2","both","operator preparation","/mnt/home/ldevos/Projects/MPSKit.jl/ld-envs/src/algorithms/derivatives/hamiltonian_derivatives.jl","669","_contract_O_GR","/mnt/home/ldevos/.julia/packages/LRUCache/ZH7qB/src/LRUCache.jl","189","_unsafe_getindex","TensorKit.Hashed{TensorKit.TensorMapSpace{TensorKit.GradedSpace{TensorKitSectors.PlanarTrivial, Tuple{Int64}}, 3, 2}, typeof(TensorKit.sectorhash), typeof(TensorKit.sectorequal)}","22","2112","0.01"
"chemistry_like","DMRG2","both","operator preparation","/mnt/home/ldevos/Projects/MPSKit.jl/ld-envs/src/algorithms/derivatives/hamiltonian_derivatives.jl","665","_contract_GL_O","/mnt/home/ldevos/.julia/packages/LRUCache/ZH7qB/src/LRUCache.jl","189","_unsafe_getindex","TensorKit.Hashed{TensorKit.TensorMapSpace{TensorKit.GradedSpace{TensorKitSectors.PlanarTrivial, Tuple{Int64}}, 1, 3}, typeof(TensorKit.sectorhash), typeof(TensorKit.sectorequal)}","26","2080","0.01"
"chemistry_like","DMRG2","both","gauge","/mnt/home/ldevos/Projects/MPSKit.jl/ld-envs/src/states/orthoview.jl","407","#gauge2!#104","/mnt/home/ldevos/.julia/packages/TensorKit/SLHMM/src/tensors/tensor.jl","98","TensorMap","Profile.Allocs.BufferType","1","2048","0.01"
"chemistry_like","DMRG2","both","operator preparation","/mnt/home/ldevos/Projects/MPSKit.jl/ld-envs/src/algorithms/derivatives/hamiltonian_derivatives.jl","665","_contract_GL_O","/mnt/home/ldevos/.julia/packages/LRUCache/ZH7qB/src/LRUCache.jl","189","_unsafe_getindex","TensorKit.Hashed{TensorKit.TensorMapSpace{TensorKit.GradedSpace{TensorKitSectors.PlanarTrivial, Tuple{Int64}}, 2, 1}, typeof(TensorKit.sectorhash), typeof(TensorKit.sectorequal)}","32","2048","0.01"
"chemistry_like","DMRG2","both","operator preparation","/mnt/home/ldevos/Projects/MPSKit.jl/ld-envs/src/algorithms/derivatives/hamiltonian_derivatives.jl","720","prepare_right_AC","/mnt/home/ldevos/.julia/packages/Strided/yVKLF/src/mapreduce.jl","200","_mapreduce_block!","Tuple{Tuple{Int64, Int64, Int64}, Tuple{Int64, Int64, Int64}}","32","2048","0.01"
"chemistry_like","DMRG2","both","operator preparation","/mnt/home/ldevos/Projects/MPSKit.jl/ld-envs/src/algorithms/derivatives/hamiltonian_derivatives.jl","732","prepare_left_AC2","/mnt/home/ldevos/.julia/packages/LRUCache/ZH7qB/src/LRUCache.jl","189","_unsafe_getindex","TensorKit.Hashed{TensorKit.TensorMapSpace{TensorKit.GradedSpace{TensorKitSectors.PlanarTrivial, Tuple{Int64}}, 4, 2}, typeof(TensorKit.sectorhash), typeof(TensorKit.sectorequal)}","18","2016","0.01"
"chemistry_like","DMRG2","both","environment transfers","/mnt/home/ldevos/Projects/MPSKit.jl/ld-envs/src/transfermatrix/transfer.jl","133","#transfer_right#319","/mnt/home/ldevos/.julia/packages/TensorKit/SLHMM/src/auxiliary/auxiliary.jl","110","taskforeach","Base.Threads.SpinLock","125","2000","0.01"
"chemistry_like","DMRG2","both","environment transfers","/mnt/home/ldevos/Projects/MPSKit.jl/ld-envs/src/transfermatrix/transfer.jl","133","#transfer_right#319","/mnt/home/ldevos/.julia/packages/TensorOperations/i1lNc/src/implementation/allocator.jl","453","tensoralloc","Memory{Float64}","12","1992","0.01"
"chemistry_like","DMRG2","both","operator preparation","/mnt/home/ldevos/Projects/MPSKit.jl/ld-envs/src/algorithms/derivatives/hamiltonian_derivatives.jl","669","_contract_O_GR","/mnt/home/ldevos/.julia/packages/LRUCache/ZH7qB/src/LRUCache.jl","189","_unsafe_getindex","TensorKit.DegeneracyStructure{5}","83","1992","0.01"
"chemistry_like","DMRG2","both","environment transfers","/mnt/home/ldevos/Projects/MPSKit.jl/ld-envs/src/transfermatrix/transfer.jl","130","#transfer_left#318","/mnt/home/ldevos/.julia/packages/TensorKit/SLHMM/src/auxiliary/auxiliary.jl","110","taskforeach","InvalidStateException","61","1952","0.01"
"chemistry_like","DMRG2","both","operator preparation","/mnt/home/ldevos/Projects/MPSKit.jl/ld-envs/src/algorithms/derivatives/hamiltonian_derivatives.jl","665","_contract_GL_O","/mnt/home/ldevos/.julia/packages/TensorKit/SLHMM/src/auxiliary/auxiliary.jl","110","taskforeach","Vector{Any}","61","1952","0.01"
"chemistry_like","DMRG2","both","operator preparation","/mnt/home/ldevos/Projects/MPSKit.jl/ld-envs/src/algorithms/derivatives/mpo_derivatives.jl","238","_fuse_env","/mnt/home/ldevos/.julia/packages/LRUCache/ZH7qB/src/LRUCache.jl","110","_unsafe_haskey","TensorKit.Hashed{TensorKit.TensorMapSpace{TensorKit.GradedSpace{TensorKitSectors.PlanarTrivial, Tuple{Int64}}, 2, 3}, typeof(TensorKit.sectorhash), typeof(TensorKit.sectorequal)}","20","1920","0.01"
"chemistry_like","DMRG2","both","operator preparation","/mnt/home/ldevos/Projects/MPSKit.jl/ld-envs/src/algorithms/derivatives/hamiltonian_derivatives.jl","732","prepare_left_AC2","/mnt/home/ldevos/.julia/packages/Strided/yVKLF/src/mapreduce.jl","200","_mapreduce_block!","Tuple{Int64, Int64}","60","1920","0.01"
"chemistry_like","DMRG2","both","operator preparation","/mnt/home/ldevos/Projects/MPSKit.jl/ld-envs/src/algorithms/derivatives/hamiltonian_derivatives.jl","665","_contract_GL_O","/mnt/home/ldevos/.julia/packages/LRUCache/ZH7qB/src/LRUCache.jl","110","_unsafe_haskey","TensorKit.Hashed{TensorKit.TensorMapSpace{TensorKit.GradedSpace{TensorKitSectors.PlanarTrivial, Tuple{Int64}}, 1, 3}, typeof(TensorKit.sectorhash), typeof(TensorKit.sectorequal)}","24","1920","0.01"
"chemistry_like","DMRG2","both","environment transfers","/mnt/home/ldevos/Projects/MPSKit.jl/ld-envs/src/transfermatrix/transfer.jl","133","#transfer_right#319","/mnt/home/ldevos/.julia/packages/Strided/yVKLF/src/mapreduce.jl","200","_mapreduce_block!","StridedViews.StridedView{Float64, 3, Memory{Float64}, typeof(identity)}","24","1920","0.01"
"chemistry_like","DMRG2","both","operator preparation","/mnt/home/ldevos/Projects/MPSKit.jl/ld-envs/src/algorithms/derivatives/hamiltonian_derivatives.jl","665","_contract_GL_O","/mnt/home/ldevos/.julia/packages/LRUCache/ZH7qB/src/LRUCache.jl","189","_unsafe_getindex","TensorKit.DegeneracyStructure{5}","80","1920","0.01"
"chemistry_like","DMRG2","both","operator preparation","/mnt/home/ldevos/Projects/MPSKit.jl/ld-envs/src/algorithms/derivatives/hamiltonian_derivatives.jl","706","#right_AC_ingredients#558","/mnt/home/ldevos/.julia/packages/LRUCache/ZH7qB/src/LRUCache.jl","159","get!","Vector{Tuple{Any, Any}}","60","1920","0.01"
"chemistry_like","DMRG2","both","operator preparation","/mnt/home/ldevos/Projects/MPSKit.jl/ld-envs/src/algorithms/derivatives/hamiltonian_derivatives.jl","732","prepare_left_AC2","/mnt/home/ldevos/.julia/packages/LRUCache/ZH7qB/src/LRUCache.jl","110","_unsafe_haskey","TensorKit.Hashed{TensorKit.TensorMapSpace{TensorKit.GradedSpace{TensorKitSectors.PlanarTrivial, Tuple{Int64}}, 4, 1}, typeof(TensorKit.sectorhash), typeof(TensorKit.sectorequal)}","20","1920","0.01"
"chemistry_like","DMRG2","both","operator preparation","/mnt/home/ldevos/Projects/MPSKit.jl/ld-envs/src/algorithms/derivatives/hamiltonian_derivatives.jl","706","#right_AC_ingredients#558","/mnt/home/ldevos/.julia/packages/Strided/yVKLF/src/mapreduce.jl","200","_mapreduce_block!","Tuple{Int64, Int64, Int64}","59","1888","0.01"
"chemistry_like","DMRG2","both","operator preparation","/mnt/home/ldevos/Projects/MPSKit.jl/ld-envs/src/algorithms/derivatives/hamiltonian_derivatives.jl","669","_contract_O_GR","/mnt/home/ldevos/.julia/packages/Strided/yVKLF/src/mapreduce.jl","200","_mapreduce_block!","Tuple{Int64, Int64, Int64}","58","1856","0.01"
"chemistry_like","DMRG2","both","operator preparation","/mnt/home/ldevos/Projects/MPSKit.jl/ld-envs/src/algorithms/derivatives/hamiltonian_derivatives.jl","669","_contract_O_GR","/mnt/home/ldevos/.julia/packages/Strided/yVKLF/src/mapreduce.jl","200","_mapreduce_block!","Tuple{NTuple{4, Int64}, NTuple{4, Int64}}","23","1840","0.01"
"chemistry_like","DMRG2","both","operator preparation","/mnt/home/ldevos/Projects/MPSKit.jl/ld-envs/src/algorithms/derivatives/hamiltonian_derivatives.jl","732","prepare_left_AC2","/mnt/home/ldevos/.julia/packages/TensorKit/SLHMM/src/auxiliary/auxiliary.jl","110","taskforeach","Vector{Any}","57","1824","0.01"
"chemistry_like","DMRG2","both","operator preparation","/mnt/home/ldevos/Projects/MPSKit.jl/ld-envs/src/algorithms/derivatives/hamiltonian_derivatives.jl","720","prepare_right_AC","/mnt/home/ldevos/.julia/packages/Strided/yVKLF/src/mapreduce.jl","200","_mapreduce_block!","Tuple{Int64, Int64, Int64}","57","1824","0.01"
"chemistry_like","DMRG2","both","operator preparation","/mnt/home/ldevos/Projects/MPSKit.jl/ld-envs/src/algorithms/derivatives/hamiltonian_derivatives.jl","720","prepare_right_AC","/mnt/home/ldevos/.julia/packages/LRUCache/ZH7qB/src/LRUCache.jl","159","get!","Vector{Tuple{Any, Any}}","57","1824","0.01"
"chemistry_like","DMRG2","both","operator preparation","/mnt/home/ldevos/Projects/MPSKit.jl/ld-envs/src/algorithms/derivatives/hamiltonian_derivatives.jl","706","#right_AC_ingredients#558","/mnt/home/ldevos/.julia/packages/TensorKit/SLHMM/src/auxiliary/auxiliary.jl","110","taskforeach","ReentrantLock","28","1792","0.01"
"chemistry_like","DMRG2","both","operator preparation","/mnt/home/ldevos/Projects/MPSKit.jl/ld-envs/src/algorithms/derivatives/hamiltonian_derivatives.jl","669","_contract_O_GR","/mnt/home/ldevos/.julia/packages/LRUCache/ZH7qB/src/LRUCache.jl","110","_unsafe_haskey","TensorKit.Hashed{TensorKit.TensorMapSpace{TensorKit.GradedSpace{TensorKitSectors.PlanarTrivial, Tuple{Int64}}, 3, 2}, typeof(TensorKit.sectorhash), typeof(TensorKit.sectorequal)}","18","1728","0.01"
"chemistry_like","DMRG2","both","operator preparation","/mnt/home/ldevos/Projects/MPSKit.jl/ld-envs/src/algorithms/derivatives/hamiltonian_derivatives.jl","764","prepare_right_AC2","/mnt/home/ldevos/.julia/packages/Strided/yVKLF/src/mapreduce.jl","200","_mapreduce_block!","NTuple{5, Int64}","36","1728","0.01"
"chemistry_like","DMRG2","both","environment transfers","/mnt/home/ldevos/Projects/MPSKit.jl/ld-envs/src/transfermatrix/transfer.jl","133","#transfer_right#319","/mnt/home/ldevos/.julia/packages/LRUCache/ZH7qB/src/LRUCache.jl","189","_unsafe_getindex","TensorKit.SectorStructure{TensorKitSectors.PlanarTrivial, Tuple{TensorKit.FusionTree{TensorKitSectors.PlanarTrivial, 2, 0, 1}, TensorKit.FusionTree{TensorKitSectors.PlanarTrivial, 1, 0, 0}}}","106","1696","0.01"
"chemistry_like","DMRG2","both","environment transfers","/mnt/home/ldevos/Projects/MPSKit.jl/ld-envs/src/transfermatrix/transfer.jl","130","#transfer_left#318","/mnt/home/ldevos/.julia/packages/Strided/yVKLF/src/mapreduce.jl","200","_mapreduce_block!","Tuple{Int64, Int64}","53","1696","0.01"
"chemistry_like","DMRG2","both","operator preparation","/mnt/home/ldevos/Projects/MPSKit.jl/ld-envs/src/algorithms/derivatives/hamiltonian_derivatives.jl","764","prepare_right_AC2","/mnt/home/ldevos/.julia/packages/BlockTensorKit/Kw0jL/src/auxiliary/sparsetensorarray.jl","87","setindex!","Memory{TensorKit.TensorMap{Float64, TensorKit.GradedSpace{TensorKitSectors.PlanarTrivial, Tuple{Int64}}, 3, 3, Vector{Float64}}}","1","1680","0.01"
"chemistry_like","DMRG2","both","operator preparation","/mnt/home/ldevos/Projects/MPSKit.jl/ld-envs/src/algorithms/derivatives/hamiltonian_derivatives.jl","684","left_AC_ingredients","/mnt/home/ldevos/.julia/packages/TensorKit/SLHMM/src/tensors/indexmanipulations.jl","660","add_transform_kernel!","TensorKit.var""#add_transform_kernel!##0#add_transform_kernel!##1""{TensorKit.StridedSubblocks{Memory{Float64}, 3}, TensorKit.StridedSubblocks{Memory{Float64}, 3}, Tuple{Tuple{Int64, Int64, Int64}, Tuple{}}, Bool, VectorInterface.One, VectorInterface.One, TensorOperations.DefaultBackend, TensorOperations.BufferAllocator{Memory{UInt8}}}","21","1680","0.01"
"chemistry_like","DMRG2","both","operator preparation","/mnt/home/ldevos/Projects/MPSKit.jl/ld-envs/src/algorithms/derivatives/hamiltonian_derivatives.jl","684","left_AC_ingredients","/mnt/home/ldevos/.julia/packages/LRUCache/ZH7qB/src/LRUCache.jl","189","_unsafe_getindex","TensorKit.Hashed{TensorKit.TensorMapSpace{TensorKit.GradedSpace{TensorKitSectors.PlanarTrivial, Tuple{Int64}}, 2, 2}, typeof(TensorKit.sectorhash), typeof(TensorKit.sectorequal)}","21","1680","0.01"
"chemistry_like","DMRG2","both","operator preparation","/mnt/home/ldevos/Projects/MPSKit.jl/ld-envs/src/algorithms/derivatives/hamiltonian_derivatives.jl","669","_contract_O_GR","/mnt/home/ldevos/.julia/packages/LRUCache/ZH7qB/src/LRUCache.jl","189","_unsafe_getindex","TensorKit.DegeneracyStructure{4}","70","1680","0.01"
"chemistry_like","DMRG2","both","operator preparation","/mnt/home/ldevos/Projects/MPSKit.jl/ld-envs/src/algorithms/derivatives/hamiltonian_derivatives.jl","669","_contract_O_GR","/mnt/home/ldevos/.julia/packages/BlockTensorKit/Kw0jL/src/linalg/linalg.jl","44","mul!","Memory{CartesianIndex{4}}","1","1680","0.01"
"chemistry_like","DMRG2","both","operator preparation","/mnt/home/ldevos/Projects/MPSKit.jl/ld-envs/src/algorithms/derivatives/hamiltonian_derivatives.jl","732","prepare_left_AC2","/mnt/home/ldevos/.julia/packages/LRUCache/ZH7qB/src/LRUCache.jl","110","_unsafe_haskey","TensorKit.Hashed{TensorKit.TensorMapSpace{TensorKit.GradedSpace{TensorKitSectors.PlanarTrivial, Tuple{Int64}}, 1, 2}, typeof(TensorKit.sectorhash), typeof(TensorKit.sectorequal)}","26","1664","0.01"
"chemistry_like","DMRG2","both","environment transfers","/mnt/home/ldevos/Projects/MPSKit.jl/ld-envs/src/transfermatrix/transfer.jl","133","#transfer_right#319","/mnt/home/ldevos/.julia/packages/LRUCache/ZH7qB/src/LRUCache.jl","110","_unsafe_haskey","TensorKit.Hashed{TensorKit.TensorMapSpace{TensorKit.GradedSpace{TensorKitSectors.PlanarTrivial, Tuple{Int64}}, 1, 2}, typeof(TensorKit.sectorhash), typeof(TensorKit.sectorequal)}","26","1664","0.01"
"chemistry_like","DMRG2","both","operator preparation","/mnt/home/ldevos/Projects/MPSKit.jl/ld-envs/src/algorithms/derivatives/hamiltonian_derivatives.jl","732","prepare_left_AC2","/mnt/home/ldevos/.julia/packages/TensorKit/SLHMM/src/tensors/tensor.jl","98","TensorMap","Vector{Float64}","52","1664","0.01"
"chemistry_like","DMRG2","both","environment transfers","/mnt/home/ldevos/Projects/MPSKit.jl/ld-envs/src/transfermatrix/transfer.jl","133","#transfer_right#319","/mnt/home/ldevos/.julia/packages/LRUCache/ZH7qB/src/LRUCache.jl","189","_unsafe_getindex","TensorKit.Hashed{TensorKit.TensorMapSpace{TensorKit.GradedSpace{TensorKitSectors.PlanarTrivial, Tuple{Int64}}, 1, 2}, typeof(TensorKit.sectorhash), typeof(TensorKit.sectorequal)}","26","1664","0.01"
"chemistry_like","DMRG2","both","operator preparation","/mnt/home/ldevos/Projects/MPSKit.jl/ld-envs/src/algorithms/derivatives/mpo_derivatives.jl","238","_fuse_env","/mnt/home/ldevos/.julia/packages/LRUCache/ZH7qB/src/LRUCache.jl","189","_unsafe_getindex","TensorKit.DegeneracyStructure{5}","69","1656","0.01"
"chemistry_like","DMRG2","both","operator preparation","/mnt/home/ldevos/Projects/MPSKit.jl/ld-envs/src/algorithms/derivatives/hamiltonian_derivatives.jl","732","prepare_left_AC2","/mnt/home/ldevos/.julia/packages/Strided/yVKLF/src/mapreduce.jl","200","_mapreduce_block!","Tuple{Int64, Int64, Int64}","51","1632","0.01"
"chemistry_like","DMRG2","both","operator preparation","/mnt/home/ldevos/Projects/MPSKit.jl/ld-envs/src/algorithms/derivatives/hamiltonian_derivatives.jl","732","prepare_left_AC2","/mnt/home/ldevos/.julia/packages/TensorKit/SLHMM/src/auxiliary/auxiliary.jl","110","taskforeach","InvalidStateException","51","1632","0.01"
"chemistry_like","DMRG2","both","environment transfers","/mnt/home/ldevos/Projects/MPSKit.jl/ld-envs/src/transfermatrix/transfer.jl","133","#transfer_right#319","/mnt/home/ldevos/.julia/packages/TensorOperations/i1lNc/src/implementation/strided.jl","145","stridedtensoradd!","TensorOperations.Scaler{Float64}","101","1616","0.01"
"chemistry_like","DMRG2","both","operator preparation","/mnt/home/ldevos/Projects/MPSKit.jl/ld-envs/src/algorithms/derivatives/hamiltonian_derivatives.jl","665","_contract_GL_O","/mnt/home/ldevos/.julia/packages/Strided/yVKLF/src/mapreduce.jl","200","_mapreduce_block!","StridedViews.StridedView{Float64, 3, Memory{Float64}, typeof(identity)}","20","1600","0.01"
"chemistry_like","DMRG2","both","environment transfers","/mnt/home/ldevos/Projects/MPSKit.jl/ld-envs/src/transfermatrix/transfer.jl","133","#transfer_right#319","/mnt/home/ldevos/.julia/packages/Strided/yVKLF/src/mapreduce.jl","200","_mapreduce_block!","Tuple{Tuple{Int64, Int64, Int64}, Tuple{Int64, Int64, Int64}}","25","1600","0.01"
"chemistry_like","DMRG2","both","operator preparation","/mnt/home/ldevos/Projects/MPSKit.jl/ld-envs/src/algorithms/derivatives/hamiltonian_derivatives.jl","706","#right_AC_ingredients#558","/mnt/home/ldevos/.julia/packages/Strided/yVKLF/src/mapreduce.jl","200","_mapreduce_block!","StridedViews.StridedView{Float64, 3, Memory{Float64}, typeof(identity)}","20","1600","0.01"
"chemistry_like","DMRG2","both","operator preparation","/mnt/home/ldevos/Projects/MPSKit.jl/ld-envs/src/algorithms/derivatives/hamiltonian_derivatives.jl","764","prepare_right_AC2","/mnt/home/ldevos/.julia/packages/TensorKit/SLHMM/src/auxiliary/auxiliary.jl","110","taskforeach","ReentrantLock","25","1600","0.01"
"chemistry_like","DMRG2","both","operator preparation","/mnt/home/ldevos/Projects/MPSKit.jl/ld-envs/src/algorithms/derivatives/hamiltonian_derivatives.jl","684","left_AC_ingredients","/mnt/home/ldevos/.julia/packages/LRUCache/ZH7qB/src/LRUCache.jl","189","_unsafe_getindex","TensorKit.DegeneracyStructure{3}","66","1584","0.01"
"chemistry_like","DMRG2","both","operator preparation","/mnt/home/ldevos/Projects/MPSKit.jl/ld-envs/src/algorithms/derivatives/hamiltonian_derivatives.jl","669","_contract_O_GR","/mnt/home/ldevos/.julia/packages/BlockTensorKit/Kw0jL/src/vectorspaces/sumspace.jl","112","dual","Memory{TensorKit.GradedSpace{TensorKitSectors.PlanarTrivial, Tuple{Int64}}}","6","1584","0.01"
"chemistry_like","DMRG2","both","operator preparation","/mnt/home/ldevos/Projects/MPSKit.jl/ld-envs/src/algorithms/derivatives/hamiltonian_derivatives.jl","732","prepare_left_AC2","/mnt/home/ldevos/.julia/packages/TensorOperations/i1lNc/src/implementation/strided.jl","145","stridedtensoradd!","TensorOperations.Scaler{Float64}","99","1584","0.01"
"chemistry_like","DMRG2","both","operator preparation","/mnt/home/ldevos/Projects/MPSKit.jl/ld-envs/src/algorithms/derivatives/hamiltonian_derivatives.jl","684","left_AC_ingredients","/mnt/home/ldevos/.julia/packages/BlockTensorKit/Kw0jL/src/auxiliary/sparsetensorarray.jl","87","setindex!","Memory{CartesianIndex{3}}","1","1552","0.01"
"chemistry_like","DMRG2","both","environment transfers","/mnt/home/ldevos/Projects/MPSKit.jl/ld-envs/src/transfermatrix/transfer.jl","130","#transfer_left#318","/mnt/home/ldevos/.julia/packages/TensorKit/SLHMM/src/auxiliary/auxiliary.jl","110","taskforeach","Vector{Any}","48","1536","0.01"
"chemistry_like","DMRG2","both","environment transfers","/mnt/home/ldevos/Projects/MPSKit.jl/ld-envs/src/transfermatrix/transfer.jl","130","#transfer_left#318","/mnt/home/ldevos/.julia/packages/LRUCache/ZH7qB/src/LRUCache.jl","189","_unsafe_getindex","TensorKit.Hashed{TensorKit.TensorMapSpace{TensorKit.GradedSpace{TensorKitSectors.PlanarTrivial, Tuple{Int64}}, 1, 2}, typeof(TensorKit.sectorhash), typeof(TensorKit.sectorequal)}","24","1536","0.01"
"chemistry_like","DMRG2","both","operator preparation","/mnt/home/ldevos/Projects/MPSKit.jl/ld-envs/src/algorithms/derivatives/hamiltonian_derivatives.jl","669","_contract_O_GR","/mnt/home/ldevos/.julia/packages/Strided/yVKLF/src/mapreduce.jl","200","_mapreduce_block!","Tuple{NTuple{5, Int64}, NTuple{5, Int64}}","16","1536","0.01"
"chemistry_like","DMRG2","both","operator preparation","/mnt/home/ldevos/Projects/MPSKit.jl/ld-envs/src/algorithms/derivatives/hamiltonian_derivatives.jl","669","_contract_O_GR","/mnt/home/ldevos/.julia/packages/Strided/yVKLF/src/mapreduce.jl","200","_mapreduce_block!","Tuple{Tuple{Int64, Int64, Int64}, Tuple{Int64, Int64, Int64}}","24","1536","0.01"
"chemistry_like","DMRG2","both","environment transfers","/mnt/home/ldevos/Projects/MPSKit.jl/ld-envs/src/transfermatrix/transfer.jl","133","#transfer_right#319","/mnt/home/ldevos/.julia/packages/TensorOperations/i1lNc/src/implementation/strided.jl","143","stridedtensoradd!","TensorOperations.Scaler{Float64}","93","1488","0.01"
"chemistry_like","DMRG2","both","operator preparation","/mnt/home/ldevos/Projects/MPSKit.jl/ld-envs/src/algorithms/derivatives/hamiltonian_derivatives.jl","669","_contract_O_GR","/mnt/home/ldevos/.julia/packages/TensorKit/SLHMM/src/auxiliary/auxiliary.jl","110","taskforeach","Base.Threads.SpinLock","92","1472","0.01"
"chemistry_like","DMRG2","both","operator preparation","/mnt/home/ldevos/Projects/MPSKit.jl/ld-envs/src/algorithms/derivatives/hamiltonian_derivatives.jl","684","left_AC_ingredients","/mnt/home/ldevos/.julia/packages/LRUCache/ZH7qB/src/LRUCache.jl","189","_unsafe_getindex","TensorKit.Hashed{TensorKit.TensorMapSpace{TensorKit.GradedSpace{TensorKitSectors.PlanarTrivial, Tuple{Int64}}, 2, 1}, typeof(TensorKit.sectorhash), typeof(TensorKit.sectorequal)}","23","1472","0.01"
"chemistry_like","DMRG2","both","operator preparation","/mnt/home/ldevos/Projects/MPSKit.jl/ld-envs/src/algorithms/derivatives/hamiltonian_derivatives.jl","764","prepare_right_AC2","/mnt/home/ldevos/.julia/packages/LRUCache/ZH7qB/src/LRUCache.jl","159","get!","Vector{Tuple{Any, Any}}","46","1472","0.01"
"chemistry_like","DMRG2","both","operator preparation","/mnt/home/ldevos/Projects/MPSKit.jl/ld-envs/src/algorithms/derivatives/hamiltonian_derivatives.jl","706","#right_AC_ingredients#558","/mnt/home/ldevos/.julia/packages/Strided/yVKLF/src/mapreduce.jl","200","_mapreduce_block!","Tuple{Tuple{Int64, Int64, Int64}, Tuple{Int64, Int64, Int64}}","23","1472","0.01"
"chemistry_like","DMRG2","both","operator preparation","/mnt/home/ldevos/Projects/MPSKit.jl/ld-envs/src/algorithms/derivatives/hamiltonian_derivatives.jl","732","prepare_left_AC2","/mnt/home/ldevos/.julia/packages/TensorKit/SLHMM/src/tensors/indexmanipulations.jl","660","add_transform_kernel!","TensorKit.var""#add_transform_kernel!##0#add_transform_kernel!##1""{TensorKit.StridedSubblocks{Memory{Float64}, 3}, TensorKit.StridedSubblocks{Memory{Float64}, 3}, Tuple{Tuple{Int64, Int64, Int64}, Tuple{}}, Bool, VectorInterface.One, VectorInterface.One, TensorOperations.DefaultBackend, TensorOperations.BufferAllocator{Memory{UInt8}}}","18","1440","0.01"
"chemistry_like","DMRG2","both","operator preparation","/mnt/home/ldevos/Projects/MPSKit.jl/ld-envs/src/algorithms/derivatives/hamiltonian_derivatives.jl","665","_contract_GL_O","/mnt/home/ldevos/.julia/packages/TensorOperations/i1lNc/src/implementation/allocator.jl","420","unsafe_buffer_wrap","Memory{Float64}","60","1440","0.01"
"chemistry_like","DMRG2","both","environment transfers","/mnt/home/ldevos/Projects/MPSKit.jl/ld-envs/src/transfermatrix/transfer.jl","133","#transfer_right#319","/mnt/home/ldevos/.julia/packages/TensorKit/SLHMM/src/tensors/tensor.jl","98","TensorMap","Vector{Float64}","45","1440","0.01"
"chemistry_like","DMRG2","both","operator preparation","/mnt/home/ldevos/Projects/MPSKit.jl/ld-envs/src/algorithms/derivatives/hamiltonian_derivatives.jl","684","left_AC_ingredients","/mnt/home/ldevos/.julia/packages/TimerOutputs/0Wski/src/macros.jl","257","macro expansion","TensorKit.Hashed{TensorKit.TensorMapSpace{TensorKit.GradedSpace{TensorKitSectors.PlanarTrivial, Tuple{Int64}}, 2, 2}, typeof(TensorKit.sectorhash), typeof(TensorKit.sectorequal)}","18","1440","0.01"
"chemistry_like","DMRG2","both","operator preparation","/mnt/home/ldevos/Projects/MPSKit.jl/ld-envs/src/algorithms/derivatives/hamiltonian_derivatives.jl","684","left_AC_ingredients","/mnt/home/ldevos/.julia/packages/TensorKit/SLHMM/src/tensors/indexmanipulations.jl","660","add_transform_kernel!","TensorKit.var""#add_transform_kernel!##0#add_transform_kernel!##1""{TensorKit.StridedSubblocks{Memory{Float64}, 3}, TensorKit.StridedSubblocks{Memory{Float64}, 3}, Tuple{Tuple{Int64, Int64, Int64}, Tuple{}}, Bool, VectorInterface.One, VectorInterface.Zero, TensorOperations.DefaultBackend, TensorOperations.BufferAllocator{Memory{UInt8}}}","18","1440","0.01"
"chemistry_like","DMRG2","both","operator preparation","/mnt/home/ldevos/Projects/MPSKit.jl/ld-envs/src/algorithms/derivatives/hamiltonian_derivatives.jl","665","_contract_GL_O","/mnt/home/ldevos/.julia/packages/Strided/yVKLF/src/mapreduce.jl","200","_mapreduce_block!","Tuple{Int64, Int64, Int64}","45","1440","0.01"
"chemistry_like","DMRG2","both","operator preparation","/mnt/home/ldevos/Projects/MPSKit.jl/ld-envs/src/algorithms/derivatives/hamiltonian_derivatives.jl","669","_contract_O_GR","/mnt/home/ldevos/.julia/packages/TensorKit/SLHMM/src/auxiliary/auxiliary.jl","109","taskforeach","Base.Threads.Atomic{Int64}","89","1424","0.01"
"chemistry_like","DMRG2","both","operator preparation","/mnt/home/ldevos/Projects/MPSKit.jl/ld-envs/src/algorithms/derivatives/hamiltonian_derivatives.jl","780","prepare_right_AC2","/mnt/home/ldevos/.julia/packages/BlockTensorKit/Kw0jL/src/auxiliary/sparsetensorarray.jl","87","setindex!","Memory{TensorKit.TensorMap{Float64, TensorKit.GradedSpace{TensorKitSectors.PlanarTrivial, Tuple{Int64}}, 2, 3, Vector{Float64}}}","1","1424","0.01"
"chemistry_like","DMRG2","both","operator preparation","/mnt/home/ldevos/Projects/MPSKit.jl/ld-envs/src/algorithms/derivatives/hamiltonian_derivatives.jl","684","left_AC_ingredients","/mnt/home/ldevos/.julia/packages/TensorKit/SLHMM/src/auxiliary/auxiliary.jl","110","taskforeach","InvalidStateException","44","1408","0.01"
"chemistry_like","DMRG2","both","environment transfers","/mnt/home/ldevos/Projects/MPSKit.jl/ld-envs/src/transfermatrix/transfer.jl","133","#transfer_right#319","/mnt/home/ldevos/.julia/packages/Strided/yVKLF/src/mapreduce.jl","200","_mapreduce_block!","Tuple{Int64, Int64, Int64}","44","1408","0.01"
"chemistry_like","DMRG2","both","operator preparation","/mnt/home/ldevos/Projects/MPSKit.jl/ld-envs/src/algorithms/derivatives/hamiltonian_derivatives.jl","669","_contract_O_GR","/mnt/home/ldevos/.julia/packages/TensorKit/SLHMM/src/tensors/tensor.jl","98","TensorMap","Memory{Float64}","29","1392","0.01"
"chemistry_like","DMRG2","both","environment transfers","/mnt/home/ldevos/Projects/MPSKit.jl/ld-envs/src/transfermatrix/transfer.jl","130","#transfer_left#318","/mnt/home/ldevos/.julia/packages/Strided/yVKLF/src/mapreduce.jl","200","_mapreduce_block!","StridedViews.StridedView{Float64, 3, Memory{Float64}, typeof(identity)}","17","1360","0.01"
"chemistry_like","DMRG2","both","operator preparation","/mnt/home/ldevos/Projects/MPSKit.jl/ld-envs/src/algorithms/derivatives/mpo_derivatives.jl","238","_fuse_env","/mnt/home/ldevos/.julia/packages/LRUCache/ZH7qB/src/LRUCache.jl","189","_unsafe_getindex","TensorKit.Hashed{TensorKit.TensorMapSpace{TensorKit.GradedSpace{TensorKitSectors.PlanarTrivial, Tuple{Int64}}, 2, 3}, typeof(TensorKit.sectorhash), typeof(TensorKit.sectorequal)}","14","1344","0.01"
"chemistry_like","DMRG2","both","operator preparation","/mnt/home/ldevos/Projects/MPSKit.jl/ld-envs/src/algorithms/derivatives/hamiltonian_derivatives.jl","684","left_AC_ingredients","/mnt/home/ldevos/.julia/packages/TimerOutputs/0Wski/src/macros.jl","257","macro expansion","TensorKit.var""#sectorstructure##12#sectorstructure##13""{TensorKit.Hashed{TensorKit.TensorMapSpace{TensorKit.GradedSpace{TensorKitSectors.PlanarTrivial, Tuple{Int64}}, 2, 2}, typeof(TensorKit.sectorhash), typeof(TensorKit.sectorequal)}}","16","1280","0.01"
"chemistry_like","DMRG2","both","operator preparation","/mnt/home/ldevos/Projects/MPSKit.jl/ld-envs/src/algorithms/derivatives/hamiltonian_derivatives.jl","684","left_AC_ingredients","/mnt/home/ldevos/.julia/packages/TensorKit/SLHMM/src/auxiliary/auxiliary.jl","110","taskforeach","Vector{Any}","40","1280","0.01"
"chemistry_like","DMRG2","both","operator preparation","/mnt/home/ldevos/Projects/MPSKit.jl/ld-envs/src/algorithms/derivatives/hamiltonian_derivatives.jl","732","prepare_left_AC2","/mnt/home/ldevos/.julia/packages/Strided/yVKLF/src/mapreduce.jl","200","_mapreduce_block!","Tuple{Tuple{Int64, Int64, Int64}, Tuple{Int64, Int64, Int64}}","20","1280","0.01"
"chemistry_like","DMRG2","both","operator preparation","/mnt/home/ldevos/Projects/MPSKit.jl/ld-envs/src/algorithms/derivatives/hamiltonian_derivatives.jl","665","_contract_GL_O","/mnt/home/ldevos/.julia/packages/TensorOperations/i1lNc/src/implementation/allocator.jl","420","unsafe_buffer_wrap","Vector{Float64}","53","1272","0.01"
"chemistry_like","DMRG2","both","operator preparation","/mnt/home/ldevos/Projects/MPSKit.jl/ld-envs/src/algorithms/derivatives/hamiltonian_derivatives.jl","669","_contract_O_GR","/mnt/home/ldevos/.julia/packages/LRUCache/ZH7qB/src/LRUCache.jl","189","_unsafe_getindex","TensorKit.DegeneracyStructure{3}","52","1248","0.01"
"chemistry_like","DMRG2","both","operator preparation","/mnt/home/ldevos/Projects/MPSKit.jl/ld-envs/src/algorithms/derivatives/hamiltonian_derivatives.jl","732","prepare_left_AC2","/mnt/home/ldevos/.julia/packages/LRUCache/ZH7qB/src/LRUCache.jl","189","_unsafe_getindex","TensorKit.DegeneracyStructure{5}","51","1224","0.01"
"chemistry_like","DMRG2","both","operator preparation","/mnt/home/ldevos/Projects/MPSKit.jl/ld-envs/src/algorithms/derivatives/hamiltonian_derivatives.jl","665","_contract_GL_O","/mnt/home/ldevos/.julia/packages/LRUCache/ZH7qB/src/LRUCache.jl","189","_unsafe_getindex","TensorKit.DegeneracyStructure{3}","51","1224","0.01"
"chemistry_like","DMRG2","both","operator preparation","/mnt/home/ldevos/Projects/MPSKit.jl/ld-envs/src/algorithms/derivatives/hamiltonian_derivatives.jl","684","left_AC_ingredients","/mnt/home/ldevos/.julia/packages/LRUCache/ZH7qB/src/LRUCache.jl","110","_unsafe_haskey","TensorKit.Hashed{TensorKit.TensorMapSpace{TensorKit.GradedSpace{TensorKitSectors.PlanarTrivial, Tuple{Int64}}, 2, 1}, typeof(TensorKit.sectorhash), typeof(TensorKit.sectorequal)}","19","1216","0.01"
"chemistry_like","DMRG2","both","operator preparation","/mnt/home/ldevos/Projects/MPSKit.jl/ld-envs/src/algorithms/derivatives/hamiltonian_derivatives.jl","684","left_AC_ingredients","/mnt/home/ldevos/.julia/packages/Strided/yVKLF/src/mapreduce.jl","200","_mapreduce_block!","Tuple{Int64, Int64}","38","1216","0.01"
"chemistry_like","DMRG2","both","operator preparation","/mnt/home/ldevos/Projects/MPSKit.jl/ld-envs/src/algorithms/derivatives/hamiltonian_derivatives.jl","665","_contract_GL_O","/mnt/home/ldevos/.julia/packages/Strided/yVKLF/src/mapreduce.jl","200","_mapreduce_block!","Tuple{Tuple{Int64, Int64, Int64}, Tuple{Int64, Int64, Int64}}","19","1216","0.01"
"chemistry_like","DMRG2","both","operator preparation","/mnt/home/ldevos/Projects/MPSKit.jl/ld-envs/src/algorithms/derivatives/hamiltonian_derivatives.jl","684","left_AC_ingredients","/mnt/home/ldevos/.julia/packages/LRUCache/ZH7qB/src/LRUCache.jl","110","_unsafe_haskey","TensorKit.Hashed{TensorKit.TensorMapSpace{TensorKit.GradedSpace{TensorKitSectors.PlanarTrivial, Tuple{Int64}}, 1, 2}, typeof(TensorKit.sectorhash), typeof(TensorKit.sectorequal)}","19","1216","0.01"
"chemistry_like","DMRG2","both","operator preparation","/mnt/home/ldevos/Projects/MPSKit.jl/ld-envs/src/algorithms/derivatives/hamiltonian_derivatives.jl","665","_contract_GL_O","/mnt/home/ldevos/.julia/packages/LRUCache/ZH7qB/src/LRUCache.jl","189","_unsafe_getindex","TensorKit.DegeneracyStructure{4}","50","1200","0.01"
"chemistry_like","DMRG2","both","operator preparation","/mnt/home/ldevos/Projects/MPSKit.jl/ld-envs/src/algorithms/derivatives/hamiltonian_derivatives.jl","665","_contract_GL_O","/mnt/home/ldevos/.julia/packages/BlockTensorKit/Kw0jL/src/auxiliary/sparsetensorarray.jl","87","setindex!","Memory{TensorKit.TensorMap{Float64, TensorKit.GradedSpace{TensorKitSectors.PlanarTrivial, Tuple{Int64}}, 1, 3, Vector{Float64}}}","1","1168","0.01"
"chemistry_like","DMRG2","both","operator preparation","/mnt/home/ldevos/Projects/MPSKit.jl/ld-envs/src/algorithms/derivatives/hamiltonian_derivatives.jl","665","_contract_GL_O","/mnt/home/ldevos/.julia/packages/TensorKit/SLHMM/src/auxiliary/auxiliary.jl","109","taskforeach","Base.Threads.Atomic{Int64}","73","1168","0.01"
"chemistry_like","DMRG2","both","operator preparation","/mnt/home/ldevos/Projects/MPSKit.jl/ld-envs/src/algorithms/derivatives/hamiltonian_derivatives.jl","665","_contract_GL_O","/mnt/home/ldevos/.julia/packages/TensorKit/SLHMM/src/auxiliary/auxiliary.jl","110","taskforeach","Base.Threads.SpinLock","73","1168","0.01"
"chemistry_like","DMRG2","both","environment transfers","/mnt/home/ldevos/Projects/MPSKit.jl/ld-envs/src/transfermatrix/transfer.jl","130","#transfer_left#318","/mnt/home/ldevos/.julia/packages/TensorOperations/i1lNc/src/implementation/allocator.jl","453","tensoralloc","Vector{Float64}","36","1152","0.01"
"chemistry_like","DMRG2","both","operator preparation","/mnt/home/ldevos/Projects/MPSKit.jl/ld-envs/src/algorithms/derivatives/hamiltonian_derivatives.jl","681","left_AC_ingredients","/mnt/home/ldevos/.julia/packages/TensorKit/SLHMM/src/tensors/tensor.jl","98","TensorMap","Vector{Float64}","35","1120","0.01"
"chemistry_like","DMRG2","both","operator preparation","/mnt/home/ldevos/Projects/MPSKit.jl/ld-envs/src/algorithms/derivatives/hamiltonian_derivatives.jl","694","left_AC_ingredients","/mnt/home/ldevos/.julia/packages/BlockTensorKit/Kw0jL/src/auxiliary/sparsetensorarray.jl","87","setindex!","Memory{UInt8}","2","1120","0.01"
"chemistry_like","DMRG2","both","operator preparation","/mnt/home/ldevos/Projects/MPSKit.jl/ld-envs/src/algorithms/derivatives/hamiltonian_derivatives.jl","720","prepare_right_AC","/mnt/home/ldevos/.julia/packages/Strided/yVKLF/src/mapreduce.jl","200","_mapreduce_block!","Tuple{Int64, Int64}","35","1120","0.01"
"chemistry_like","DMRG2","both","operator preparation","/mnt/home/ldevos/Projects/MPSKit.jl/ld-envs/src/algorithms/derivatives/hamiltonian_derivatives.jl","732","prepare_left_AC2","/mnt/home/ldevos/.julia/packages/LRUCache/ZH7qB/src/LRUCache.jl","189","_unsafe_getindex","TensorKit.Hashed{TensorKit.TensorMapSpace{TensorKit.GradedSpace{TensorKitSectors.PlanarTrivial, Tuple{Int64}}, 1, 2}, typeof(TensorKit.sectorhash), typeof(TensorKit.sectorequal)}","17","1088","0.01"
"chemistry_like","DMRG2","both","environment transfers","/mnt/home/ldevos/Projects/MPSKit.jl/ld-envs/src/transfermatrix/transfer.jl","130","#transfer_left#318","/mnt/home/ldevos/.julia/packages/BlockTensorKit/Kw0jL/src/tensors/blocktensor.jl","16","BlockTensorMap","Memory{TensorKit.TensorMap{Float64, TensorKit.GradedSpace{TensorKitSectors.PlanarTrivial, Tuple{Int64}}, 2, 1, Vector{Float64}}}","1","1080","0.01"
"chemistry_like","DMRG2","both","eigensolve","/mnt/home/ldevos/Projects/MPSKit.jl/ld-envs/src/algorithms/fixedpoint.jl","16","fixedpoint","/mnt/home/ldevos/.julia/packages/KrylovKit/bEE7W/src/eigsolve/lanczos.jl","57","#eigsolve#54","Memory{Float64}","6","1056","0.01"
"chemistry_like","DMRG2","both","operator preparation","/mnt/home/ldevos/Projects/MPSKit.jl/ld-envs/src/algorithms/derivatives/hamiltonian_derivatives.jl","703","#right_AC_ingredients#558","/mnt/home/ldevos/.julia/packages/TensorKit/SLHMM/src/tensors/tensor.jl","98","TensorMap","Vector{Float64}","33","1056","0.01"
"chemistry_like","DMRG2","both","operator preparation","/mnt/home/ldevos/Projects/MPSKit.jl/ld-envs/src/algorithms/derivatives/mpo_derivatives.jl","238","_fuse_env","/mnt/home/ldevos/.julia/packages/LRUCache/ZH7qB/src/LRUCache.jl","110","_unsafe_haskey","TensorKit.TensorMapSpace{TensorKit.GradedSpace{TensorKitSectors.PlanarTrivial, Tuple{Int64}}, 3, 2}","11","1056","0.01"
"chemistry_like","DMRG2","both","environment transfers","/mnt/home/ldevos/Projects/MPSKit.jl/ld-envs/src/transfermatrix/transfer.jl","130","#transfer_left#318","/mnt/home/ldevos/.julia/packages/TensorKit/SLHMM/src/tensors/indexmanipulations.jl","660","add_transform_kernel!","TensorKit.var""#add_transform_kernel!##0#add_transform_kernel!##1""{TensorKit.StridedSubblocks{Memory{Float64}, 3}, TensorKit.StridedSubblocks{Memory{Float64}, 3}, Tuple{Tuple{Int64, Int64, Int64}, Tuple{}}, Bool, VectorInterface.One, VectorInterface.Zero, TensorOperations.DefaultBackend, TensorOperations.BufferAllocator{Memory{UInt8}}}","13","1040","0.01"
"chemistry_like","DMRG2","both","operator preparation","/mnt/home/ldevos/Projects/MPSKit.jl/ld-envs/src/algorithms/derivatives/hamiltonian_derivatives.jl","684","left_AC_ingredients","/mnt/home/ldevos/.julia/packages/LRUCache/ZH7qB/src/LRUCache.jl","110","_unsafe_haskey","TensorKit.Hashed{TensorKit.TensorMapSpace{TensorKit.GradedSpace{TensorKitSectors.PlanarTrivial, Tuple{Int64}}, 2, 2}, typeof(TensorKit.sectorhash), typeof(TensorKit.sectorequal)}","13","1040","0.01"
"chemistry_like","DMRG2","both","operator preparation","/mnt/home/ldevos/Projects/MPSKit.jl/ld-envs/src/algorithms/derivatives/hamiltonian_derivatives.jl","669","_contract_O_GR","/mnt/home/ldevos/.julia/packages/TensorOperations/i1lNc/src/implementation/allocator.jl","420","unsafe_buffer_wrap","Memory{Float64}","43","1032","0.01"
"chemistry_like","DMRG2","both","environment transfers","/mnt/home/ldevos/Projects/MPSKit.jl/ld-envs/src/transfermatrix/transfer.jl","130","#transfer_left#318","/mnt/home/ldevos/.julia/packages/Strided/yVKLF/src/mapreduce.jl","200","_mapreduce_block!","Tuple{Int64, Int64, Int64}","32","1024","0.01"
"chemistry_like","DMRG2","both","operator preparation","/mnt/home/ldevos/Projects/MPSKit.jl/ld-envs/src/algorithms/derivatives/hamiltonian_derivatives.jl","764","prepare_right_AC2","/mnt/home/ldevos/.julia/packages/TensorKit/SLHMM/src/auxiliary/auxiliary.jl","110","taskforeach","InvalidStateException","32","1024","0.01"
"chemistry_like","DMRG2","both","environment transfers","/mnt/home/ldevos/Projects/MPSKit.jl/ld-envs/src/transfermatrix/transfer.jl","133","#transfer_right#319","/mnt/home/ldevos/.julia/packages/BlockTensorKit/Kw0jL/src/vectorspaces/sumspace.jl","112","dual","Memory{TensorKit.GradedSpace{TensorKitSectors.PlanarTrivial, Tuple{Int64}}}","4","1008","0.01"
"chemistry_like","DMRG2","both","operator preparation","/mnt/home/ldevos/Projects/MPSKit.jl/ld-envs/src/algorithms/derivatives/hamiltonian_derivatives.jl","669","_contract_O_GR","/mnt/home/ldevos/.julia/packages/TensorOperations/i1lNc/src/implementation/strided.jl","143","stridedtensoradd!","TensorOperations.Scaler{Float64}","62","992","0.01"
"chemistry_like","DMRG2","both","operator preparation","/mnt/home/ldevos/Projects/MPSKit.jl/ld-envs/src/algorithms/derivatives/hamiltonian_derivatives.jl","669","_contract_O_GR","/mnt/home/ldevos/.julia/packages/TensorOperations/i1lNc/src/implementation/allocator.jl","420","unsafe_buffer_wrap","Vector{Float64}","41","984","0.01"
"chemistry_like","DMRG2","both","operator preparation","/mnt/home/ldevos/Projects/MPSKit.jl/ld-envs/src/algorithms/derivatives/hamiltonian_derivatives.jl","665","_contract_GL_O","/mnt/home/ldevos/.julia/packages/TensorKit/SLHMM/src/tensors/tensor.jl","98","TensorMap","Memory{Float64}","20","960","0.01"
"chemistry_like","DMRG2","both","operator preparation","/mnt/home/ldevos/Projects/MPSKit.jl/ld-envs/src/algorithms/derivatives/hamiltonian_derivatives.jl","764","prepare_right_AC2","/mnt/home/ldevos/.julia/packages/TensorOperations/i1lNc/src/implementation/strided.jl","145","stridedtensoradd!","TensorOperations.Scaler{Float64}","60","960","0.01"
"chemistry_like","DMRG2","both","operator preparation","/mnt/home/ldevos/Projects/MPSKit.jl/ld-envs/src/algorithms/derivatives/hamiltonian_derivatives.jl","669","_contract_O_GR","/mnt/home/ldevos/.julia/packages/TensorKit/SLHMM/src/tensors/tensor.jl","98","TensorMap","Vector{Float64}","30","960","0.01"
"chemistry_like","DMRG2","both","operator preparation","/mnt/home/ldevos/Projects/MPSKit.jl/ld-envs/src/algorithms/derivatives/hamiltonian_derivatives.jl","727","prepare_left_AC2","/mnt/home/ldevos/.julia/packages/TensorKit/SLHMM/src/tensors/tensor.jl","98","TensorMap","Vector{Float64}","30","960","0.01"
"chemistry_like","DMRG2","both","operator preparation","/mnt/home/ldevos/Projects/MPSKit.jl/ld-envs/src/algorithms/derivatives/hamiltonian_derivatives.jl","665","_contract_GL_O","/mnt/home/ldevos/.julia/packages/TensorOperations/i1lNc/src/implementation/strided.jl","143","stridedtensoradd!","TensorOperations.Scaler{Float64}","59","944","0.01"
"chemistry_like","DMRG2","both","operator preparation","/mnt/home/ldevos/Projects/MPSKit.jl/ld-envs/src/algorithms/derivatives/mpo_derivatives.jl","238","_fuse_env","/mnt/home/ldevos/.julia/packages/TensorKit/SLHMM/src/auxiliary/dicts.jl","43","SortedVectorDict","Memory{Int64}","6","944","0.01"
"chemistry_like","DMRG2","both","operator preparation","/mnt/home/ldevos/Projects/MPSKit.jl/ld-envs/src/algorithms/derivatives/hamiltonian_derivatives.jl","732","prepare_left_AC2","/mnt/home/ldevos/.julia/packages/LRUCache/ZH7qB/src/LRUCache.jl","189","_unsafe_getindex","TensorKit.DegeneracyStructure{3}","39","936","0.01"
"chemistry_like","DMRG2","both","environment transfers","/mnt/home/ldevos/Projects/MPSKit.jl/ld-envs/src/transfermatrix/transfer.jl","130","#transfer_left#318","/mnt/home/ldevos/.julia/packages/TensorKit/SLHMM/src/auxiliary/auxiliary.jl","109","taskforeach","Base.Threads.Atomic{Int64}","57","912","0.01"
"chemistry_like","DMRG2","both","environment transfers","/mnt/home/ldevos/Projects/MPSKit.jl/ld-envs/src/transfermatrix/transfer.jl","133","#transfer_right#319","/mnt/home/ldevos/.julia/packages/TensorOperations/i1lNc/src/implementation/allocator.jl","453","tensoralloc","Vector{Float64}","28","896","0.01"
"chemistry_like","DMRG2","both","environment transfers","/mnt/home/ldevos/Projects/MPSKit.jl/ld-envs/src/transfermatrix/transfer.jl","130","#transfer_left#318","/mnt/home/ldevos/.julia/packages/TensorKit/SLHMM/src/auxiliary/auxiliary.jl","110","taskforeach","Base.Threads.SpinLock","56","896","0.01"
"chemistry_like","DMRG2","both","environment transfers","/mnt/home/ldevos/Projects/MPSKit.jl/ld-envs/src/transfermatrix/transfer.jl","130","#transfer_left#318","/mnt/home/ldevos/.julia/packages/LRUCache/ZH7qB/src/LRUCache.jl","110","_unsafe_haskey","TensorKit.Hashed{TensorKit.TensorMapSpace{TensorKit.GradedSpace{TensorKitSectors.PlanarTrivial, Tuple{Int64}}, 1, 2}, typeof(TensorKit.sectorhash), typeof(TensorKit.sectorequal)}","14","896","0.01"
"chemistry_like","DMRG2","both","operator preparation","/mnt/home/ldevos/Projects/MPSKit.jl/ld-envs/src/algorithms/derivatives/hamiltonian_derivatives.jl","764","prepare_right_AC2","/mnt/home/ldevos/.julia/packages/Strided/yVKLF/src/mapreduce.jl","200","_mapreduce_block!","Tuple{Int64, Int64}","28","896","0.01"
"chemistry_like","DMRG2","both","operator preparation","/mnt/home/ldevos/Projects/MPSKit.jl/ld-envs/src/algorithms/derivatives/hamiltonian_derivatives.jl","703","#right_AC_ingredients#558","/mnt/home/ldevos/.julia/packages/LRUCache/ZH7qB/src/LRUCache.jl","159","get!","Vector{Tuple{Any, Any}}","28","896","0.01"
"chemistry_like","DMRG2","both","operator preparation","/mnt/home/ldevos/Projects/MPSKit.jl/ld-envs/src/algorithms/derivatives/hamiltonian_derivatives.jl","706","#right_AC_ingredients#558","/mnt/home/ldevos/.julia/packages/TensorKit/SLHMM/src/auxiliary/auxiliary.jl","110","taskforeach","InvalidStateException","28","896","0.01"
"chemistry_like","DMRG2","both","operator preparation","/mnt/home/ldevos/Projects/MPSKit.jl/ld-envs/src/algorithms/derivatives/hamiltonian_derivatives.jl","665","_contract_GL_O","/mnt/home/ldevos/.julia/packages/TensorOperations/i1lNc/src/implementation/strided.jl","145","stridedtensoradd!","TensorOperations.Scaler{Float64}","55","880","0.01"
"chemistry_like","DMRG2","both","operator preparation","/mnt/home/ldevos/Projects/MPSKit.jl/ld-envs/src/algorithms/derivatives/hamiltonian_derivatives.jl","706","#right_AC_ingredients#558","/mnt/home/ldevos/.julia/packages/TensorKit/SLHMM/src/auxiliary/auxiliary.jl","110","taskforeach","Vector{Any}","27","864","0.01"
"chemistry_like","DMRG2","both","operator preparation","/mnt/home/ldevos/Projects/MPSKit.jl/ld-envs/src/algorithms/derivatives/hamiltonian_derivatives.jl","665","_contract_GL_O","/mnt/home/ldevos/.julia/packages/TensorKit/SLHMM/src/tensors/tensor.jl","98","TensorMap","Vector{Float64}","27","864","0.01"
"chemistry_like","DMRG2","both","operator preparation","/mnt/home/ldevos/Projects/MPSKit.jl/ld-envs/src/algorithms/derivatives/mpo_derivatives.jl","238","_fuse_env","/mnt/home/ldevos/.julia/packages/LRUCache/ZH7qB/src/LRUCache.jl","189","_unsafe_getindex","TensorKit.SectorStructure{TensorKitSectors.PlanarTrivial, Tuple{TensorKit.FusionTree{TensorKitSectors.PlanarTrivial, 3, 1, 2}, TensorKit.FusionTree{TensorKitSectors.PlanarTrivial, 2, 0, 1}}}","50","800","0.01"
"chemistry_like","DMRG2","both","operator preparation","/mnt/home/ldevos/Projects/MPSKit.jl/ld-envs/src/algorithms/derivatives/hamiltonian_derivatives.jl","703","#right_AC_ingredients#558","/mnt/home/ldevos/.julia/packages/LRUCache/ZH7qB/src/LRUCache.jl","189","_unsafe_getindex","TensorKit.DegeneracyStructure{3}","33","792","0.01"
"chemistry_like","DMRG2","both","operator preparation","/mnt/home/ldevos/Projects/MPSKit.jl/ld-envs/src/algorithms/derivatives/hamiltonian_derivatives.jl","665","_contract_GL_O","/mnt/home/ldevos/.julia/packages/LRUCache/ZH7qB/src/LRUCache.jl","189","_unsafe_getindex","TensorKit.UniqueTreeTransformer{Int64, 4}","33","792","0.01"
"chemistry_like","DMRG2","both","environment transfers","/mnt/home/ldevos/Projects/MPSKit.jl/ld-envs/src/operators/jordanmpotensor.jl","336","nonzero_keys","/mnt/home/ldevos/Projects/MPSKit.jl/ld-envs/src/operators/jordanmpotensor.jl","336","nonzero_keys","Memory{CartesianIndex{4}}","1","784","0.01"
"chemistry_like","DMRG2","both","operator preparation","/mnt/home/ldevos/Projects/MPSKit.jl/ld-envs/src/algorithms/derivatives/hamiltonian_derivatives.jl","684","left_AC_ingredients","/mnt/home/ldevos/.julia/packages/LRUCache/ZH7qB/src/LRUCache.jl","189","_unsafe_getindex","TensorKit.Hashed{TensorKit.TensorMapSpace{TensorKit.GradedSpace{TensorKitSectors.PlanarTrivial, Tuple{Int64}}, 1, 2}, typeof(TensorKit.sectorhash), typeof(TensorKit.sectorequal)}","12","768","0.01"
"chemistry_like","DMRG2","both","operator preparation","/mnt/home/ldevos/Projects/MPSKit.jl/ld-envs/src/algorithms/derivatives/hamiltonian_derivatives.jl","684","left_AC_ingredients","/mnt/home/ldevos/.julia/packages/TensorKit/SLHMM/src/tensors/tensor.jl","98","TensorMap","Memory{Float64}","16","768","0.01"
"chemistry_like","DMRG2","both","operator preparation","/mnt/home/ldevos/Projects/MPSKit.jl/ld-envs/src/algorithms/derivatives/hamiltonian_derivatives.jl","758","prepare_right_AC2","/mnt/home/ldevos/.julia/packages/LRUCache/ZH7qB/src/LRUCache.jl","159","get!","Vector{Tuple{Any, Any}}","24","768","0.01"
"chemistry_like","DMRG2","both","operator preparation","/mnt/home/ldevos/Projects/MPSKit.jl/ld-envs/src/algorithms/derivatives/hamiltonian_derivatives.jl","684","left_AC_ingredients","/mnt/home/ldevos/.julia/packages/TensorKit/SLHMM/src/auxiliary/auxiliary.jl","110","taskforeach","Base.Threads.SpinLock","48","768","0.01"
"chemistry_like","DMRG2","both","operator preparation","/mnt/home/ldevos/Projects/MPSKit.jl/ld-envs/src/algorithms/derivatives/hamiltonian_derivatives.jl","732","prepare_left_AC2","/mnt/home/ldevos/.julia/packages/TensorKit/SLHMM/src/auxiliary/auxiliary.jl","109","taskforeach","Base.Threads.Atomic{Int64}","48","768","0.01"
"chemistry_like","DMRG2","both","environment transfers","/mnt/home/ldevos/Projects/MPSKit.jl/ld-envs/src/transfermatrix/transfer.jl","130","#transfer_left#318","/mnt/home/ldevos/.julia/packages/LRUCache/ZH7qB/src/LRUCache.jl","189","_unsafe_getindex","TensorKit.UniqueTreeTransformer{Int64, 4}","32","768","0.01"
"chemistry_like","DMRG2","both","operator preparation","/mnt/home/ldevos/Projects/MPSKit.jl/ld-envs/src/algorithms/derivatives/hamiltonian_derivatives.jl","665","_contract_GL_O","/mnt/home/ldevos/.julia/packages/LRUCache/ZH7qB/src/LRUCache.jl","189","_unsafe_getindex","TensorKit.UniqueTreeTransformer{Int64, 5}","32","768","0.01"
"chemistry_like","DMRG2","both","operator preparation","/mnt/home/ldevos/Projects/MPSKit.jl/ld-envs/src/algorithms/derivatives/hamiltonian_derivatives.jl","669","_contract_O_GR","/mnt/home/ldevos/.julia/packages/TensorOperations/i1lNc/src/implementation/allocator.jl","453","tensoralloc","Vector{Float64}","24","768","0.01"
"chemistry_like","DMRG2","both","operator preparation","/mnt/home/ldevos/Projects/MPSKit.jl/ld-envs/src/algorithms/derivatives/hamiltonian_derivatives.jl","669","_contract_O_GR","/mnt/home/ldevos/.julia/packages/TensorOperations/i1lNc/src/implementation/strided.jl","145","stridedtensoradd!","TensorOperations.Scaler{Float64}","48","768","0.01"
"chemistry_like","DMRG2","both","operator preparation","/mnt/home/ldevos/Projects/MPSKit.jl/ld-envs/src/algorithms/derivatives/hamiltonian_derivatives.jl","732","prepare_left_AC2","/mnt/home/ldevos/.julia/packages/TensorKit/SLHMM/src/auxiliary/auxiliary.jl","110","taskforeach","Base.Threads.SpinLock","47","752","0.01"
"chemistry_like","DMRG2","both","operator preparation","/mnt/home/ldevos/Projects/MPSKit.jl/ld-envs/src/algorithms/derivatives/hamiltonian_derivatives.jl","758","prepare_right_AC2","/mnt/home/ldevos/.julia/packages/TensorKit/SLHMM/src/tensors/tensor.jl","98","TensorMap","Vector{Float64}","23","736","0.01"
"chemistry_like","DMRG2","both","eigensolve","/mnt/home/ldevos/Projects/MPSKit.jl/ld-envs/src/algorithms/derivatives/hamiltonian_derivatives.jl","494","JordanMPO_AC2_Hamiltonian","/mnt/home/ldevos/.julia/packages/LRUCache/ZH7qB/src/LRUCache.jl","189","_unsafe_getindex","TensorKit.Hashed{TensorKit.TensorMapSpace{TensorKit.GradedSpace{TensorKitSectors.PlanarTrivial, Tuple{Int64}}, 3, 1}, typeof(TensorKit.sectorhash), typeof(TensorKit.sectorequal)}","9","720","0.01"
"chemistry_like","DMRG2","both","eigensolve","/mnt/home/ldevos/Projects/MPSKit.jl/ld-envs/src/algorithms/derivatives/hamiltonian_derivatives.jl","493","JordanMPO_AC2_Hamiltonian","/mnt/home/ldevos/.julia/packages/Strided/yVKLF/src/mapreduce.jl","200","_mapreduce_block!","Tuple{StridedViews.StridedView{Float64, 6, Memory{Float64}, typeof(identity)}, StridedViews.StridedView{Float64, 6, Memory{Float64}, typeof(identity)}}","3","720","0.01"
"chemistry_like","DMRG2","both","operator preparation","/mnt/home/ldevos/Projects/MPSKit.jl/ld-envs/src/algorithms/derivatives/hamiltonian_derivatives.jl","732","prepare_left_AC2","/mnt/home/ldevos/.julia/packages/LRUCache/ZH7qB/src/LRUCache.jl","189","_unsafe_getindex","TensorKit.UniqueTreeTransformer{Int64, 5}","30","720","0.01"
"chemistry_like","DMRG2","both","environment transfers","/mnt/home/ldevos/Projects/MPSKit.jl/ld-envs/src/transfermatrix/transfer.jl","133","#transfer_right#319","/mnt/home/ldevos/.julia/packages/LRUCache/ZH7qB/src/LRUCache.jl","189","_unsafe_getindex","TensorKit.UniqueTreeTransformer{Int64, 3}","30","720","0.01"
"chemistry_like","DMRG2","both","operator preparation","/mnt/home/ldevos/Projects/MPSKit.jl/ld-envs/src/algorithms/derivatives/hamiltonian_derivatives.jl","764","prepare_right_AC2","/mnt/home/ldevos/.julia/packages/LRUCache/ZH7qB/src/LRUCache.jl","189","_unsafe_getindex","TensorKit.DegeneracyStructure{5}","30","720","0.01"
"chemistry_like","DMRG2","both","environment transfers","/mnt/home/ldevos/Projects/MPSKit.jl/ld-envs/src/transfermatrix/transfer.jl","130","#transfer_left#318","/mnt/home/ldevos/.julia/packages/LRUCache/ZH7qB/src/LRUCache.jl","189","_unsafe_getindex","TensorKit.SectorStructure{TensorKitSectors.PlanarTrivial, Tuple{TensorKit.FusionTree{TensorKitSectors.PlanarTrivial, 2, 0, 1}, TensorKit.FusionTree{TensorKitSectors.PlanarTrivial, 1, 0, 0}}}","45","720","0.01"
"chemistry_like","DMRG2","both","operator preparation","/mnt/home/ldevos/Projects/MPSKit.jl/ld-envs/src/algorithms/derivatives/hamiltonian_derivatives.jl","706","#right_AC_ingredients#558","/mnt/home/ldevos/.julia/packages/TensorOperations/i1lNc/src/implementation/allocator.jl","420","unsafe_buffer_wrap","Memory{Float64}","30","720","0.01"
"chemistry_like","DMRG2","both","environment transfers","/mnt/home/ldevos/Projects/MPSKit.jl/ld-envs/src/transfermatrix/transfer.jl","130","#transfer_left#318","/mnt/home/ldevos/.julia/packages/Strided/yVKLF/src/mapreduce.jl","200","_mapreduce_block!","Tuple{Tuple{Int64, Int64, Int64}, Tuple{Int64, Int64, Int64}}","11","704","0.01"
"chemistry_like","DMRG2","both","environment transfers","/mnt/home/ldevos/Projects/MPSKit.jl/ld-envs/src/transfermatrix/transfer.jl","130","#transfer_left#318","/mnt/home/ldevos/.julia/packages/TensorOperations/i1lNc/src/implementation/strided.jl","143","stridedtensoradd!","TensorOperations.Scaler{Float64}","44","704","0.01"
"chemistry_like","DMRG2","both","eigensolve","/mnt/home/ldevos/Projects/MPSKit.jl/ld-envs/src/algorithms/derivatives/hamiltonian_derivatives.jl","493","JordanMPO_AC2_Hamiltonian","/mnt/home/ldevos/.julia/packages/Strided/yVKLF/src/mapreduce.jl","200","_mapreduce_block!","Tuple{StridedViews.StridedView{Float64, 4, Memory{Float64}, typeof(identity)}, StridedViews.StridedView{Float64, 4, Memory{Float64}, typeof(identity)}}","4","704","0.01"
"chemistry_like","DMRG2","both","operator preparation","/mnt/home/ldevos/Projects/MPSKit.jl/ld-envs/src/algorithms/derivatives/hamiltonian_derivatives.jl","720","prepare_right_AC","/mnt/home/ldevos/.julia/packages/LRUCache/ZH7qB/src/LRUCache.jl","189","_unsafe_getindex","TensorKit.DegeneracyStructure{3}","29","696","0.01"
"chemistry_like","DMRG2","both","operator preparation","/mnt/home/ldevos/Projects/MPSKit.jl/ld-envs/src/algorithms/derivatives/hamiltonian_derivatives.jl","669","_contract_O_GR","/mnt/home/ldevos/.julia/packages/LRUCache/ZH7qB/src/LRUCache.jl","189","_unsafe_getindex","TensorKit.UniqueTreeTransformer{Int64, 3}","29","696","0.01"
"chemistry_like","DMRG2","both","operator preparation","/mnt/home/ldevos/Projects/MPSKit.jl/ld-envs/src/algorithms/derivatives/hamiltonian_derivatives.jl","706","#right_AC_ingredients#558","/mnt/home/ldevos/.julia/packages/LRUCache/ZH7qB/src/LRUCache.jl","189","_unsafe_getindex","TensorKit.DegeneracyStructure{3}","29","696","0.01"
"chemistry_like","DMRG2","both","operator preparation","/mnt/home/ldevos/Projects/MPSKit.jl/ld-envs/src/algorithms/derivatives/hamiltonian_derivatives.jl","716","#right_AC_ingredients#558","/mnt/home/ldevos/.julia/packages/BlockTensorKit/Kw0jL/src/auxiliary/sparsetensorarray.jl","87","setindex!","Memory{CartesianIndex{5}}","2","680","0.01"
"chemistry_like","DMRG2","both","operator preparation","/mnt/home/ldevos/Projects/MPSKit.jl/ld-envs/src/algorithms/derivatives/hamiltonian_derivatives.jl","764","prepare_right_AC2","/mnt/home/ldevos/.julia/packages/TensorKit/SLHMM/src/auxiliary/auxiliary.jl","110","taskforeach","Vector{Any}","21","672","0.01"
"chemistry_like","DMRG2","both","operator preparation","/mnt/home/ldevos/Projects/MPSKit.jl/ld-envs/src/algorithms/derivatives/hamiltonian_derivatives.jl","665","_contract_GL_O","/mnt/home/ldevos/.julia/packages/LRUCache/ZH7qB/src/LRUCache.jl","110","_unsafe_haskey","TensorKit.TensorMapSpace{TensorKit.GradedSpace{TensorKitSectors.PlanarTrivial, Tuple{Int64}}, 3, 2}","7","672","0.01"
"chemistry_like","DMRG2","both","operator preparation","/mnt/home/ldevos/Projects/MPSKit.jl/ld-envs/src/algorithms/derivatives/hamiltonian_derivatives.jl","706","#right_AC_ingredients#558","/mnt/home/ldevos/.julia/packages/Strided/yVKLF/src/mapreduce.jl","200","_mapreduce_block!","Tuple{Int64, Int64}","21","672","0.01"
"chemistry_like","DMRG2","both","operator preparation","/mnt/home/ldevos/Projects/MPSKit.jl/ld-envs/src/algorithms/derivatives/hamiltonian_derivatives.jl","751","prepare_left_AC2","/mnt/home/ldevos/.julia/packages/BlockTensorKit/Kw0jL/src/auxiliary/sparsetensorarray.jl","87","setindex!","Memory{CartesianIndex{5}}","1","656","0.01"
"chemistry_like","DMRG2","both","operator preparation","/mnt/home/ldevos/Projects/MPSKit.jl/ld-envs/src/algorithms/derivatives/hamiltonian_derivatives.jl","684","left_AC_ingredients","/mnt/home/ldevos/.julia/packages/TensorKit/SLHMM/src/auxiliary/auxiliary.jl","109","taskforeach","Base.Threads.Atomic{Int64}","41","656","0.01"
"chemistry_like","DMRG2","both","operator preparation","/mnt/home/ldevos/Projects/MPSKit.jl/ld-envs/src/algorithms/derivatives/hamiltonian_derivatives.jl","706","#right_AC_ingredients#558","/mnt/home/ldevos/.julia/packages/LRUCache/ZH7qB/src/LRUCache.jl","189","_unsafe_getindex","TensorKit.UniqueTreeTransformer{Int64, 3}","27","648","0.01"
"chemistry_like","DMRG2","both","operator preparation","/mnt/home/ldevos/Projects/MPSKit.jl/ld-envs/src/algorithms/derivatives/hamiltonian_derivatives.jl","764","prepare_right_AC2","/mnt/home/ldevos/.julia/packages/TensorKit/SLHMM/src/tensors/tensor.jl","98","TensorMap","Vector{Float64}","20","640","0.01"
"chemistry_like","DMRG2","both","operator preparation","/mnt/home/ldevos/Projects/MPSKit.jl/ld-envs/src/algorithms/derivatives/hamiltonian_derivatives.jl","764","prepare_right_AC2","/mnt/home/ldevos/.julia/packages/LRUCache/ZH7qB/src/LRUCache.jl","189","_unsafe_getindex","TensorKit.UniqueTreeTransformer{Int64, 5}","26","624","0.01"
"chemistry_like","DMRG2","both","operator preparation","/mnt/home/ldevos/Projects/MPSKit.jl/ld-envs/src/algorithms/derivatives/hamiltonian_derivatives.jl","727","prepare_left_AC2","/mnt/home/ldevos/.julia/packages/LRUCache/ZH7qB/src/LRUCache.jl","189","_unsafe_getindex","TensorKit.DegeneracyStructure{3}","26","624","0.01"
"chemistry_like","DMRG2","both","operator preparation","/mnt/home/ldevos/Projects/MPSKit.jl/ld-envs/src/algorithms/derivatives/hamiltonian_derivatives.jl","669","_contract_O_GR","/mnt/home/ldevos/.julia/packages/LRUCache/ZH7qB/src/LRUCache.jl","189","_unsafe_getindex","TensorKit.UniqueTreeTransformer{Int64, 4}","26","624","0.01"
"chemistry_like","DMRG2","both","operator preparation","/mnt/home/ldevos/Projects/MPSKit.jl/ld-envs/src/algorithms/derivatives/hamiltonian_derivatives.jl","669","_contract_O_GR","/mnt/home/ldevos/.julia/packages/LRUCache/ZH7qB/src/LRUCache.jl","189","_unsafe_getindex","TensorKit.UniqueTreeTransformer{Int64, 5}","26","624","0.01"
"chemistry_like","DMRG2","both","operator preparation","/mnt/home/ldevos/Projects/MPSKit.jl/ld-envs/src/algorithms/derivatives/hamiltonian_derivatives.jl","681","left_AC_ingredients","/mnt/home/ldevos/.julia/packages/LRUCache/ZH7qB/src/LRUCache.jl","159","get!","Vector{Tuple{Any, Any}}","19","608","0.01"
"chemistry_like","DMRG2","both","operator preparation","/mnt/home/ldevos/Projects/MPSKit.jl/ld-envs/src/algorithms/derivatives/hamiltonian_derivatives.jl","758","prepare_right_AC2","/mnt/home/ldevos/.julia/packages/LRUCache/ZH7qB/src/LRUCache.jl","189","_unsafe_getindex","TensorKit.DegeneracyStructure{3}","25","600","0.01"
"chemistry_like","DMRG2","both","operator preparation","/mnt/home/ldevos/Projects/MPSKit.jl/ld-envs/src/algorithms/derivatives/hamiltonian_derivatives.jl","669","_contract_O_GR","/mnt/home/ldevos/.julia/packages/LRUCache/ZH7qB/src/LRUCache.jl","189","_unsafe_getindex","TensorKit.SectorStructure{TensorKitSectors.PlanarTrivial, Tuple{TensorKit.FusionTree{TensorKitSectors.PlanarTrivial, 3, 1, 2}, TensorKit.FusionTree{TensorKitSectors.PlanarTrivial, 2, 0, 1}}}","37","592","0.01"
"chemistry_like","DMRG2","both","operator preparation","/mnt/home/ldevos/Projects/MPSKit.jl/ld-envs/src/algorithms/derivatives/mpo_derivatives.jl","238","_fuse_env","/mnt/home/ldevos/.julia/packages/LRUCache/ZH7qB/src/LRUCache.jl","189","_unsafe_getindex","TensorKit.TensorMapSpace{TensorKit.GradedSpace{TensorKitSectors.PlanarTrivial, Tuple{Int64}}, 3, 2}","6","576","0.01"
"chemistry_like","DMRG2","both","operator preparation","/mnt/home/ldevos/Projects/MPSKit.jl/ld-envs/src/algorithms/derivatives/hamiltonian_derivatives.jl","727","prepare_left_AC2","/mnt/home/ldevos/.julia/packages/LRUCache/ZH7qB/src/LRUCache.jl","159","get!","Vector{Tuple{Any, Any}}","18","576","0.01"
"chemistry_like","DMRG2","both","operator preparation","/mnt/home/ldevos/Projects/MPSKit.jl/ld-envs/src/algorithms/derivatives/hamiltonian_derivatives.jl","665","_contract_GL_O","/mnt/home/ldevos/.julia/packages/TensorOperations/i1lNc/src/implementation/allocator.jl","453","tensoralloc","Vector{Float64}","18","576","0.01"
"chemistry_like","DMRG2","both","operator preparation","/mnt/home/ldevos/Projects/MPSKit.jl/ld-envs/src/algorithms/derivatives/hamiltonian_derivatives.jl","732","prepare_left_AC2","/mnt/home/ldevos/.julia/packages/BlockTensorKit/Kw0jL/src/auxiliary/sparsetensorarray.jl","87","setindex!","Memory{UInt8}","3","576","0.01"
"chemistry_like","DMRG2","both","eigensolve","/mnt/home/ldevos/Projects/MPSKit.jl/ld-envs/src/algorithms/derivatives/hamiltonian_derivatives.jl","493","JordanMPO_AC2_Hamiltonian","/mnt/home/ldevos/.julia/packages/TensorKit/SLHMM/src/auxiliary/auxiliary.jl","110","taskforeach","Channel{Any}","6","576","0.01"
"chemistry_like","DMRG2","both","eigensolve","/mnt/home/ldevos/Projects/MPSKit.jl/ld-envs/src/algorithms/derivatives/hamiltonian_derivatives.jl","494","JordanMPO_AC2_Hamiltonian","/mnt/home/ldevos/.julia/packages/LRUCache/ZH7qB/src/LRUCache.jl","159","get!","Vector{Tuple{Any, Any}}","18","576","0.01"
"chemistry_like","DMRG2","both","operator preparation","/mnt/home/ldevos/Projects/MPSKit.jl/ld-envs/src/algorithms/derivatives/hamiltonian_derivatives.jl","684","left_AC_ingredients","/mnt/home/ldevos/.julia/packages/LRUCache/ZH7qB/src/LRUCache.jl","189","_unsafe_getindex","TensorKit.UniqueTreeTransformer{Int64, 3}","23","552","0.01"
"chemistry_like","DMRG2","both","operator preparation","/mnt/home/ldevos/Projects/MPSKit.jl/ld-envs/src/algorithms/derivatives/hamiltonian_derivatives.jl","654","copy_operator_side","/mnt/home/ldevos/.julia/packages/TensorKit/SLHMM/src/tensors/tensor.jl","431","copy","Memory{Float64}","1","528","0.01"
"chemistry_like","DMRG2","both","operator preparation","/mnt/home/ldevos/Projects/MPSKit.jl/ld-envs/src/algorithms/derivatives/hamiltonian_derivatives.jl","727","prepare_left_AC2","/mnt/home/ldevos/.julia/packages/BlockTensorKit/Kw0jL/src/vectorspaces/sumspace.jl","63","getindex","Memory{TensorKit.GradedSpace{TensorKitSectors.PlanarTrivial, Tuple{Int64}}}","1","528","0.01"
"chemistry_like","DMRG2","both","operator preparation","/mnt/home/ldevos/Projects/MPSKit.jl/ld-envs/src/algorithms/derivatives/hamiltonian_derivatives.jl","647","copy_operator_side","/mnt/home/ldevos/.julia/packages/TensorKit/SLHMM/src/tensors/tensor.jl","431","copy","Memory{Float64}","1","528","0.01"
"chemistry_like","DMRG2","both","operator preparation","/mnt/home/ldevos/Projects/MPSKit.jl/ld-envs/src/algorithms/derivatives/hamiltonian_derivatives.jl","684","left_AC_ingredients","/mnt/home/ldevos/.julia/packages/TensorOperations/i1lNc/src/implementation/allocator.jl","420","unsafe_buffer_wrap","Vector{Float64}","22","528","0.01"
"chemistry_like","DMRG2","both","operator preparation","/mnt/home/ldevos/Projects/MPSKit.jl/ld-envs/src/algorithms/derivatives/hamiltonian_derivatives.jl","706","#right_AC_ingredients#558","/mnt/home/ldevos/.julia/packages/TensorOperations/i1lNc/src/implementation/strided.jl","143","stridedtensoradd!","TensorOperations.Scaler{Float64}","32","512","0.01"
"chemistry_like","DMRG2","both","operator preparation","/mnt/home/ldevos/Projects/MPSKit.jl/ld-envs/src/algorithms/derivatives/hamiltonian_derivatives.jl","732","prepare_left_AC2","/mnt/home/ldevos/.julia/packages/LRUCache/ZH7qB/src/LRUCache.jl","189","_unsafe_getindex","TensorKit.DegeneracyStructure{6}","21","504","0.01"
"chemistry_like","DMRG2","both","operator preparation","/mnt/home/ldevos/Projects/MPSKit.jl/ld-envs/src/algorithms/derivatives/hamiltonian_derivatives.jl","684","left_AC_ingredients","/mnt/home/ldevos/.julia/packages/TensorOperations/i1lNc/src/implementation/allocator.jl","420","unsafe_buffer_wrap","Memory{Float64}","21","504","0.01"
"chemistry_like","DMRG2","both","operator preparation","/mnt/home/ldevos/Projects/MPSKit.jl/ld-envs/src/algorithms/derivatives/hamiltonian_derivatives.jl","732","prepare_left_AC2","/mnt/home/ldevos/.julia/packages/LRUCache/ZH7qB/src/LRUCache.jl","189","_unsafe_getindex","TensorKit.UniqueTreeTransformer{Int64, 3}","21","504","0.01"
"chemistry_like","DMRG2","both","operator preparation","/mnt/home/ldevos/Projects/MPSKit.jl/ld-envs/src/algorithms/derivatives/hamiltonian_derivatives.jl","720","prepare_right_AC","/mnt/home/ldevos/.julia/packages/LRUCache/ZH7qB/src/LRUCache.jl","189","_unsafe_getindex","TensorKit.SectorStructure{TensorKitSectors.PlanarTrivial, Tuple{TensorKit.FusionTree{TensorKitSectors.PlanarTrivial, 2, 0, 1}, TensorKit.FusionTree{TensorKitSectors.PlanarTrivial, 1, 0, 0}}}","31","496","0.01"
"chemistry_like","DMRG2","both","operator preparation","/mnt/home/ldevos/Projects/MPSKit.jl/ld-envs/src/algorithms/derivatives/hamiltonian_derivatives.jl","684","left_AC_ingredients","/mnt/home/ldevos/.julia/packages/TensorOperations/i1lNc/src/implementation/strided.jl","145","stridedtensoradd!","TensorOperations.Scaler{Float64}","31","496","0.01"
"chemistry_like","DMRG2","both","operator preparation","/mnt/home/ldevos/Projects/MPSKit.jl/ld-envs/src/algorithms/derivatives/hamiltonian_derivatives.jl","764","prepare_right_AC2","/mnt/home/ldevos/.julia/packages/TensorKit/SLHMM/src/auxiliary/auxiliary.jl","110","taskforeach","Base.Threads.SpinLock","31","496","0.01"
"chemistry_like","DMRG2","both","operator preparation","/mnt/home/ldevos/Projects/MPSKit.jl/ld-envs/src/algorithms/derivatives/hamiltonian_derivatives.jl","706","#right_AC_ingredients#558","/mnt/home/ldevos/.julia/packages/TensorOperations/i1lNc/src/implementation/allocator.jl","420","unsafe_buffer_wrap","Vector{Float64}","20","480","0.01"
"chemistry_like","DMRG2","both","operator preparation","/mnt/home/ldevos/Projects/MPSKit.jl/ld-envs/src/algorithms/derivatives/hamiltonian_derivatives.jl","669","_contract_O_GR","/mnt/home/ldevos/.julia/packages/LRUCache/ZH7qB/src/LRUCache.jl","189","_unsafe_getindex","TensorKit.SectorStructure{TensorKitSectors.PlanarTrivial, Tuple{TensorKit.FusionTree{TensorKitSectors.PlanarTrivial, 3, 1, 2}, TensorKit.FusionTree{TensorKitSectors.PlanarTrivial, 1, 0, 0}}}","30","480","0.01"
"chemistry_like","DMRG2","both","other","/mnt/home/ldevos/Projects/MPSKit.jl/ld-envs/src/algorithms/derivatives/hamiltonian_derivatives.jl","493","JordanMPO_AC2_Hamiltonian","/mnt/home/ldevos/.julia/packages/Strided/yVKLF/src/mapreduce.jl","200","_mapreduce_block!","Tuple{StridedViews.StridedView{Float64, 6, Memory{Float64}, typeof(identity)}, StridedViews.StridedView{Float64, 6, Memory{Float64}, typeof(identity)}}","2","480","0.01"
"chemistry_like","DMRG2","both","operator preparation","/mnt/home/ldevos/Projects/MPSKit.jl/ld-envs/src/algorithms/derivatives/hamiltonian_derivatives.jl","681","left_AC_ingredients","/mnt/home/ldevos/.julia/packages/LRUCache/ZH7qB/src/LRUCache.jl","189","_unsafe_getindex","TensorKit.DegeneracyStructure{3}","20","480","0.01"
"chemistry_like","DMRG2","both","operator preparation","/mnt/home/ldevos/Projects/MPSKit.jl/ld-envs/src/algorithms/derivatives/hamiltonian_derivatives.jl","665","_contract_GL_O","/mnt/home/ldevos/.julia/packages/BlockTensorKit/Kw0jL/src/vectorspaces/sumspace.jl","112","dual","Memory{TensorKit.GradedSpace{TensorKitSectors.PlanarTrivial, Tuple{Int64}}}","6","448","0.01"
"chemistry_like","DMRG2","both","operator preparation","/mnt/home/ldevos/Projects/MPSKit.jl/ld-envs/src/algorithms/derivatives/hamiltonian_derivatives.jl","684","left_AC_ingredients","/mnt/home/ldevos/.julia/packages/TensorOperations/i1lNc/src/implementation/strided.jl","143","stridedtensoradd!","TensorOperations.Scaler{Float64}","28","448","0.01"
"chemistry_like","DMRG2","both","eigensolve","/mnt/home/ldevos/Projects/MPSKit.jl/ld-envs/src/algorithms/derivatives/hamiltonian_derivatives.jl","493","JordanMPO_AC2_Hamiltonian","/mnt/home/ldevos/.julia/packages/LRUCache/ZH7qB/src/LRUCache.jl","159","get!","Vector{Tuple{Any, Any}}","14","448","0.01"
"chemistry_like","DMRG2","both","eigensolve","/mnt/home/ldevos/Projects/MPSKit.jl/ld-envs/src/utility/utility.jl","293","mul_front!","/mnt/home/ldevos/.julia/packages/LRUCache/ZH7qB/src/LRUCache.jl","110","_unsafe_haskey","TensorKit.Hashed{TensorKit.TensorMapSpace{TensorKit.GradedSpace{TensorKitSectors.PlanarTrivial, Tuple{Int64}}, 2, 1}, typeof(TensorKit.sectorhash), typeof(TensorKit.sectorequal)}","7","448","0.01"
"chemistry_like","DMRG2","both","gauge","/mnt/home/ldevos/Projects/MPSKit.jl/ld-envs/src/states/orthoview.jl","407","#gauge2!#104","/mnt/home/ldevos/.julia/packages/TensorKit/SLHMM/src/tensors/blockiterators.jl","35","#foreachblock#173","Tuple{TensorKit.TensorMap{Float64, TensorKit.GradedSpace{TensorKitSectors.PlanarTrivial, Tuple{Int64}}, 2, 2, Vector{Float64}}, TensorKit.TensorMap{Float64, TensorKit.GradedSpace{TensorKitSectors.PlanarTrivial, Tuple{Int64}}, 2, 1, Vector{Float64}}, TensorKit.DiagonalTensorMap{Float64, TensorKit.GradedSpace{TensorKitSectors.PlanarTrivial, Tuple{Int64}}, Vector{Float64}}, TensorKit.TensorMap{Float64, TensorKit.GradedSpace{TensorKitSectors.PlanarTrivial, Tuple{Int64}}, 1, 2, Vector{Float64}}}","2","448","0.01"
"chemistry_like","DMRG2","both","operator preparation","/mnt/home/ldevos/Projects/MPSKit.jl/ld-envs/src/algorithms/derivatives/hamiltonian_derivatives.jl","665","_contract_GL_O","/mnt/home/ldevos/.julia/packages/LRUCache/ZH7qB/src/LRUCache.jl","189","_unsafe_getindex","TensorKit.UniqueTreeTransformer{Int64, 3}","18","432","0.01"
"chemistry_like","DMRG2","both","environment transfers","/mnt/home/ldevos/Projects/MPSKit.jl/ld-envs/src/transfermatrix/transfer.jl","133","#transfer_right#319","/mnt/home/ldevos/.julia/packages/LRUCache/ZH7qB/src/LRUCache.jl","189","_unsafe_getindex","TensorKit.SectorStructure{TensorKitSectors.PlanarTrivial, Tuple{TensorKit.FusionTree{TensorKitSectors.PlanarTrivial, 1, 0, 0}, TensorKit.FusionTree{TensorKitSectors.PlanarTrivial, 2, 0, 1}}}","26","416","0.01"
"chemistry_like","DMRG2","both","eigensolve","/mnt/home/ldevos/Projects/MPSKit.jl/ld-envs/src/algorithms/derivatives/hamiltonian_derivatives.jl","493","JordanMPO_AC2_Hamiltonian","/mnt/home/ldevos/.julia/packages/TensorKit/SLHMM/src/auxiliary/auxiliary.jl","110","taskforeach","Base.IntrusiveLinkedList{Task}","13","416","0.01"
"chemistry_like","DMRG2","both","operator preparation","/mnt/home/ldevos/Projects/MPSKit.jl/ld-envs/src/algorithms/derivatives/hamiltonian_derivatives.jl","732","prepare_left_AC2","/mnt/home/ldevos/.julia/packages/LRUCache/ZH7qB/src/LRUCache.jl","189","_unsafe_getindex","TensorKit.SectorStructure{TensorKitSectors.PlanarTrivial, Tuple{TensorKit.FusionTree{TensorKitSectors.PlanarTrivial, 1, 0, 0}, TensorKit.FusionTree{TensorKitSectors.PlanarTrivial, 2, 0, 1}}}","26","416","0.01"
"chemistry_like","DMRG2","both","operator preparation","/mnt/home/ldevos/Projects/MPSKit.jl/ld-envs/src/algorithms/derivatives/hamiltonian_derivatives.jl","706","#right_AC_ingredients#558","/mnt/home/ldevos/.julia/packages/TensorKit/SLHMM/src/auxiliary/auxiliary.jl","110","taskforeach","Base.Threads.SpinLock","26","416","0.01"
"chemistry_like","DMRG2","both","operator preparation","/mnt/home/ldevos/Projects/MPSKit.jl/ld-envs/src/algorithms/derivatives/hamiltonian_derivatives.jl","684","left_AC_ingredients","/mnt/home/ldevos/.julia/packages/BlockTensorKit/Kw0jL/src/vectorspaces/sumspace.jl","112","dual","Memory{TensorKit.GradedSpace{TensorKitSectors.PlanarTrivial, Tuple{Int64}}}","5","416","0.01"
"chemistry_like","DMRG2","both","operator preparation","/mnt/home/ldevos/Projects/MPSKit.jl/ld-envs/src/algorithms/derivatives/hamiltonian_derivatives.jl","669","_contract_O_GR","/mnt/home/ldevos/.julia/packages/LRUCache/ZH7qB/src/LRUCache.jl","189","_unsafe_getindex","TensorKit.SectorStructure{TensorKitSectors.PlanarTrivial, Tuple{TensorKit.FusionTree{TensorKitSectors.PlanarTrivial, 1, 0, 0}, TensorKit.FusionTree{TensorKitSectors.PlanarTrivial, 2, 0, 1}}}","25","400","0.01"
"chemistry_like","DMRG2","both","eigensolve","/mnt/home/ldevos/Projects/MPSKit.jl/ld-envs/src/algorithms/derivatives/hamiltonian_derivatives.jl","493","JordanMPO_AC2_Hamiltonian","/mnt/home/ldevos/.julia/packages/LRUCache/ZH7qB/src/LRUCache.jl","110","_unsafe_haskey","TensorKit.Hashed{TensorKit.TensorMapSpace{TensorKit.GradedSpace{TensorKitSectors.PlanarTrivial, Tuple{Int64}}, 1, 3}, typeof(TensorKit.sectorhash), typeof(TensorKit.sectorequal)}","5","400","0.01"
"chemistry_like","DMRG2","both","eigensolve","/mnt/home/ldevos/Projects/MPSKit.jl/ld-envs/src/algorithms/derivatives/hamiltonian_derivatives.jl","494","JordanMPO_AC2_Hamiltonian","/mnt/home/ldevos/.julia/packages/TensorKit/SLHMM/src/auxiliary/auxiliary.jl","110","taskforeach","Base.IntrusiveLinkedList{Task}","12","384","0.01"
"chemistry_like","DMRG2","both","eigensolve","/mnt/home/ldevos/Projects/MPSKit.jl/ld-envs/src/algorithms/derivatives/hamiltonian_derivatives.jl","493","JordanMPO_AC2_Hamiltonian","/mnt/home/ldevos/.julia/packages/Strided/yVKLF/src/mapreduce.jl","200","_mapreduce_block!","StridedViews.StridedView{Float64, 6, Memory{Float64}, typeof(identity)}","3","384","0.01"
"chemistry_like","DMRG2","both","eigensolve","/mnt/home/ldevos/Projects/MPSKit.jl/ld-envs/src/algorithms/derivatives/mpo_derivatives.jl","321","PrecomputedDerivative","/mnt/home/ldevos/.julia/packages/LRUCache/ZH7qB/src/LRUCache.jl","159","get!","Vector{Tuple{Any, Any}}","12","384","0.01"
"chemistry_like","DMRG2","both","operator preparation","/mnt/home/ldevos/Projects/MPSKit.jl/ld-envs/src/algorithms/derivatives/hamiltonian_derivatives.jl","665","_contract_GL_O","/mnt/home/ldevos/.julia/packages/LRUCache/ZH7qB/src/LRUCache.jl","189","_unsafe_getindex","TensorKit.SectorStructure{TensorKitSectors.PlanarTrivial, Tuple{TensorKit.FusionTree{TensorKitSectors.PlanarTrivial, 2, 0, 1}, TensorKit.FusionTree{TensorKitSectors.PlanarTrivial, 3, 1, 2}}}","24","384","0.01"
"chemistry_like","DMRG2","both","eigensolve","/mnt/home/ldevos/Projects/MPSKit.jl/ld-envs/src/algorithms/derivatives/hamiltonian_derivatives.jl","493","JordanMPO_AC2_Hamiltonian","/mnt/home/ldevos/.julia/packages/TensorKit/SLHMM/src/auxiliary/auxiliary.jl","110","taskforeach","ReentrantLock","6","384","0.01"
"chemistry_like","DMRG2","both","eigensolve","/mnt/home/ldevos/Projects/MPSKit.jl/ld-envs/src/algorithms/derivatives/mpo_derivatives.jl","321","PrecomputedDerivative","/mnt/home/ldevos/.julia/packages/LRUCache/ZH7qB/src/LRUCache.jl","189","_unsafe_getindex","TensorKit.Hashed{TensorKit.TensorMapSpace{TensorKit.GradedSpace{TensorKitSectors.PlanarTrivial, Tuple{Int64}}, 2, 1}, typeof(TensorKit.sectorhash), typeof(TensorKit.sectorequal)}","6","384","0.01"
"chemistry_like","DMRG2","both","operator preparation","/mnt/home/ldevos/Projects/MPSKit.jl/ld-envs/src/algorithms/derivatives/hamiltonian_derivatives.jl","665","_contract_GL_O","/mnt/home/ldevos/.julia/packages/LRUCache/ZH7qB/src/LRUCache.jl","189","_unsafe_getindex","TensorKit.SectorStructure{TensorKitSectors.PlanarTrivial, Tuple{TensorKit.FusionTree{TensorKitSectors.PlanarTrivial, 2, 0, 1}, TensorKit.FusionTree{TensorKitSectors.PlanarTrivial, 1, 0, 0}}}","23","368","0.01"
"chemistry_like","DMRG2","both","operator preparation","/mnt/home/ldevos/Projects/MPSKit.jl/ld-envs/src/algorithms/derivatives/hamiltonian_derivatives.jl","684","left_AC_ingredients","/mnt/home/ldevos/.julia/packages/LRUCache/ZH7qB/src/LRUCache.jl","189","_unsafe_getindex","TensorKit.DegeneracyStructure{4}","15","360","0.01"
"chemistry_like","DMRG2","both","eigensolve","/mnt/home/ldevos/Projects/MPSKit.jl/ld-envs/src/algorithms/derivatives/hamiltonian_derivatives.jl","494","JordanMPO_AC2_Hamiltonian","/mnt/home/ldevos/.julia/packages/Strided/yVKLF/src/mapreduce.jl","200","_mapreduce_block!","Tuple{StridedViews.StridedView{Float64, 4, Memory{Float64}, typeof(identity)}, StridedViews.StridedView{Float64, 4, Memory{Float64}, typeof(identity)}}","2","352","0.01"
"chemistry_like","DMRG2","both","operator preparation","/mnt/home/ldevos/Projects/MPSKit.jl/ld-envs/src/algorithms/derivatives/mpo_derivatives.jl","238","_fuse_env","/mnt/home/ldevos/.julia/packages/LRUCache/ZH7qB/src/LRUCache.jl","189","_unsafe_getindex","TensorKit.SectorStructure{TensorKitSectors.PlanarTrivial, Tuple{TensorKit.FusionTree{TensorKitSectors.PlanarTrivial, 2, 0, 1}, TensorKit.FusionTree{TensorKitSectors.PlanarTrivial, 3, 1, 2}}}","22","352","0.01"
"chemistry_like","DMRG2","both","eigensolve","/mnt/home/ldevos/Projects/MPSKit.jl/ld-envs/src/algorithms/fixedpoint.jl","16","fixedpoint","/mnt/home/ldevos/.julia/packages/KrylovKit/bEE7W/src/dense/linalg.jl","450","stegr!","Memory{Float64}","3","352","0.01"
"chemistry_like","DMRG2","both","operator preparation","/mnt/home/ldevos/Projects/MPSKit.jl/ld-envs/src/algorithms/derivatives/hamiltonian_derivatives.jl","684","left_AC_ingredients","/mnt/home/ldevos/.julia/packages/TensorKit/SLHMM/src/tensors/tensor.jl","98","TensorMap","Vector{Float64}","11","352","0.01"
"chemistry_like","DMRG2","both","operator preparation","/mnt/home/ldevos/Projects/MPSKit.jl/ld-envs/src/algorithms/derivatives/hamiltonian_derivatives.jl","764","prepare_right_AC2","/mnt/home/ldevos/.julia/packages/BlockTensorKit/Kw0jL/src/vectorspaces/sumspace.jl","112","dual","Vector{TensorKit.GradedSpace{TensorKitSectors.PlanarTrivial, Tuple{Int64}}}","11","352","0.01"
"chemistry_like","DMRG2","both","eigensolve","/mnt/home/ldevos/Projects/MPSKit.jl/ld-envs/src/algorithms/derivatives/hamiltonian_derivatives.jl","493","JordanMPO_AC2_Hamiltonian","/mnt/home/ldevos/.julia/packages/LRUCache/ZH7qB/src/LRUCache.jl","110","_unsafe_haskey","TensorKit.Hashed{TensorKit.TensorMapSpace{TensorKit.GradedSpace{TensorKitSectors.PlanarTrivial, Tuple{Int64}}, 3, 3}, typeof(TensorKit.sectorhash), typeof(TensorKit.sectorequal)}","3","336","0.01"
"chemistry_like","DMRG2","both","operator preparation","/mnt/home/ldevos/Projects/MPSKit.jl/ld-envs/src/algorithms/derivatives/hamiltonian_derivatives.jl","764","prepare_right_AC2","/mnt/home/ldevos/.julia/packages/TensorKit/SLHMM/src/auxiliary/auxiliary.jl","109","taskforeach","Base.Threads.Atomic{Int64}","21","336","0.01"
"chemistry_like","DMRG2","both","operator preparation","/mnt/home/ldevos/Projects/MPSKit.jl/ld-envs/src/algorithms/derivatives/hamiltonian_derivatives.jl","432","prepare_operator!!","/mnt/home/ldevos/.julia/packages/Strided/yVKLF/src/mapreduce.jl","200","_mapreduce_block!","Tuple{StridedViews.StridedView{Float64, 2, Memory{Float64}, typeof(identity)}, StridedViews.StridedView{Float64, 2, Memory{Float64}, typeof(identity)}}","3","336","0.01"
"chemistry_like","DMRG2","both","operator preparation","/mnt/home/ldevos/Projects/MPSKit.jl/ld-envs/src/algorithms/derivatives/hamiltonian_derivatives.jl","706","#right_AC_ingredients#558","/mnt/home/ldevos/.julia/packages/TensorKit/SLHMM/src/auxiliary/auxiliary.jl","109","taskforeach","Base.Threads.Atomic{Int64}","21","336","0.01"
"chemistry_like","DMRG2","both","eigensolve","/mnt/home/ldevos/Projects/MPSKit.jl/ld-envs/src/algorithms/derivatives/hamiltonian_derivatives.jl","493","JordanMPO_AC2_Hamiltonian","/mnt/home/ldevos/.julia/packages/Strided/yVKLF/src/mapreduce.jl","200","_mapreduce_block!","Tuple{NTuple{4, Int64}, NTuple{4, Int64}}","4","320","0.01"
"chemistry_like","DMRG2","both","operator preparation","/mnt/home/ldevos/Projects/MPSKit.jl/ld-envs/src/algorithms/derivatives/hamiltonian_derivatives.jl","684","left_AC_ingredients","/mnt/home/ldevos/.julia/packages/LRUCache/ZH7qB/src/LRUCache.jl","189","_unsafe_getindex","TensorKit.SectorStructure{TensorKitSectors.PlanarTrivial, Tuple{TensorKit.FusionTree{TensorKitSectors.PlanarTrivial, 2, 0, 1}, TensorKit.FusionTree{TensorKitSectors.PlanarTrivial, 2, 0, 1}}}","20","320","0.01"
"chemistry_like","DMRG2","both","operator preparation","/mnt/home/ldevos/Projects/MPSKit.jl/ld-envs/src/algorithms/derivatives/hamiltonian_derivatives.jl","665","_contract_GL_O","/mnt/home/ldevos/.julia/packages/LRUCache/ZH7qB/src/LRUCache.jl","189","_unsafe_getindex","TensorKit.SectorStructure{TensorKitSectors.PlanarTrivial, Tuple{TensorKit.FusionTree{TensorKitSectors.PlanarTrivial, 1, 0, 0}, TensorKit.FusionTree{TensorKitSectors.PlanarTrivial, 3, 1, 2}}}","20","320","0.01"
"chemistry_like","DMRG2","both","eigensolve","/mnt/home/ldevos/Projects/MPSKit.jl/ld-envs/src/algorithms/derivatives/mpo_derivatives.jl","321","PrecomputedDerivative","/mnt/home/ldevos/.julia/packages/LRUCache/ZH7qB/src/LRUCache.jl","110","_unsafe_haskey","TensorKit.Hashed{TensorKit.TensorMapSpace{TensorKit.GradedSpace{TensorKitSectors.PlanarTrivial, Tuple{Int64}}, 2, 1}, typeof(TensorKit.sectorhash), typeof(TensorKit.sectorequal)}","5","320","0.01"
"chemistry_like","DMRG2","both","environment transfers","/mnt/home/ldevos/Projects/MPSKit.jl/ld-envs/src/transfermatrix/transfer.jl","130","#transfer_left#318","/mnt/home/ldevos/.julia/packages/BlockTensorKit/Kw0jL/src/vectorspaces/sumspace.jl","112","dual","Memory{TensorKit.GradedSpace{TensorKitSectors.PlanarTrivial, Tuple{Int64}}}","5","304","0.01"
"chemistry_like","DMRG2","both","environment transfers","/mnt/home/ldevos/Projects/MPSKit.jl/ld-envs/src/transfermatrix/transfer.jl","130","#transfer_left#318","/mnt/home/ldevos/.julia/packages/LRUCache/ZH7qB/src/LRUCache.jl","189","_unsafe_getindex","TensorKit.SectorStructure{TensorKitSectors.PlanarTrivial, Tuple{TensorKit.FusionTree{TensorKitSectors.PlanarTrivial, 1, 0, 0}, TensorKit.FusionTree{TensorKitSectors.PlanarTrivial, 2, 0, 1}}}","18","288","0.01"
"chemistry_like","DMRG2","both","eigensolve","/mnt/home/ldevos/Projects/MPSKit.jl/ld-envs/src/utility/utility.jl","295","mul_front!","/mnt/home/ldevos/.julia/packages/TensorOperations/i1lNc/src/implementation/blascontract.jl","111","makeblascontractable","Tuple{StridedViews.StridedView{Float64, 3, Memory{Float64}, typeof(identity)}, Tuple{Tuple{Int64}, Tuple{Int64, Int64}}, Bool}","3","288","0.01"
"chemistry_like","DMRG2","both","eigensolve","/mnt/home/ldevos/Projects/MPSKit.jl/ld-envs/src/algorithms/derivatives/hamiltonian_derivatives.jl","493","JordanMPO_AC2_Hamiltonian","/mnt/home/ldevos/.julia/packages/Strided/yVKLF/src/mapreduce.jl","200","_mapreduce_block!","StridedViews.StridedView{Float64, 4, Memory{Float64}, typeof(identity)}","3","288","0.01"
"chemistry_like","DMRG2","both","eigensolve","/mnt/home/ldevos/Projects/MPSKit.jl/ld-envs/src/algorithms/derivatives/hamiltonian_derivatives.jl","494","JordanMPO_AC2_Hamiltonian","/mnt/home/ldevos/.julia/packages/TensorKit/SLHMM/src/auxiliary/auxiliary.jl","110","taskforeach","Channel{Any}","3","288","0.01"
"chemistry_like","DMRG2","both","eigensolve","/mnt/home/ldevos/Projects/MPSKit.jl/ld-envs/src/algorithms/derivatives/hamiltonian_derivatives.jl","493","JordanMPO_AC2_Hamiltonian","/mnt/home/ldevos/.julia/packages/Strided/yVKLF/src/mapreduce.jl","200","_mapreduce_block!","NTuple{4, Int64}","6","288","0.01"
"chemistry_like","DMRG2","both","eigensolve","/mnt/home/ldevos/Projects/MPSKit.jl/ld-envs/src/algorithms/derivatives/hamiltonian_derivatives.jl","494","JordanMPO_AC2_Hamiltonian","/mnt/home/ldevos/.julia/packages/TensorKit/SLHMM/src/tensors/indexmanipulations.jl","660","add_transform_kernel!","TensorKit.var""#add_transform_kernel!##0#add_transform_kernel!##1""{TensorKit.StridedSubblocks{Memory{Float64}, 4}, TensorKit.StridedSubblocks{Memory{Float64}, 4}, Tuple{NTuple{4, Int64}, Tuple{}}, Bool, VectorInterface.One, VectorInterface.One, TensorOperations.DefaultBackend, TensorOperations.BufferAllocator{Memory{UInt8}}}","3","288","0.01"
"chemistry_like","DMRG2","both","environment transfers","/mnt/home/ldevos/Projects/MPSKit.jl/ld-envs/src/transfermatrix/transfer.jl","130","#transfer_left#318","/mnt/home/ldevos/.julia/packages/LRUCache/ZH7qB/src/LRUCache.jl","189","_unsafe_getindex","TensorKit.UniqueTreeTransformer{Int64, 3}","12","288","0.01"
"chemistry_like","DMRG2","both","eigensolve","/mnt/home/ldevos/Projects/MPSKit.jl/ld-envs/src/algorithms/derivatives/hamiltonian_derivatives.jl","494","JordanMPO_AC2_Hamiltonian","/mnt/home/ldevos/.julia/packages/TensorKit/SLHMM/src/auxiliary/auxiliary.jl","110","taskforeach","InvalidStateException","8","256","0.01"
"chemistry_like","DMRG2","both","gauge","/mnt/home/ldevos/Projects/MPSKit.jl/ld-envs/src/states/orthoview.jl","407","#gauge2!#104","/mnt/home/ldevos/.julia/packages/LRUCache/ZH7qB/src/LRUCache.jl","159","get!","Vector{Tuple{Any, Any}}","8","256","0.01"
"chemistry_like","DMRG2","both","eigensolve","/mnt/home/ldevos/Projects/MPSKit.jl/ld-envs/src/utility/utility.jl","285","mul_front!","/mnt/home/ldevos/.julia/packages/LRUCache/ZH7qB/src/LRUCache.jl","189","_unsafe_getindex","TensorKit.Hashed{TensorKit.TensorMapSpace{TensorKit.GradedSpace{TensorKitSectors.PlanarTrivial, Tuple{Int64}}, 2, 1}, typeof(TensorKit.sectorhash), typeof(TensorKit.sectorequal)}","4","256","0.01"
"chemistry_like","DMRG2","both","eigensolve","/mnt/home/ldevos/Projects/MPSKit.jl/ld-envs/src/algorithms/derivatives/hamiltonian_derivatives.jl","494","JordanMPO_AC2_Hamiltonian","/mnt/home/ldevos/.julia/packages/TensorKit/SLHMM/src/auxiliary/auxiliary.jl","110","taskforeach","ReentrantLock","4","256","0.01"
"chemistry_like","DMRG2","both","operator preparation","/mnt/home/ldevos/Projects/MPSKit.jl/ld-envs/src/algorithms/derivatives/hamiltonian_derivatives.jl","684","left_AC_ingredients","/mnt/home/ldevos/.julia/packages/LRUCache/ZH7qB/src/LRUCache.jl","189","_unsafe_getindex","TensorKit.SectorStructure{TensorKitSectors.PlanarTrivial, Tuple{TensorKit.FusionTree{TensorKitSectors.PlanarTrivial, 2, 0, 1}, TensorKit.FusionTree{TensorKitSectors.PlanarTrivial, 1, 0, 0}}}","16","256","0.01"
"chemistry_like","DMRG2","both","operator preparation","/mnt/home/ldevos/Projects/MPSKit.jl/ld-envs/src/algorithms/derivatives/hamiltonian_derivatives.jl","381","prepare_operator!!","/mnt/home/ldevos/.julia/packages/Strided/yVKLF/src/mapreduce.jl","200","_mapreduce_block!","Tuple{StridedViews.StridedView{Float64, 6, Memory{Float64}, typeof(identity)}, StridedViews.StridedView{Float64, 6, Memory{Float64}, typeof(identity)}}","1","240","0.01"
"chemistry_like","DMRG2","both","operator preparation","/mnt/home/ldevos/Projects/MPSKit.jl/ld-envs/src/algorithms/derivatives/hamiltonian_derivatives.jl","684","left_AC_ingredients","/mnt/home/ldevos/.julia/packages/LRUCache/ZH7qB/src/LRUCache.jl","189","_unsafe_getindex","TensorKit.SectorStructure{TensorKitSectors.PlanarTrivial, Tuple{TensorKit.FusionTree{TensorKitSectors.PlanarTrivial, 1, 0, 0}, TensorKit.FusionTree{TensorKitSectors.PlanarTrivial, 2, 0, 1}}}","15","240","0.01"
"chemistry_like","DMRG2","both","operator preparation","/mnt/home/ldevos/Projects/MPSKit.jl/ld-envs/src/algorithms/derivatives/hamiltonian_derivatives.jl","732","prepare_left_AC2","/mnt/home/ldevos/.julia/packages/LRUCache/ZH7qB/src/LRUCache.jl","189","_unsafe_getindex","TensorKit.SectorStructure{TensorKitSectors.PlanarTrivial, Tuple{TensorKit.FusionTree{TensorKitSectors.PlanarTrivial, 4, 2, 3}, TensorKit.FusionTree{TensorKitSectors.PlanarTrivial, 1, 0, 0}}}","15","240","0.01"
"chemistry_like","DMRG2","both","operator preparation","/mnt/home/ldevos/Projects/MPSKit.jl/ld-envs/src/algorithms/derivatives/hamiltonian_derivatives.jl","732","prepare_left_AC2","/mnt/home/ldevos/.julia/packages/LRUCache/ZH7qB/src/LRUCache.jl","189","_unsafe_getindex","TensorKit.SectorStructure{TensorKitSectors.PlanarTrivial, Tuple{TensorKit.FusionTree{TensorKitSectors.PlanarTrivial, 4, 2, 3}, TensorKit.FusionTree{TensorKitSectors.PlanarTrivial, 2, 0, 1}}}","14","224","0.01"
"chemistry_like","DMRG2","both","operator preparation","/mnt/home/ldevos/Projects/MPSKit.jl/ld-envs/src/algorithms/derivatives/hamiltonian_derivatives.jl","417","prepare_operator!!","/mnt/home/ldevos/.julia/packages/TensorKit/SLHMM/src/tensors/indexmanipulations.jl","660","add_transform_kernel!","TensorKit.var""#add_transform_kernel!##0#add_transform_kernel!##1""{TensorKit.StridedSubblocks{Memory{Float64}, 6}, TensorKit.StridedSubblocks{Memory{Float64}, 6}, Tuple{NTuple{6, Int64}, Tuple{}}, Bool, VectorInterface.One, VectorInterface.One, TensorOperations.DefaultBackend, TensorOperations.BufferAllocator{Memory{UInt8}}}","2","224","0.01"
"chemistry_like","DMRG2","both","eigensolve","/mnt/home/ldevos/Projects/MPSKit.jl/ld-envs/src/algorithms/derivatives/hamiltonian_derivatives.jl","493","JordanMPO_AC2_Hamiltonian","/mnt/home/ldevos/.julia/packages/LRUCache/ZH7qB/src/LRUCache.jl","189","_unsafe_getindex","TensorKit.Hashed{TensorKit.TensorMapSpace{TensorKit.GradedSpace{TensorKitSectors.PlanarTrivial, Tuple{Int64}}, 3, 3}, typeof(TensorKit.sectorhash), typeof(TensorKit.sectorequal)}","2","224","0.01"
"chemistry_like","DMRG2","both","eigensolve","/mnt/home/ldevos/Projects/MPSKit.jl/ld-envs/src/algorithms/derivatives/hamiltonian_derivatives.jl","493","JordanMPO_AC2_Hamiltonian","/mnt/home/ldevos/.julia/packages/Strided/yVKLF/src/mapreduce.jl","200","_mapreduce_block!","Tuple{Int64, Int64}","7","224","0.01"
"chemistry_like","DMRG2","both","eigensolve","/mnt/home/ldevos/Projects/MPSKit.jl/ld-envs/src/algorithms/fixedpoint.jl","16","fixedpoint","/mnt/home/ldevos/.julia/packages/KrylovKit/bEE7W/src/dense/linalg.jl","405","stegr!","Memory{Float64}","2","200","0.01"
"chemistry_like","DMRG2","both","eigensolve","/mnt/home/ldevos/Projects/MPSKit.jl/ld-envs/src/algorithms/derivatives/hamiltonian_derivatives.jl","494","JordanMPO_AC2_Hamiltonian","/mnt/home/ldevos/.julia/packages/TensorKit/SLHMM/src/tensors/indexmanipulations.jl","660","add_transform_kernel!","TensorKit.var""#add_transform_kernel!##0#add_transform_kernel!##1""{TensorKit.StridedSubblocks{Memory{Float64}, 4}, TensorKit.StridedSubblocks{Memory{Float64}, 4}, Tuple{NTuple{4, Int64}, Tuple{}}, Bool, VectorInterface.One, VectorInterface.Zero, TensorOperations.DefaultBackend, TensorOperations.BufferAllocator{Memory{UInt8}}}","2","192","0.01"
"chemistry_like","DMRG2","both","eigensolve","/mnt/home/ldevos/Projects/MPSKit.jl/ld-envs/src/algorithms/derivatives/hamiltonian_derivatives.jl","494","JordanMPO_AC2_Hamiltonian","/mnt/home/ldevos/.julia/packages/Strided/yVKLF/src/mapreduce.jl","200","_mapreduce_block!","StridedViews.StridedView{Float64, 4, Memory{Float64}, typeof(identity)}","2","192","0.01"
"chemistry_like","DMRG2","both","gauge","/mnt/home/ldevos/Projects/MPSKit.jl/ld-envs/src/states/orthoview.jl","407","#gauge2!#104","/mnt/home/ldevos/.julia/packages/LRUCache/ZH7qB/src/LRUCache.jl","110","_unsafe_haskey","TensorKit.Hashed{TensorKit.TensorMapSpace{TensorKit.GradedSpace{TensorKitSectors.PlanarTrivial, Tuple{Int64}}, 2, 1}, typeof(TensorKit.sectorhash), typeof(TensorKit.sectorequal)}","3","192","0.01"
"chemistry_like","DMRG2","both","eigensolve","/mnt/home/ldevos/Projects/MPSKit.jl/ld-envs/src/algorithms/derivatives/hamiltonian_derivatives.jl","494","JordanMPO_AC2_Hamiltonian","/mnt/home/ldevos/.julia/packages/Strided/yVKLF/src/mapreduce.jl","200","_mapreduce_block!","NTuple{4, Int64}","4","192","0.01"
"chemistry_like","DMRG2","both","eigensolve","/mnt/home/ldevos/Projects/MPSKit.jl/ld-envs/src/utility/utility.jl","284","mul_front!","/mnt/home/ldevos/.julia/packages/LRUCache/ZH7qB/src/LRUCache.jl","110","_unsafe_haskey","TensorKit.Hashed{TensorKit.TensorMapSpace{TensorKit.GradedSpace{TensorKitSectors.PlanarTrivial, Tuple{Int64}}, 2, 1}, typeof(TensorKit.sectorhash), typeof(TensorKit.sectorequal)}","3","192","0.01"
"chemistry_like","DMRG2","both","operator preparation","/mnt/home/ldevos/Projects/MPSKit.jl/ld-envs/src/algorithms/derivatives/hamiltonian_derivatives.jl","764","prepare_right_AC2","/mnt/home/ldevos/.julia/packages/LRUCache/ZH7qB/src/LRUCache.jl","110","_unsafe_haskey","TensorKit.Hashed{TensorKit.TensorMapSpace{TensorKit.GradedSpace{TensorKitSectors.PlanarTrivial, Tuple{Int64}}, 1, 4}, typeof(TensorKit.sectorhash), typeof(TensorKit.sectorequal)}","2","192","0.01"
"chemistry_like","DMRG2","both","eigensolve","/mnt/home/ldevos/Projects/MPSKit.jl/ld-envs/src/algorithms/derivatives/hamiltonian_derivatives.jl","493","JordanMPO_AC2_Hamiltonian","/mnt/home/ldevos/.julia/packages/Strided/yVKLF/src/mapreduce.jl","200","_mapreduce_block!","NTuple{6, Int64}","3","192","0.01"
"chemistry_like","DMRG2","both","other","/mnt/home/ldevos/Projects/MPSKit.jl/ld-envs/src/utility/utility.jl","5","#_transpose_tail#9","/mnt/home/ldevos/.julia/packages/TensorKit/SLHMM/src/auxiliary/auxiliary.jl","110","taskforeach","Channel{Any}","2","192","0.01"
"chemistry_like","DMRG2","both","other","/mnt/home/ldevos/Projects/MPSKit.jl/ld-envs/src/algorithms/derivatives/hamiltonian_derivatives.jl","494","JordanMPO_AC2_Hamiltonian","/mnt/home/ldevos/.julia/packages/TensorKit/SLHMM/src/auxiliary/auxiliary.jl","110","taskforeach","ReentrantLock","3","192","0.01"
"chemistry_like","DMRG2","both","gauge","/mnt/home/ldevos/Projects/MPSKit.jl/ld-envs/src/states/orthoview.jl","407","#gauge2!#104","/mnt/home/ldevos/.julia/packages/LRUCache/ZH7qB/src/LRUCache.jl","189","_unsafe_getindex","TensorKit.Hashed{TensorKit.TensorMapSpace{TensorKit.GradedSpace{TensorKitSectors.PlanarTrivial, Tuple{Int64}}, 2, 1}, typeof(TensorKit.sectorhash), typeof(TensorKit.sectorequal)}","3","192","0.01"
"chemistry_like","DMRG2","both","eigensolve","/mnt/home/ldevos/Projects/MPSKit.jl/ld-envs/src/algorithms/derivatives/hamiltonian_derivatives.jl","493","JordanMPO_AC2_Hamiltonian","/mnt/home/ldevos/.julia/packages/TensorKit/SLHMM/src/auxiliary/auxiliary.jl","110","taskforeach","Vector{Any}","6","192","0.01"
"chemistry_like","DMRG2","both","eigensolve","/mnt/home/ldevos/Projects/MPSKit.jl/ld-envs/src/algorithms/derivatives/mpo_derivatives.jl","321","PrecomputedDerivative","/mnt/home/ldevos/.julia/packages/LRUCache/ZH7qB/src/LRUCache.jl","110","_unsafe_haskey","TensorKit.Hashed{TensorKit.TensorMapSpace{TensorKit.GradedSpace{TensorKitSectors.PlanarTrivial, Tuple{Int64}}, 1, 2}, typeof(TensorKit.sectorhash), typeof(TensorKit.sectorequal)}","3","192","0.01"
"chemistry_like","DMRG2","both","environment transfers","/mnt/home/ldevos/Projects/MPSKit.jl/ld-envs/src/transfermatrix/transfer.jl","133","#transfer_right#319","/mnt/home/ldevos/.julia/packages/BlockTensorKit/Kw0jL/src/vectorspaces/sumspace.jl","112","dual","Vector{TensorKit.GradedSpace{TensorKitSectors.PlanarTrivial, Tuple{Int64}}}","6","192","0.01"
"chemistry_like","DMRG2","both","operator preparation","/mnt/home/ldevos/Projects/MPSKit.jl/ld-envs/src/algorithms/derivatives/hamiltonian_derivatives.jl","665","_contract_GL_O","/mnt/home/ldevos/.julia/packages/LRUCache/ZH7qB/src/LRUCache.jl","189","_unsafe_getindex","TensorKit.TensorMapSpace{TensorKit.GradedSpace{TensorKitSectors.PlanarTrivial, Tuple{Int64}}, 3, 2}","2","192","0.01"
"chemistry_like","DMRG2","both","operator preparation","/mnt/home/ldevos/Projects/MPSKit.jl/ld-envs/src/algorithms/derivatives/hamiltonian_derivatives.jl","121","prepare_operator!!","/mnt/home/ldevos/.julia/packages/TensorKit/SLHMM/src/auxiliary/auxiliary.jl","110","taskforeach","Channel{Any}","2","192","0.01"
"chemistry_like","DMRG2","both","operator preparation","/mnt/home/ldevos/Projects/MPSKit.jl/ld-envs/src/algorithms/derivatives/hamiltonian_derivatives.jl","121","prepare_operator!!","/mnt/home/ldevos/.julia/packages/Strided/yVKLF/src/mapreduce.jl","200","_mapreduce_block!","Tuple{StridedViews.StridedView{Float64, 4, Memory{Float64}, typeof(identity)}, StridedViews.StridedView{Float64, 4, Memory{Float64}, typeof(identity)}}","1","176","0.01"
"chemistry_like","DMRG2","both","eigensolve","/mnt/home/ldevos/Projects/MPSKit.jl/ld-envs/src/algorithms/fixedpoint.jl","16","fixedpoint","/mnt/home/ldevos/.julia/packages/KrylovKit/bEE7W/src/dense/reflector.jl","117","rmul!","Memory{Float64}","2","176","0.01"
"chemistry_like","DMRG2","both","eigensolve","/mnt/home/ldevos/Projects/MPSKit.jl/ld-envs/src/algorithms/derivatives/hamiltonian_derivatives.jl","496","JordanMPO_AC2_Hamiltonian","/mnt/home/ldevos/.julia/packages/Strided/yVKLF/src/mapreduce.jl","200","_mapreduce_block!","Tuple{StridedViews.StridedView{Float64, 4, Memory{Float64}, typeof(identity)}, StridedViews.StridedView{Float64, 4, Memory{Float64}, typeof(identity)}}","1","176","0.01"
"chemistry_like","DMRG2","both","other","/mnt/home/ldevos/Projects/MPSKit.jl/ld-envs/src/states/finitemps.jl","380","#AC2#71","/mnt/home/ldevos/.julia/packages/LRUCache/ZH7qB/src/LRUCache.jl","189","_unsafe_getindex","TensorKit.Hashed{TensorKit.TensorMapSpace{TensorKit.GradedSpace{TensorKitSectors.PlanarTrivial, Tuple{Int64}}, 2, 2}, typeof(TensorKit.sectorhash), typeof(TensorKit.sectorequal)}","2","160","0.01"
"chemistry_like","DMRG2","both","eigensolve","/mnt/home/ldevos/Projects/MPSKit.jl/ld-envs/src/utility/utility.jl","285","mul_front!","/mnt/home/ldevos/.julia/packages/LRUCache/ZH7qB/src/LRUCache.jl","159","get!","Vector{Tuple{Any, Any}}","5","160","0.01"
"chemistry_like","DMRG2","both","gauge","/mnt/home/ldevos/Projects/MPSKit.jl/ld-envs/src/states/orthoview.jl","407","#gauge2!#104","/mnt/home/ldevos/.julia/packages/TensorKit/SLHMM/src/factorizations/matrixalgebrakit.jl","50","macro expansion","Tuple{Base.ReshapedArray{Float64, 2, SubArray{Float64, 1, Vector{Float64}, Tuple{UnitRange{Int64}}, true}, Tuple{}}, LinearAlgebra.Diagonal{Float64, SubArray{Float64, 1, Vector{Float64}, Tuple{UnitRange{Int64}}, true}}, Base.ReshapedArray{Float64, 2, SubArray{Float64, 1, Vector{Float64}, Tuple{UnitRange{Int64}}, true}, Tuple{}}}","1","160","0.01"
"chemistry_like","DMRG2","both","eigensolve","/mnt/home/ldevos/Projects/MPSKit.jl/ld-envs/src/algorithms/derivatives/hamiltonian_derivatives.jl","494","JordanMPO_AC2_Hamiltonian","/mnt/home/ldevos/.julia/packages/LRUCache/ZH7qB/src/LRUCache.jl","110","_unsafe_haskey","TensorKit.Hashed{TensorKit.TensorMapSpace{TensorKit.GradedSpace{TensorKitSectors.PlanarTrivial, Tuple{Int64}}, 3, 1}, typeof(TensorKit.sectorhash), typeof(TensorKit.sectorequal)}","2","160","0.01"
"chemistry_like","DMRG2","both","operator preparation","/mnt/home/ldevos/Projects/MPSKit.jl/ld-envs/src/algorithms/derivatives/hamiltonian_derivatives.jl","732","prepare_left_AC2","/mnt/home/ldevos/.julia/packages/BlockTensorKit/Kw0jL/src/vectorspaces/sumspace.jl","112","dual","Memory{TensorKit.GradedSpace{TensorKitSectors.PlanarTrivial, Tuple{Int64}}}","5","160","0.01"
"chemistry_like","DMRG2","both","eigensolve","/mnt/home/ldevos/Projects/MPSKit.jl/ld-envs/src/algorithms/derivatives/hamiltonian_derivatives.jl","493","JordanMPO_AC2_Hamiltonian","/mnt/home/ldevos/.julia/packages/TensorKit/SLHMM/src/auxiliary/auxiliary.jl","110","taskforeach","InvalidStateException","5","160","0.01"
"chemistry_like","DMRG2","both","environment transfers","/mnt/home/ldevos/Projects/MPSKit.jl/ld-envs/src/transfermatrix/transfer.jl","130","#transfer_left#318","/mnt/home/ldevos/.julia/packages/BlockTensorKit/Kw0jL/src/vectorspaces/sumspace.jl","112","dual","Vector{TensorKit.GradedSpace{TensorKitSectors.PlanarTrivial, Tuple{Int64}}}","5","160","0.01"
"chemistry_like","DMRG2","both","environment transfers","/mnt/home/ldevos/Projects/MPSKit.jl/ld-envs/src/operators/jordanmpotensor.jl","198","_identity_tensor","/mnt/home/ldevos/.julia/packages/TimerOutputs/0Wski/src/macros.jl","257","macro expansion","TensorKit.var""#sectorstructure##12#sectorstructure##13""{TensorKit.Hashed{TensorKit.TensorMapSpace{TensorKit.GradedSpace{TensorKitSectors.PlanarTrivial, Tuple{Int64}}, 2, 2}, typeof(TensorKit.sectorhash), typeof(TensorKit.sectorequal)}}","2","160","0.01"
"chemistry_like","DMRG2","both","environment transfers","/mnt/home/ldevos/Projects/MPSKit.jl/ld-envs/src/operators/jordanmpotensor.jl","198","_identity_tensor","/mnt/home/ldevos/.julia/packages/LRUCache/ZH7qB/src/LRUCache.jl","159","get!","Vector{Tuple{Any, Any}}","5","160","0.01"
"chemistry_like","DMRG2","both","eigensolve","/mnt/home/ldevos/Projects/MPSKit.jl/ld-envs/src/algorithms/fixedpoint.jl","16","fixedpoint","/mnt/home/ldevos/.julia/packages/KrylovKit/bEE7W/src/dense/linalg.jl","308","permuteeig!","Memory{Int64}","2","160","0.01"
"chemistry_like","DMRG2","both","eigensolve","/mnt/home/ldevos/Projects/MPSKit.jl/ld-envs/src/algorithms/derivatives/hamiltonian_derivatives.jl","494","JordanMPO_AC2_Hamiltonian","/mnt/home/ldevos/.julia/packages/Strided/yVKLF/src/mapreduce.jl","200","_mapreduce_block!","Tuple{Int64, Int64}","5","160","0.01"
"chemistry_like","DMRG2","both","other","/mnt/home/ldevos/Projects/MPSKit.jl/ld-envs/src/algorithms/derivatives/hamiltonian_derivatives.jl","493","JordanMPO_AC2_Hamiltonian","/mnt/home/ldevos/.julia/packages/LRUCache/ZH7qB/src/LRUCache.jl","159","get!","Vector{Tuple{Any, Any}}","5","160","0.01"
"chemistry_like","DMRG2","both","other","/mnt/home/ldevos/Projects/MPSKit.jl/ld-envs/src/utility/utility.jl","22","project_complement!","/mnt/home/ldevos/.julia/packages/TimerOutputs/0Wski/src/macros.jl","257","macro expansion","TensorKit.Hashed{TensorKit.TensorMapSpace{TensorKit.GradedSpace{TensorKitSectors.PlanarTrivial, Tuple{Int64}}, 2, 2}, typeof(TensorKit.sectorhash), typeof(TensorKit.sectorequal)}","2","160","0.01"
"chemistry_like","DMRG2","both","eigensolve","/mnt/home/ldevos/Projects/MPSKit.jl/ld-envs/src/algorithms/fixedpoint.jl","16","fixedpoint","/mnt/home/ldevos/.julia/packages/KrylovKit/bEE7W/src/eigsolve/lanczos.jl","57","#eigsolve#54","LinearAlgebra.SymTridiagonal{Float64, SubArray{Float64, 1, Vector{Float64}, Tuple{UnitRange{Int64}}, true}}","2","160","0.01"
"chemistry_like","DMRG2","both","gauge","/mnt/home/ldevos/Projects/MPSKit.jl/ld-envs/src/states/orthoview.jl","407","#gauge2!#104","/mnt/home/ldevos/.julia/packages/MatrixAlgebraKit/AbU5a/src/algorithms.jl","536","macro expansion","String","9","155","0.01"
"chemistry_like","DMRG2","both","operator preparation","/mnt/home/ldevos/Projects/MPSKit.jl/ld-envs/src/algorithms/derivatives/hamiltonian_derivatives.jl","764","prepare_right_AC2","/mnt/home/ldevos/.julia/packages/BlockTensorKit/Kw0jL/src/vectorspaces/sumspace.jl","112","dual","Memory{TensorKit.GradedSpace{TensorKitSectors.PlanarTrivial, Tuple{Int64}}}","5","152","0.01"
"chemistry_like","DMRG2","both","eigensolve","/mnt/home/ldevos/Projects/MPSKit.jl/ld-envs/src/algorithms/fixedpoint.jl","16","fixedpoint","/mnt/home/ldevos/.julia/packages/KrylovKit/bEE7W/src/eigsolve/lanczos.jl","57","#eigsolve#54","Memory{Any}","3","144","0.01"
"chemistry_like","DMRG2","both","eigensolve","/mnt/home/ldevos/Projects/MPSKit.jl/ld-envs/src/algorithms/derivatives/mpo_derivatives.jl","321","PrecomputedDerivative","/mnt/home/ldevos/.julia/packages/LRUCache/ZH7qB/src/LRUCache.jl","189","_unsafe_getindex","TensorKit.Hashed{TensorKit.TensorMapSpace{TensorKit.GradedSpace{TensorKitSectors.PlanarTrivial, Tuple{Int64}}, 1, 1}, typeof(TensorKit.sectorhash), typeof(TensorKit.sectorequal)}","3","144","0.01"
"chemistry_like","DMRG2","both","operator preparation","/mnt/home/ldevos/Projects/MPSKit.jl/ld-envs/src/algorithms/derivatives/hamiltonian_derivatives.jl","706","#right_AC_ingredients#558","/mnt/home/ldevos/.julia/packages/TensorOperations/i1lNc/src/implementation/allocator.jl","453","tensoralloc","Memory{Float64}","1","144","0.01"
"chemistry_like","DMRG2","both","eigensolve","/mnt/home/ldevos/Projects/MPSKit.jl/ld-envs/src/utility/utility.jl","295","mul_front!","/mnt/home/ldevos/.julia/packages/TensorOperations/i1lNc/src/implementation/blascontract.jl","111","makeblascontractable","Tuple{StridedViews.StridedView{Float64, 2, Memory{Float64}, typeof(identity)}, Tuple{Tuple{Int64}, Tuple{Int64}}, Bool}","2","144","0.01"
"chemistry_like","DMRG2","both","environment transfers","/mnt/home/ldevos/Projects/MPSKit.jl/ld-envs/src/transfermatrix/transfer.jl","133","#transfer_right#319","/mnt/home/ldevos/.julia/packages/BlockTensorKit/Kw0jL/src/tensors/blocktensor.jl","16","BlockTensorMap","Array{TensorKit.TensorMap{Float64, TensorKit.GradedSpace{TensorKitSectors.PlanarTrivial, Tuple{Int64}}, 2, 2, Vector{Float64}}, 4}","2","128","0.01"
"chemistry_like","DMRG2","both","operator preparation","/mnt/home/ldevos/Projects/MPSKit.jl/ld-envs/src/algorithms/derivatives/hamiltonian_derivatives.jl","706","#right_AC_ingredients#558","/mnt/home/ldevos/.julia/packages/LRUCache/ZH7qB/src/LRUCache.jl","189","_unsafe_getindex","TensorKit.Hashed{TensorKit.TensorMapSpace{TensorKit.GradedSpace{TensorKitSectors.PlanarTrivial, Tuple{Int64}}, 1, 2}, typeof(TensorKit.sectorhash), typeof(TensorKit.sectorequal)}","2","128","0.01"
"chemistry_like","DMRG2","both","other","/mnt/home/ldevos/Projects/MPSKit.jl/ld-envs/src/states/finitemps.jl","380","#AC2#71","/mnt/home/ldevos/.julia/packages/LRUCache/ZH7qB/src/LRUCache.jl","110","_unsafe_haskey","TensorKit.Hashed{TensorKit.TensorMapSpace{TensorKit.GradedSpace{TensorKitSectors.PlanarTrivial, Tuple{Int64}}, 2, 1}, typeof(TensorKit.sectorhash), typeof(TensorKit.sectorequal)}","2","128","0.01"
"chemistry_like","DMRG2","both","operator preparation","/mnt/home/ldevos/Projects/MPSKit.jl/ld-envs/src/algorithms/derivatives/hamiltonian_derivatives.jl","706","#right_AC_ingredients#558","/mnt/home/ldevos/.julia/packages/BlockTensorKit/Kw0jL/src/vectorspaces/sumspace.jl","112","dual","Vector{TensorKit.GradedSpace{TensorKitSectors.PlanarTrivial, Tuple{Int64}}}","4","128","0.01"
"chemistry_like","DMRG2","both","eigensolve","/mnt/home/ldevos/Projects/MPSKit.jl/ld-envs/src/utility/utility.jl","284","mul_front!","/mnt/home/ldevos/.julia/packages/LRUCache/ZH7qB/src/LRUCache.jl","189","_unsafe_getindex","TensorKit.Hashed{TensorKit.TensorMapSpace{TensorKit.GradedSpace{TensorKitSectors.PlanarTrivial, Tuple{Int64}}, 2, 1}, typeof(TensorKit.sectorhash), typeof(TensorKit.sectorequal)}","2","128","0.01"
"chemistry_like","DMRG2","both","gauge","/mnt/home/ldevos/Projects/MPSKit.jl/ld-envs/src/states/orthoview.jl","325","left_gauge","/mnt/home/ldevos/.julia/packages/MatrixAlgebraKit/AbU5a/src/implementations/qr.jl","180","#qr_householder!#324","Base.ReshapedArray{Float64, 2, SubArray{Float64, 1, Vector{Float64}, Tuple{UnitRange{Int64}}, true}, Tuple{}}","2","128","0.01"
"chemistry_like","DMRG2","both","other","/mnt/home/ldevos/Projects/MPSKit.jl/ld-envs/src/utility/utility.jl","22","project_complement!","/mnt/home/ldevos/.julia/packages/LRUCache/ZH7qB/src/LRUCache.jl","189","_unsafe_getindex","TensorKit.Hashed{TensorKit.TensorMapSpace{TensorKit.GradedSpace{TensorKitSectors.PlanarTrivial, Tuple{Int64}}, 1, 2}, typeof(TensorKit.sectorhash), typeof(TensorKit.sectorequal)}","2","128","0.01"
"chemistry_like","DMRG2","both","other","/mnt/home/ldevos/Projects/MPSKit.jl/ld-envs/src/utility/utility.jl","22","project_complement!","/mnt/home/ldevos/.julia/packages/LRUCache/ZH7qB/src/LRUCache.jl","189","_unsafe_getindex","TensorKit.Hashed{TensorKit.TensorMapSpace{TensorKit.GradedSpace{TensorKitSectors.PlanarTrivial, Tuple{Int64}}, 2, 1}, typeof(TensorKit.sectorhash), typeof(TensorKit.sectorequal)}","2","128","0.01"
"chemistry_like","DMRG2","both","operator preparation","/mnt/home/ldevos/Projects/MPSKit.jl/ld-envs/src/algorithms/derivatives/hamiltonian_derivatives.jl","665","_contract_GL_O","/mnt/home/ldevos/.julia/packages/BlockTensorKit/Kw0jL/src/vectorspaces/sumspace.jl","112","dual","Vector{TensorKit.GradedSpace{TensorKitSectors.PlanarTrivial, Tuple{Int64}}}","4","128","0.01"
"chemistry_like","DMRG2","both","other","/mnt/home/ldevos/Projects/MPSKit.jl/ld-envs/src/states/finitemps.jl","380","#AC2#71","/mnt/home/ldevos/.julia/packages/LRUCache/ZH7qB/src/LRUCache.jl","189","_unsafe_getindex","TensorKit.Hashed{TensorKit.TensorMapSpace{TensorKit.GradedSpace{TensorKitSectors.PlanarTrivial, Tuple{Int64}}, 2, 1}, typeof(TensorKit.sectorhash), typeof(TensorKit.sectorequal)}","2","128","0.01"
"chemistry_like","DMRG2","both","operator preparation","/mnt/home/ldevos/Projects/MPSKit.jl/ld-envs/src/algorithms/derivatives/mpo_derivatives.jl","238","_fuse_env","/mnt/home/ldevos/.julia/packages/TensorKit/SLHMM/src/auxiliary/dicts.jl","35","SortedVectorDict","Vector{TensorKitSectors.PlanarTrivial}","4","128","0.01"
"chemistry_like","DMRG2","both","eigensolve","/mnt/home/ldevos/Projects/MPSKit.jl/ld-envs/src/algorithms/derivatives/mpo_derivatives.jl","321","PrecomputedDerivative","/mnt/home/ldevos/.julia/packages/LRUCache/ZH7qB/src/LRUCache.jl","189","_unsafe_getindex","TensorKit.Hashed{TensorKit.TensorMapSpace{TensorKit.GradedSpace{TensorKitSectors.PlanarTrivial, Tuple{Int64}}, 1, 2}, typeof(TensorKit.sectorhash), typeof(TensorKit.sectorequal)}","2","128","0.01"
"chemistry_like","DMRG2","both","eigensolve","/mnt/home/ldevos/Projects/MPSKit.jl/ld-envs/src/utility/utility.jl","379","fuse_legs","/mnt/home/ldevos/.julia/packages/LRUCache/ZH7qB/src/LRUCache.jl","159","get!","Vector{Tuple{Any, Any}}","4","128","0.01"
"chemistry_like","DMRG2","both","operator preparation","/mnt/home/ldevos/Projects/MPSKit.jl/ld-envs/src/algorithms/derivatives/hamiltonian_derivatives.jl","665","_contract_GL_O","/mnt/home/ldevos/.julia/packages/TensorOperations/i1lNc/src/implementation/allocator.jl","449","tensoralloc","Vector{Float64}","4","128","0.01"
"chemistry_like","DMRG2","both","gauge","/mnt/home/ldevos/Projects/MPSKit.jl/ld-envs/src/states/orthoview.jl","325","left_gauge","/mnt/home/ldevos/.julia/packages/LRUCache/ZH7qB/src/LRUCache.jl","189","_unsafe_getindex","TensorKit.Hashed{TensorKit.TensorMapSpace{TensorKit.GradedSpace{TensorKitSectors.PlanarTrivial, Tuple{Int64}}, 2, 1}, typeof(TensorKit.sectorhash), typeof(TensorKit.sectorequal)}","2","128","0.01"
"chemistry_like","DMRG2","both","eigensolve","/mnt/home/ldevos/Projects/MPSKit.jl/ld-envs/src/utility/utility.jl","284","mul_front!","/mnt/home/ldevos/.julia/packages/LRUCache/ZH7qB/src/LRUCache.jl","159","get!","Vector{Tuple{Any, Any}}","4","128","0.01"
"chemistry_like","DMRG2","both","gauge","/mnt/home/ldevos/Projects/MPSKit.jl/ld-envs/src/states/orthoview.jl","407","#gauge2!#104","/mnt/home/ldevos/.julia/packages/MatrixAlgebraKit/AbU5a/src/algorithms.jl","536","macro expansion","IOBuffer","2","128","0.01"
"chemistry_like","DMRG2","both","eigensolve","/mnt/home/ldevos/Projects/MPSKit.jl/ld-envs/src/utility/utility.jl","285","mul_front!","/mnt/home/ldevos/.julia/packages/LRUCache/ZH7qB/src/LRUCache.jl","189","_unsafe_getindex","TensorKit.DegeneracyStructure{3}","5","120","0.01"
"chemistry_like","DMRG2","both","gauge","/mnt/home/ldevos/Projects/MPSKit.jl/ld-envs/src/states/orthoview.jl","407","#gauge2!#104","/mnt/home/ldevos/.julia/packages/MatrixAlgebraKit/AbU5a/src/algorithms.jl","536","macro expansion","Memory{UInt8}","5","120","0.01"
"chemistry_like","DMRG2","both","operator preparation","/mnt/home/ldevos/Projects/MPSKit.jl/ld-envs/src/algorithms/derivatives/mpo_derivatives.jl","238","_fuse_env","/mnt/home/ldevos/.julia/packages/TensorKit/SLHMM/src/auxiliary/dicts.jl","83","sizehint!","Memory{Vector{Int64}}","3","120","0.01"
"chemistry_like","DMRG2","both","eigensolve","/mnt/home/ldevos/Projects/MPSKit.jl/ld-envs/src/algorithms/fixedpoint.jl","16","fixedpoint","/mnt/home/ldevos/.julia/packages/KrylovKit/bEE7W/src/eigsolve/lanczos.jl","57","#eigsolve#54","SubArray{Float64, 1, Vector{Float64}, Tuple{UnitRange{Int64}}, true}","3","120","0.01"
"chemistry_like","DMRG2","both","eigensolve","/mnt/home/ldevos/Projects/MPSKit.jl/ld-envs/src/algorithms/derivatives/hamiltonian_derivatives.jl","493","JordanMPO_AC2_Hamiltonian","/mnt/home/ldevos/.julia/packages/TensorOperations/i1lNc/src/implementation/allocator.jl","420","unsafe_buffer_wrap","Memory{Float64}","5","120","0.01"
"chemistry_like","DMRG2","both","eigensolve","/mnt/home/ldevos/Projects/MPSKit.jl/ld-envs/src/algorithms/derivatives/hamiltonian_derivatives.jl","493","JordanMPO_AC2_Hamiltonian","/mnt/home/ldevos/.julia/packages/LRUCache/ZH7qB/src/LRUCache.jl","189","_unsafe_getindex","TensorKit.DegeneracyStructure{4}","5","120","0.01"
"chemistry_like","DMRG2","both","operator preparation","/mnt/home/ldevos/Projects/MPSKit.jl/ld-envs/src/algorithms/derivatives/mpo_derivatives.jl","238","_fuse_env","/mnt/home/ldevos/.julia/packages/TensorKit/SLHMM/src/auxiliary/dicts.jl","137","setindex!","Memory{Vector{Int64}}","3","120","0.01"
"chemistry_like","DMRG2","both","gauge","/mnt/home/ldevos/Projects/MPSKit.jl/ld-envs/src/states/orthoview.jl","407","#gauge2!#104","/mnt/home/ldevos/.julia/packages/LRUCache/ZH7qB/src/LRUCache.jl","189","_unsafe_getindex","TensorKit.DegeneracyStructure{3}","5","120","0.01"
"chemistry_like","DMRG2","both","eigensolve","/mnt/home/ldevos/Projects/MPSKit.jl/ld-envs/src/algorithms/derivatives/hamiltonian_derivatives.jl","493","JordanMPO_AC2_Hamiltonian","/mnt/home/ldevos/.julia/packages/Strided/yVKLF/src/mapreduce.jl","200","_mapreduce_block!","Tuple{NTuple{6, Int64}, NTuple{6, Int64}}","1","112","0.01"
"chemistry_like","DMRG2","both","operator preparation","/mnt/home/ldevos/Projects/MPSKit.jl/ld-envs/src/algorithms/derivatives/hamiltonian_derivatives.jl","726","prepare_left_AC2","/mnt/home/ldevos/Projects/MPSKit.jl/ld-envs/src/algorithms/derivatives/hamiltonian_derivatives.jl","726","prepare_left_AC2","TensorKit.TensorMap{Float64, TensorKit.GradedSpace{TensorKitSectors.PlanarTrivial, Tuple{Int64}}, 3, 3, Vector{Float64}}","1","112","0.01"
"chemistry_like","DMRG2","both","operator preparation","/mnt/home/ldevos/Projects/MPSKit.jl/ld-envs/src/algorithms/derivatives/hamiltonian_derivatives.jl","764","prepare_right_AC2","/mnt/home/ldevos/.julia/packages/BlockTensorKit/Kw0jL/src/tensors/tensoroperations.jl","58","tensoradd_type","BlockTensorKit.SparseBlockTensorMap{TensorKit.TensorMap{Float64, TensorKit.GradedSpace{TensorKitSectors.PlanarTrivial, Tuple{Int64}}, 2, 4, Vector{Float64}}, Float64, TensorKit.GradedSpace{TensorKitSectors.PlanarTrivial, Tuple{Int64}}, 2, 4, 6}","1","112","0.01"
"chemistry_like","DMRG2","both","eigensolve","/mnt/home/ldevos/Projects/MPSKit.jl/ld-envs/src/algorithms/derivatives/hamiltonian_derivatives.jl","494","JordanMPO_AC2_Hamiltonian","/mnt/home/ldevos/.julia/packages/LRUCache/ZH7qB/src/LRUCache.jl","189","_unsafe_getindex","TensorKit.Hashed{TensorKit.TensorMapSpace{TensorKit.GradedSpace{TensorKitSectors.PlanarTrivial, Tuple{Int64}}, 3, 3}, typeof(TensorKit.sectorhash), typeof(TensorKit.sectorequal)}","1","112","0.01"
"chemistry_like","DMRG2","both","gauge","/mnt/home/ldevos/Projects/MPSKit.jl/ld-envs/src/states/orthoview.jl","407","#gauge2!#104","/mnt/home/ldevos/.julia/packages/TensorKit/SLHMM/src/factorizations/matrixalgebrakit.jl","50","macro expansion","Base.ReshapedArray{Float64, 2, SubArray{Float64, 1, Vector{Float64}, Tuple{UnitRange{Int64}}, true}, Tuple{}}","2","112","0.01"
"chemistry_like","DMRG2","both","eigensolve","/mnt/home/ldevos/Projects/MPSKit.jl/ld-envs/src/algorithms/derivatives/hamiltonian_derivatives.jl","493","JordanMPO_AC2_Hamiltonian","/mnt/home/ldevos/.julia/packages/TensorKit/SLHMM/src/tensors/indexmanipulations.jl","660","add_transform_kernel!","TensorKit.var""#add_transform_kernel!##0#add_transform_kernel!##1""{TensorKit.StridedSubblocks{Memory{Float64}, 6}, TensorKit.StridedSubblocks{Memory{Float64}, 6}, Tuple{NTuple{6, Int64}, Tuple{}}, Bool, VectorInterface.One, VectorInterface.Zero, TensorOperations.DefaultBackend, TensorOperations.BufferAllocator{Memory{UInt8}}}","1","112","0.01"
"chemistry_like","DMRG2","both","eigensolve","/mnt/home/ldevos/Projects/MPSKit.jl/ld-envs/src/algorithms/derivatives/hamiltonian_derivatives.jl","494","JordanMPO_AC2_Hamiltonian","/mnt/home/ldevos/.julia/packages/LRUCache/ZH7qB/src/LRUCache.jl","110","_unsafe_haskey","TensorKit.Hashed{TensorKit.TensorMapSpace{TensorKit.GradedSpace{TensorKitSectors.PlanarTrivial, Tuple{Int64}}, 3, 3}, typeof(TensorKit.sectorhash), typeof(TensorKit.sectorequal)}","1","112","0.01"
"chemistry_like","DMRG2","both","other","/mnt/home/ldevos/Projects/MPSKit.jl/ld-envs/src/algorithms/derivatives/hamiltonian_derivatives.jl","494","JordanMPO_AC2_Hamiltonian","/mnt/home/ldevos/.julia/packages/LRUCache/ZH7qB/src/LRUCache.jl","189","_unsafe_getindex","TensorKit.Hashed{TensorKit.TensorMapSpace{TensorKit.GradedSpace{TensorKitSectors.PlanarTrivial, Tuple{Int64}}, 3, 3}, typeof(TensorKit.sectorhash), typeof(TensorKit.sectorequal)}","1","112","0.01"
"chemistry_like","DMRG2","both","operator preparation","/mnt/home/ldevos/Projects/MPSKit.jl/ld-envs/src/algorithms/derivatives/hamiltonian_derivatives.jl","432","prepare_operator!!","/mnt/home/ldevos/.julia/packages/TensorOperations/i1lNc/src/implementation/allocator.jl","226","tensoralloc_contract","TensorKit.TensorMapSpace{TensorKit.GradedSpace{TensorKitSectors.PlanarTrivial, Tuple{Int64}}, 2, 4}","1","112","0.01"
"chemistry_like","DMRG2","both","operator preparation","/mnt/home/ldevos/Projects/MPSKit.jl/ld-envs/src/algorithms/derivatives/hamiltonian_derivatives.jl","394","prepare_operator!!","/mnt/home/ldevos/.julia/packages/Strided/yVKLF/src/mapreduce.jl","200","_mapreduce_block!","Tuple{NTuple{6, Int64}, NTuple{6, Int64}}","1","112","0.01"
"chemistry_like","DMRG2","both","operator preparation","/mnt/home/ldevos/Projects/MPSKit.jl/ld-envs/src/algorithms/derivatives/hamiltonian_derivatives.jl","381","prepare_operator!!","/mnt/home/ldevos/.julia/packages/TensorOperations/i1lNc/src/implementation/allocator.jl","226","tensoralloc_contract","TensorKit.TensorMap{Float64, TensorKit.GradedSpace{TensorKitSectors.PlanarTrivial, Tuple{Int64}}, 4, 2, Vector{Float64}}","1","112","0.01"
"chemistry_like","DMRG2","both","other","/mnt/home/ldevos/Projects/MPSKit.jl/ld-envs/src/algorithms/derivatives/hamiltonian_derivatives.jl","493","JordanMPO_AC2_Hamiltonian","/mnt/home/ldevos/.julia/packages/LRUCache/ZH7qB/src/LRUCache.jl","189","_unsafe_getindex","TensorKit.Hashed{TensorKit.TensorMapSpace{TensorKit.GradedSpace{TensorKitSectors.PlanarTrivial, Tuple{Int64}}, 3, 3}, typeof(TensorKit.sectorhash), typeof(TensorKit.sectorequal)}","1","112","0.01"
"chemistry_like","DMRG2","both","eigensolve","/mnt/home/ldevos/Projects/MPSKit.jl/ld-envs/src/algorithms/derivatives/hamiltonian_derivatives.jl","493","JordanMPO_AC2_Hamiltonian","/mnt/home/ldevos/.julia/packages/TensorKit/SLHMM/src/tensors/indexmanipulations.jl","660","add_transform_kernel!","TensorKit.var""#add_transform_kernel!##0#add_transform_kernel!##1""{TensorKit.StridedSubblocks{Memory{Float64}, 4}, TensorKit.StridedSubblocks{Memory{Float64}, 4}, Tuple{NTuple{4, Int64}, Tuple{}}, Bool, VectorInterface.One, VectorInterface.Zero, TensorOperations.DefaultBackend, TensorOperations.BufferAllocator{Memory{UInt8}}}","1","96","0.01"
"chemistry_like","DMRG2","both","eigensolve","/mnt/home/ldevos/Projects/MPSKit.jl/ld-envs/src/algorithms/fixedpoint.jl","16","fixedpoint","/mnt/home/ldevos/.julia/packages/KrylovKit/bEE7W/src/dense/linalg.jl","405","stegr!","Vector{Float64}","3","96","0.01"
"chemistry_like","DMRG2","both","eigensolve","/mnt/home/ldevos/Projects/MPSKit.jl/ld-envs/src/algorithms/derivatives/hamiltonian_derivatives.jl","494","JordanMPO_AC2_Hamiltonian","/mnt/home/ldevos/.julia/packages/LRUCache/ZH7qB/src/LRUCache.jl","189","_unsafe_getindex","TensorKit.DegeneracyStructure{4}","4","96","0.01"
"chemistry_like","DMRG2","both","operator preparation","/mnt/home/ldevos/Projects/MPSKit.jl/ld-envs/src/algorithms/derivatives/hamiltonian_derivatives.jl","430","prepare_operator!!","/mnt/home/ldevos/.julia/packages/TensorKit/SLHMM/src/tensors/tensor.jl","98","TensorMap","Memory{Float64}","2","96","0.01"
"chemistry_like","DMRG2","both","operator preparation","/mnt/home/ldevos/Projects/MPSKit.jl/ld-envs/src/algorithms/derivatives/hamiltonian_derivatives.jl","432","prepare_operator!!","/mnt/home/ldevos/.julia/packages/TensorKit/SLHMM/src/auxiliary/auxiliary.jl","110","taskforeach","Channel{Any}","1","96","0.01"
"chemistry_like","DMRG2","both","operator preparation","/mnt/home/ldevos/Projects/MPSKit.jl/ld-envs/src/algorithms/derivatives/mpo_derivatives.jl","240","_fuse_env","/mnt/home/ldevos/.julia/packages/LRUCache/ZH7qB/src/LRUCache.jl","159","get!","Vector{Tuple{Any, Any}}","3","96","0.01"
"chemistry_like","DMRG2","both","other","/mnt/home/ldevos/Projects/MPSKit.jl/ld-envs/src/algorithms/derivatives/hamiltonian_derivatives.jl","493","JordanMPO_AC2_Hamiltonian","/mnt/home/ldevos/.julia/packages/Strided/yVKLF/src/mapreduce.jl","200","_mapreduce_block!","StridedViews.StridedView{Float64, 4, Memory{Float64}, typeof(identity)}","1","96","0.01"
"chemistry_like","DMRG2","both","eigensolve","/mnt/home/ldevos/Projects/MPSKit.jl/ld-envs/src/algorithms/fixedpoint.jl","16","fixedpoint","/mnt/home/ldevos/.julia/packages/KrylovKit/bEE7W/src/dense/linalg.jl","309","permuteeig!","Vector{UInt64}","3","96","0.01"
"chemistry_like","DMRG2","both","eigensolve","/mnt/home/ldevos/Projects/MPSKit.jl/ld-envs/src/algorithms/derivatives/hamiltonian_derivatives.jl","493","JordanMPO_AC2_Hamiltonian","/mnt/home/ldevos/.julia/packages/TensorKit/SLHMM/src/tensors/indexmanipulations.jl","660","add_transform_kernel!","TensorKit.var""#add_transform_kernel!##0#add_transform_kernel!##1""{TensorKit.StridedSubblocks{Memory{Float64}, 4}, TensorKit.StridedSubblocks{Memory{Float64}, 4}, Tuple{NTuple{4, Int64}, Tuple{}}, Bool, VectorInterface.One, VectorInterface.One, TensorOperations.DefaultBackend, TensorOperations.BufferAllocator{Memory{UInt8}}}","1","96","0.01"
"chemistry_like","DMRG2","both","operator preparation","/mnt/home/ldevos/Projects/MPSKit.jl/ld-envs/src/algorithms/derivatives/hamiltonian_derivatives.jl","445","prepare_operator!!","/mnt/home/ldevos/.julia/packages/Strided/yVKLF/src/mapreduce.jl","200","_mapreduce_block!","StridedViews.StridedView{Float64, 4, Memory{Float64}, typeof(identity)}","1","96","0.01"
"chemistry_like","DMRG2","both","operator preparation","/mnt/home/ldevos/Projects/MPSKit.jl/ld-envs/src/utility/utility.jl","357","fuse_legs","/mnt/home/ldevos/Projects/MPSKit.jl/ld-envs/src/utility/utility.jl","357","fuse_legs","TensorKit.TensorMap{Float64, TensorKit.GradedSpace{TensorKitSectors.PlanarTrivial, Tuple{Int64}}, 2, 3, Vector{Float64}}","1","96","0.01"
"chemistry_like","DMRG2","both","other","/mnt/home/ldevos/Projects/MPSKit.jl/ld-envs/src/algorithms/derivatives/mpo_derivatives.jl","321","PrecomputedDerivative","/mnt/home/ldevos/.julia/packages/LRUCache/ZH7qB/src/LRUCache.jl","159","get!","Vector{Tuple{Any, Any}}","3","96","0.01"
"chemistry_like","DMRG2","both","eigensolve","/mnt/home/ldevos/Projects/MPSKit.jl/ld-envs/src/algorithms/derivatives/hamiltonian_derivatives.jl","494","JordanMPO_AC2_Hamiltonian","/mnt/home/ldevos/.julia/packages/TensorOperations/i1lNc/src/implementation/allocator.jl","420","unsafe_buffer_wrap","Memory{Float64}","4","96","0.01"
"chemistry_like","DMRG2","both","operator preparation","/mnt/home/ldevos/Projects/MPSKit.jl/ld-envs/src/algorithms/derivatives/hamiltonian_derivatives.jl","706","#right_AC_ingredients#558","/mnt/home/ldevos/.julia/packages/BlockTensorKit/Kw0jL/src/vectorspaces/sumspace.jl","112","dual","Memory{TensorKit.GradedSpace{TensorKitSectors.PlanarTrivial, Tuple{Int64}}}","3","96","0.01"
"chemistry_like","DMRG2","both","eigensolve","/mnt/home/ldevos/Projects/MPSKit.jl/ld-envs/src/utility/utility.jl","283","mul_front!","/mnt/home/ldevos/.julia/packages/LRUCache/ZH7qB/src/LRUCache.jl","159","get!","Vector{Tuple{Any, Any}}","3","96","0.01"
"chemistry_like","DMRG2","both","eigensolve","/mnt/home/ldevos/Projects/MPSKit.jl/ld-envs/src/utility/utility.jl","379","fuse_legs","/mnt/home/ldevos/.julia/packages/LRUCache/ZH7qB/src/LRUCache.jl","189","_unsafe_getindex","TensorKit.DegeneracyStructure{3}","4","96","0.01"
"chemistry_like","DMRG2","both","eigensolve","/mnt/home/ldevos/Projects/MPSKit.jl/ld-envs/src/algorithms/fixedpoint.jl","16","fixedpoint","/mnt/home/ldevos/.julia/packages/KrylovKit/bEE7W/src/dense/linalg.jl","309","permuteeig!","BitVector","3","96","0.01"
"chemistry_like","DMRG2","both","other","/mnt/home/ldevos/Projects/MPSKit.jl/ld-envs/src/algorithms/derivatives/hamiltonian_derivatives.jl","494","JordanMPO_AC2_Hamiltonian","/mnt/home/ldevos/.julia/packages/Strided/yVKLF/src/mapreduce.jl","200","_mapreduce_block!","StridedViews.StridedView{Float64, 4, Memory{Float64}, typeof(identity)}","1","96","0.01"
"chemistry_like","DMRG2","both","environment transfers","/mnt/home/ldevos/Projects/MPSKit.jl/ld-envs/src/transfermatrix/transfer.jl","133","#transfer_right#319","/mnt/home/ldevos/.julia/packages/BlockTensorKit/Kw0jL/src/vectorspaces/sumspace.jl","16","#SumSpace#1","Memory{TensorKit.GradedSpace{TensorKitSectors.PlanarTrivial, Tuple{Int64}}}","2","96","0.01"
"chemistry_like","DMRG2","both","other","/mnt/home/ldevos/Projects/MPSKit.jl/ld-envs/src/algorithms/derivatives/hamiltonian_derivatives.jl","494","JordanMPO_AC2_Hamiltonian","/mnt/home/ldevos/.julia/packages/TensorKit/SLHMM/src/tensors/indexmanipulations.jl","660","add_transform_kernel!","TensorKit.var""#add_transform_kernel!##0#add_transform_kernel!##1""{TensorKit.StridedSubblocks{Memory{Float64}, 4}, TensorKit.StridedSubblocks{Memory{Float64}, 4}, Tuple{NTuple{4, Int64}, Tuple{}}, Bool, VectorInterface.One, VectorInterface.One, TensorOperations.DefaultBackend, TensorOperations.BufferAllocator{Memory{UInt8}}}","1","96","0.01"
"chemistry_like","DMRG2","both","eigensolve","/mnt/home/ldevos/Projects/MPSKit.jl/ld-envs/src/algorithms/fixedpoint.jl","16","fixedpoint","/mnt/home/ldevos/.julia/packages/KrylovKit/bEE7W/src/eigsolve/lanczos.jl","57","#eigsolve#54","MemoryRef{Float64}","3","96","0.01"
"chemistry_like","DMRG2","both","operator preparation","/mnt/home/ldevos/Projects/MPSKit.jl/ld-envs/src/algorithms/derivatives/hamiltonian_derivatives.jl","706","#right_AC_ingredients#558","/mnt/home/ldevos/.julia/packages/BlockTensorKit/Kw0jL/src/tensors/tensoroperations.jl","111","tensorfree!","BlockTensorKit.SparseBlockTensorMap{TensorKit.TensorMap{Float64, TensorKit.GradedSpace{TensorKitSectors.PlanarTrivial, Tuple{Int64}}, 2, 3, Vector{Float64}}, Float64, TensorKit.GradedSpace{TensorKitSectors.PlanarTrivial, Tuple{Int64}}, 2, 3, 5}","1","96","0.01"
"chemistry_like","DMRG2","both","eigensolve","/mnt/home/ldevos/Projects/MPSKit.jl/ld-envs/src/algorithms/fixedpoint.jl","16","fixedpoint","/mnt/home/ldevos/.julia/packages/KrylovKit/bEE7W/src/dense/linalg.jl","405","stegr!","MemoryRef{Float64}","3","96","0.01"
"chemistry_like","DMRG2","both","operator preparation","/mnt/home/ldevos/Projects/MPSKit.jl/ld-envs/src/algorithms/derivatives/hamiltonian_derivatives.jl","432","prepare_operator!!","/mnt/home/ldevos/.julia/packages/TensorKit/SLHMM/src/auxiliary/auxiliary.jl","110","taskforeach","Base.IntrusiveLinkedList{Task}","3","96","0.01"
"chemistry_like","DMRG2","both","environment transfers","/mnt/home/ldevos/Projects/MPSKit.jl/ld-envs/src/operators/jordanmpotensor.jl","198","_identity_tensor","/mnt/home/ldevos/.julia/packages/LRUCache/ZH7qB/src/LRUCache.jl","189","_unsafe_getindex","TensorKit.DegeneracyStructure{4}","4","96","0.01"
"chemistry_like","DMRG2","both","operator preparation","/mnt/home/ldevos/Projects/MPSKit.jl/ld-envs/src/algorithms/derivatives/mpo_derivatives.jl","240","_fuse_env","/mnt/home/ldevos/.julia/packages/TensorKit/SLHMM/src/tensors/tensor.jl","98","TensorMap","Vector{Float64}","3","96","0.01"
"chemistry_like","DMRG2","both","eigensolve","/mnt/home/ldevos/Projects/MPSKit.jl/ld-envs/src/utility/utility.jl","283","mul_front!","/mnt/home/ldevos/.julia/packages/LRUCache/ZH7qB/src/LRUCache.jl","110","_unsafe_haskey","TensorKit.Hashed{TensorKit.TensorMapSpace{TensorKit.GradedSpace{TensorKitSectors.PlanarTrivial, Tuple{Int64}}, 1, 1}, typeof(TensorKit.sectorhash), typeof(TensorKit.sectorequal)}","2","96","0.01"
"chemistry_like","DMRG2","both","operator preparation","/mnt/home/ldevos/Projects/MPSKit.jl/ld-envs/src/algorithms/derivatives/hamiltonian_derivatives.jl","147","prepare_operator!!","/mnt/home/ldevos/.julia/packages/TensorKit/SLHMM/src/auxiliary/auxiliary.jl","110","taskforeach","Channel{Any}","1","96","0.01"
"chemistry_like","DMRG2","both","eigensolve","/mnt/home/ldevos/Projects/MPSKit.jl/ld-envs/src/algorithms/derivatives/hamiltonian_derivatives.jl","494","JordanMPO_AC2_Hamiltonian","/mnt/home/ldevos/.julia/packages/TensorKit/SLHMM/src/auxiliary/auxiliary.jl","110","taskforeach","Vector{Any}","3","96","0.01"
"chemistry_like","DMRG2","both","operator preparation","/mnt/home/ldevos/Projects/MPSKit.jl/ld-envs/src/algorithms/derivatives/mpo_derivatives.jl","238","_fuse_env","/mnt/home/ldevos/.julia/packages/TensorKit/SLHMM/src/auxiliary/dicts.jl","43","SortedVectorDict","Vector{Int64}","3","96","0.01"
"chemistry_like","DMRG2","both","operator preparation","/mnt/home/ldevos/Projects/MPSKit.jl/ld-envs/src/algorithms/derivatives/mpo_derivatives.jl","240","_fuse_env","/mnt/home/ldevos/.julia/packages/Strided/yVKLF/src/mapreduce.jl","200","_mapreduce_block!","NTuple{4, Int64}","2","96","0.01"
"chemistry_like","DMRG2","both","operator preparation","/mnt/home/ldevos/Projects/MPSKit.jl/ld-envs/src/algorithms/derivatives/hamiltonian_derivatives.jl","417","prepare_operator!!","/mnt/home/ldevos/.julia/packages/TensorKit/SLHMM/src/auxiliary/auxiliary.jl","110","taskforeach","Channel{Any}","1","96","0.01"
"chemistry_like","DMRG2","both","other","/mnt/home/ldevos/Projects/MPSKit.jl/ld-envs/src/utility/utility.jl","22","project_complement!","/mnt/home/ldevos/.julia/packages/LRUCache/ZH7qB/src/LRUCache.jl","159","get!","Vector{Tuple{Any, Any}}","3","96","0.01"
"chemistry_like","DMRG2","both","operator preparation","/mnt/home/ldevos/Projects/MPSKit.jl/ld-envs/src/algorithms/derivatives/hamiltonian_derivatives.jl","684","left_AC_ingredients","/mnt/home/ldevos/.julia/packages/TensorKit/SLHMM/src/tensors/indexmanipulations.jl","660","add_transform_kernel!","TensorKit.var""#add_transform_kernel!##0#add_transform_kernel!##1""{TensorKit.StridedSubblocks{Memory{Float64}, 4}, TensorKit.StridedSubblocks{Memory{Float64}, 4}, Tuple{NTuple{4, Int64}, Tuple{}}, Bool, VectorInterface.One, VectorInterface.Zero, TensorOperations.DefaultBackend, TensorOperations.BufferAllocator{Memory{UInt8}}}","1","96","0.01"
"chemistry_like","DMRG2","both","gauge","/mnt/home/ldevos/Projects/MPSKit.jl/ld-envs/src/states/orthoview.jl","407","#gauge2!#104","/mnt/home/ldevos/.julia/packages/MatrixAlgebraKit/AbU5a/src/common/gauge.jl","71","gaugefix!","Matrix{Float64}","2","96","0.01"
"chemistry_like","DMRG2","both","operator preparation","/mnt/home/ldevos/Projects/MPSKit.jl/ld-envs/src/algorithms/derivatives/hamiltonian_derivatives.jl","706","#right_AC_ingredients#558","/mnt/home/ldevos/.julia/packages/BlockTensorKit/Kw0jL/src/tensors/blocktensor.jl","16","BlockTensorMap","Memory{TensorKit.TensorMap{Float64, TensorKit.GradedSpace{TensorKitSectors.PlanarTrivial, Tuple{Int64}}, 2, 2, Vector{Float64}}}","1","88","0.01"
"chemistry_like","DMRG2","both","other","/mnt/home/ldevos/Projects/MPSKit.jl/ld-envs/src/algorithms/derivatives/hamiltonian_derivatives.jl","493","JordanMPO_AC2_Hamiltonian","/mnt/home/ldevos/.julia/packages/LRUCache/ZH7qB/src/LRUCache.jl","110","_unsafe_haskey","TensorKit.Hashed{TensorKit.TensorMapSpace{TensorKit.GradedSpace{TensorKitSectors.PlanarTrivial, Tuple{Int64}}, 1, 3}, typeof(TensorKit.sectorhash), typeof(TensorKit.sectorequal)}","1","80","0.01"
"chemistry_like","DMRG2","both","other","/mnt/home/ldevos/Projects/MPSKit.jl/ld-envs/src/algorithms/derivatives/hamiltonian_derivatives.jl","496","JordanMPO_AC2_Hamiltonian","/mnt/home/ldevos/.julia/packages/LRUCache/ZH7qB/src/LRUCache.jl","110","_unsafe_haskey","TensorKit.Hashed{TensorKit.TensorMapSpace{TensorKit.GradedSpace{TensorKitSectors.PlanarTrivial, Tuple{Int64}}, 1, 3}, typeof(TensorKit.sectorhash), typeof(TensorKit.sectorequal)}","1","80","0.01"
"chemistry_like","DMRG2","both","operator preparation","/mnt/home/ldevos/Projects/MPSKit.jl/ld-envs/src/algorithms/derivatives/hamiltonian_derivatives.jl","719","prepare_right_AC","/mnt/home/ldevos/Projects/MPSKit.jl/ld-envs/src/algorithms/derivatives/hamiltonian_derivatives.jl","719","prepare_right_AC","TensorKit.TensorMap{Float64, TensorKit.GradedSpace{TensorKitSectors.PlanarTrivial, Tuple{Int64}}, 2, 2, Vector{Float64}}","1","80","0.01"
"chemistry_like","DMRG2","both","operator preparation","/mnt/home/ldevos/Projects/MPSKit.jl/ld-envs/src/algorithms/derivatives/hamiltonian_derivatives.jl","706","#right_AC_ingredients#558","/mnt/home/ldevos/.julia/packages/LRUCache/ZH7qB/src/LRUCache.jl","189","_unsafe_getindex","TensorKit.Hashed{TensorKit.TensorMapSpace{TensorKit.GradedSpace{TensorKitSectors.PlanarTrivial, Tuple{Int64}}, 2, 2}, typeof(TensorKit.sectorhash), typeof(TensorKit.sectorequal)}","1","80","0.01"
"chemistry_like","DMRG2","both","operator preparation","/mnt/home/ldevos/Projects/MPSKit.jl/ld-envs/src/algorithms/derivatives/hamiltonian_derivatives.jl","458","prepare_operator!!","/mnt/home/ldevos/.julia/packages/LRUCache/ZH7qB/src/LRUCache.jl","189","_unsafe_getindex","TensorKit.Hashed{TensorKit.TensorMapSpace{TensorKit.GradedSpace{TensorKitSectors.PlanarTrivial, Tuple{Int64}}, 0, 4}, typeof(TensorKit.sectorhash), typeof(TensorKit.sectorequal)}","1","80","0.01"
"chemistry_like","DMRG2","both","operator preparation","/mnt/home/ldevos/Projects/MPSKit.jl/ld-envs/src/algorithms/derivatives/hamiltonian_derivatives.jl","458","prepare_operator!!","/mnt/home/ldevos/.julia/packages/TensorKit/SLHMM/src/tensors/tensoroperations.jl","161","tensorcontract_type","TensorKit.TensorMap{Float64, TensorKit.GradedSpace{TensorKitSectors.PlanarTrivial, Tuple{Int64}}, 2, 2, Vector{Float64}}","1","80","0.01"
"chemistry_like","DMRG2","both","operator preparation","/mnt/home/ldevos/Projects/MPSKit.jl/ld-envs/src/utility/utility.jl","379","fuse_legs","/mnt/home/ldevos/.julia/packages/LRUCache/ZH7qB/src/LRUCache.jl","189","_unsafe_getindex","TensorKit.TensorMapSpace{TensorKit.GradedSpace{TensorKitSectors.PlanarTrivial, Tuple{Int64}}, 1, 3}","1","80","0.01"
"chemistry_like","DMRG2","both","operator preparation","/mnt/home/ldevos/Projects/MPSKit.jl/ld-envs/src/algorithms/derivatives/hamiltonian_derivatives.jl","147","prepare_operator!!","/mnt/home/ldevos/.julia/packages/Strided/yVKLF/src/mapreduce.jl","200","_mapreduce_block!","Tuple{NTuple{4, Int64}, NTuple{4, Int64}}","1","80","0.01"
"chemistry_like","DMRG2","both","other","/mnt/home/ldevos/Projects/MPSKit.jl/ld-envs/src/states/finitemps.jl","380","#AC2#71","/mnt/home/ldevos/.julia/packages/LRUCache/ZH7qB/src/LRUCache.jl","110","_unsafe_haskey","TensorKit.Hashed{TensorKit.TensorMapSpace{TensorKit.GradedSpace{TensorKitSectors.PlanarTrivial, Tuple{Int64}}, 2, 2}, typeof(TensorKit.sectorhash), typeof(TensorKit.sectorequal)}","1","80","0.01"
"chemistry_like","DMRG2","both","other","/mnt/home/ldevos/Projects/MPSKit.jl/ld-envs/src/algorithms/groundstate/dmrg.jl","261","local_update!","/mnt/home/ldevos/Projects/MPSKit.jl/ld-envs/src/algorithms/groundstate/dmrg.jl","261","local_update!","TensorKit.TensorMap{Float64, TensorKit.GradedSpace{TensorKitSectors.PlanarTrivial, Tuple{Int64}}, 2, 2, Vector{Float64}}","1","80","0.01"
"chemistry_like","DMRG2","both","eigensolve","/mnt/home/ldevos/Projects/MPSKit.jl/ld-envs/src/algorithms/derivatives/hamiltonian_derivatives.jl","493","JordanMPO_AC2_Hamiltonian","/mnt/home/ldevos/.julia/packages/TensorOperations/i1lNc/src/implementation/strided.jl","143","stridedtensoradd!","TensorOperations.Scaler{Float64}","5","80","0.01"
"chemistry_like","DMRG2","both","eigensolve","/mnt/home/ldevos/Projects/MPSKit.jl/ld-envs/src/algorithms/derivatives/hamiltonian_derivatives.jl","494","JordanMPO_AC2_Hamiltonian","/mnt/home/ldevos/.julia/packages/Strided/yVKLF/src/mapreduce.jl","200","_mapreduce_block!","Tuple{NTuple{4, Int64}, NTuple{4, Int64}}","1","80","0.01"
"chemistry_like","DMRG2","both","operator preparation","/mnt/home/ldevos/Projects/MPSKit.jl/ld-envs/src/algorithms/derivatives/hamiltonian_derivatives.jl","147","prepare_operator!!","/mnt/home/ldevos/.julia/packages/LRUCache/ZH7qB/src/LRUCache.jl","189","_unsafe_getindex","TensorKit.Hashed{TensorKit.TensorMapSpace{TensorKit.GradedSpace{TensorKitSectors.PlanarTrivial, Tuple{Int64}}, 2, 2}, typeof(TensorKit.sectorhash), typeof(TensorKit.sectorequal)}","1","80","0.01"
"chemistry_like","DMRG2","both","operator preparation","/mnt/home/ldevos/Projects/MPSKit.jl/ld-envs/src/algorithms/derivatives/hamiltonian_derivatives.jl","682","left_AC_ingredients","/mnt/home/ldevos/.julia/packages/TensorKit/SLHMM/src/spaces/vectorspaces.jl","437","isisomorphic","Dict{TensorKitSectors.PlanarTrivial, Nothing}","1","80","0.01"
"chemistry_like","DMRG2","both","operator preparation","/mnt/home/ldevos/Projects/MPSKit.jl/ld-envs/src/algorithms/derivatives/hamiltonian_derivatives.jl","704","#right_AC_ingredients#558","/mnt/home/ldevos/.julia/packages/TensorKit/SLHMM/src/spaces/vectorspaces.jl","437","isisomorphic","Dict{TensorKitSectors.PlanarTrivial, Nothing}","1","80","0.01"
"chemistry_like","DMRG2","both","operator preparation","/mnt/home/ldevos/Projects/MPSKit.jl/ld-envs/src/algorithms/derivatives/hamiltonian_derivatives.jl","394","prepare_operator!!","/mnt/home/ldevos/.julia/packages/LRUCache/ZH7qB/src/LRUCache.jl","110","_unsafe_haskey","TensorKit.Hashed{TensorKit.TensorMapSpace{TensorKit.GradedSpace{TensorKitSectors.PlanarTrivial, Tuple{Int64}}, 0, 4}, typeof(TensorKit.sectorhash), typeof(TensorKit.sectorequal)}","1","80","0.01"
"chemistry_like","DMRG2","both","operator preparation","/mnt/home/ldevos/Projects/MPSKit.jl/ld-envs/src/algorithms/derivatives/hamiltonian_derivatives.jl","136","prepare_operator!!","/mnt/home/ldevos/.julia/packages/LRUCache/ZH7qB/src/LRUCache.jl","189","_unsafe_getindex","TensorKit.Hashed{TensorKit.TensorMapSpace{TensorKit.GradedSpace{TensorKitSectors.PlanarTrivial, Tuple{Int64}}, 2, 2}, typeof(TensorKit.sectorhash), typeof(TensorKit.sectorequal)}","1","80","0.01"
"chemistry_like","DMRG2","both","operator preparation","/mnt/home/ldevos/Projects/MPSKit.jl/ld-envs/src/algorithms/derivatives/hamiltonian_derivatives.jl","757","prepare_right_AC2","/mnt/home/ldevos/Projects/MPSKit.jl/ld-envs/src/algorithms/derivatives/hamiltonian_derivatives.jl","757","prepare_right_AC2","TensorKit.TensorMap{Float64, TensorKit.GradedSpace{TensorKitSectors.PlanarTrivial, Tuple{Int64}}, 2, 2, Vector{Float64}}","1","80","0.01"
"chemistry_like","DMRG2","both","eigensolve","/mnt/home/ldevos/Projects/MPSKit.jl/ld-envs/src/algorithms/derivatives/hamiltonian_derivatives.jl","493","JordanMPO_AC2_Hamiltonian","/mnt/home/ldevos/.julia/packages/LRUCache/ZH7qB/src/LRUCache.jl","189","_unsafe_getindex","TensorKit.Hashed{TensorKit.TensorMapSpace{TensorKit.GradedSpace{TensorKitSectors.PlanarTrivial, Tuple{Int64}}, 1, 3}, typeof(TensorKit.sectorhash), typeof(TensorKit.sectorequal)}","1","80","0.01"
"chemistry_like","DMRG2","both","operator preparation","/mnt/home/ldevos/Projects/MPSKit.jl/ld-envs/src/algorithms/derivatives/hamiltonian_derivatives.jl","417","prepare_operator!!","/mnt/home/ldevos/.julia/packages/TensorKit/SLHMM/src/tensors/indexmanipulations.jl","660","add_transform_kernel!","TensorKit.var""#add_transform_kernel!##0#add_transform_kernel!##1""{TensorKit.StridedSubblocks{Memory{Float64}, 2}, TensorKit.StridedSubblocks{Memory{Float64}, 2}, Tuple{Tuple{Int64, Int64}, Tuple{}}, Bool, VectorInterface.One, VectorInterface.Zero, TensorOperations.DefaultBackend, TensorOperations.BufferAllocator{Memory{UInt8}}}","1","80","0.01"
"chemistry_like","DMRG2","both","other","/mnt/home/ldevos/Projects/MPSKit.jl/ld-envs/src/algorithms/derivatives/hamiltonian_derivatives.jl","494","JordanMPO_AC2_Hamiltonian","/mnt/home/ldevos/.julia/packages/LRUCache/ZH7qB/src/LRUCache.jl","110","_unsafe_haskey","TensorKit.Hashed{TensorKit.TensorMapSpace{TensorKit.GradedSpace{TensorKitSectors.PlanarTrivial, Tuple{Int64}}, 3, 1}, typeof(TensorKit.sectorhash), typeof(TensorKit.sectorequal)}","1","80","0.01"
"chemistry_like","DMRG2","both","operator preparation","/mnt/home/ldevos/Projects/MPSKit.jl/ld-envs/src/algorithms/derivatives/hamiltonian_derivatives.jl","121","prepare_operator!!","/mnt/home/ldevos/.julia/packages/TensorKit/SLHMM/src/tensors/indexmanipulations.jl","660","add_transform_kernel!","TensorKit.var""#add_transform_kernel!##0#add_transform_kernel!##1""{TensorKit.StridedSubblocks{Memory{Float64}, 2}, TensorKit.StridedSubblocks{Memory{Float64}, 2}, Tuple{Tuple{Int64, Int64}, Tuple{}}, Bool, VectorInterface.One, VectorInterface.Zero, TensorOperations.DefaultBackend, TensorOperations.BufferAllocator{Memory{UInt8}}}","1","80","0.01"
"chemistry_like","DMRG2","both","operator preparation","/mnt/home/ldevos/Projects/MPSKit.jl/ld-envs/src/algorithms/derivatives/hamiltonian_derivatives.jl","121","prepare_operator!!","/mnt/home/ldevos/.julia/packages/TimerOutputs/0Wski/src/macros.jl","257","macro expansion","TensorKit.Hashed{TensorKit.TensorMapSpace{TensorKit.GradedSpace{TensorKitSectors.PlanarTrivial, Tuple{Int64}}, 2, 2}, typeof(TensorKit.sectorhash), typeof(TensorKit.sectorequal)}","1","80","0.01"
"chemistry_like","DMRG2","both","gauge","/mnt/home/ldevos/Projects/MPSKit.jl/ld-envs/src/states/orthoview.jl","407","#gauge2!#104","/mnt/home/ldevos/.julia/packages/LRUCache/ZH7qB/src/LRUCache.jl","110","_unsafe_haskey","TensorKit.Hashed{TensorKit.TensorMapSpace{TensorKit.GradedSpace{TensorKitSectors.PlanarTrivial, Tuple{Int64}}, 2, 2}, typeof(TensorKit.sectorhash), typeof(TensorKit.sectorequal)}","1","80","0.01"
"chemistry_like","DMRG2","both","operator preparation","/mnt/home/ldevos/Projects/MPSKit.jl/ld-envs/src/algorithms/derivatives/hamiltonian_derivatives.jl","780","prepare_right_AC2","/mnt/home/ldevos/.julia/packages/BlockTensorKit/Kw0jL/src/tensors/sparseblocktensor.jl","16","SparseBlockTensorMap","Dict{CartesianIndex{5}, TensorKit.TensorMap{Float64, TensorKit.GradedSpace{TensorKitSectors.PlanarTrivial, Tuple{Int64}}, 2, 3, Vector{Float64}}}","1","80","0.01"
"chemistry_like","DMRG2","both","environment transfers","/mnt/home/ldevos/Projects/MPSKit.jl/ld-envs/src/transfermatrix/transfer.jl","133","#transfer_right#319","/mnt/home/ldevos/.julia/packages/TensorOperations/i1lNc/src/implementation/allocator.jl","449","tensoralloc","Memory{Float64}","3","72","0.01"
"chemistry_like","DMRG2","both","eigensolve","/mnt/home/ldevos/Projects/MPSKit.jl/ld-envs/src/algorithms/derivatives/hamiltonian_derivatives.jl","493","JordanMPO_AC2_Hamiltonian","/mnt/home/ldevos/.julia/packages/LRUCache/ZH7qB/src/LRUCache.jl","189","_unsafe_getindex","TensorKit.UniqueTreeTransformer{Int64, 4}","3","72","0.01"
"chemistry_like","DMRG2","both","gauge","/mnt/home/ldevos/Projects/MPSKit.jl/ld-envs/src/states/orthoview.jl","325","left_gauge","/mnt/home/ldevos/.julia/packages/MatrixAlgebraKit/AbU5a/src/algorithms.jl","536","macro expansion","Memory{UInt8}","3","72","0.01"
"chemistry_like","DMRG2","both","eigensolve","/mnt/home/ldevos/Projects/MPSKit.jl/ld-envs/src/utility/utility.jl","284","mul_front!","/mnt/home/ldevos/.julia/packages/LRUCache/ZH7qB/src/LRUCache.jl","189","_unsafe_getindex","TensorKit.DegeneracyStructure{3}","3","72","0.01"
"chemistry_like","DMRG2","both","other","/mnt/home/ldevos/Projects/MPSKit.jl/ld-envs/src/utility/utility.jl","284","mul_front!","/mnt/home/ldevos/.julia/packages/LRUCache/ZH7qB/src/LRUCache.jl","189","_unsafe_getindex","TensorKit.Hashed{TensorKit.TensorMapSpace{TensorKit.GradedSpace{TensorKitSectors.PlanarTrivial, Tuple{Int64}}, 2, 1}, typeof(TensorKit.sectorhash), typeof(TensorKit.sectorequal)}","1","64","0.01"
"chemistry_like","DMRG2","both","environment transfers","/mnt/home/ldevos/Projects/MPSKit.jl/ld-envs/src/transfermatrix/transfer.jl","133","#transfer_right#319","/mnt/home/ldevos/.julia/packages/BlockTensorKit/Kw0jL/src/vectorspaces/sumspace.jl","16","#SumSpace#1","Vector{TensorKit.GradedSpace{TensorKitSectors.PlanarTrivial, Tuple{Int64}}}","2","64","0.01"
"chemistry_like","DMRG2","both","other","/mnt/home/ldevos/Projects/MPSKit.jl/ld-envs/src/utility/utility.jl","22","project_complement!","/mnt/home/ldevos/.julia/packages/LRUCache/ZH7qB/src/LRUCache.jl","110","_unsafe_haskey","TensorKit.Hashed{TensorKit.TensorMapSpace{TensorKit.GradedSpace{TensorKitSectors.PlanarTrivial, Tuple{Int64}}, 1, 2}, typeof(TensorKit.sectorhash), typeof(TensorKit.sectorequal)}","1","64","0.01"
"chemistry_like","DMRG2","both","other","/mnt/home/ldevos/Projects/MPSKit.jl/ld-envs/src/utility/utility.jl","295","mul_front!","/mnt/home/ldevos/.julia/packages/TensorOperations/i1lNc/src/implementation/blascontract.jl","111","makeblascontractable","Tuple{Tuple{Int64}, Tuple{Int64}}","2","64","0.01"
"chemistry_like","DMRG2","both","operator preparation","/mnt/home/ldevos/Projects/MPSKit.jl/ld-envs/src/algorithms/derivatives/hamiltonian_derivatives.jl","760","prepare_right_AC2","/mnt/home/ldevos/.julia/packages/TensorKit/SLHMM/src/auxiliary/auxiliary.jl","110","taskforeach","ReentrantLock","1","64","0.01"
"chemistry_like","DMRG2","both","environment transfers","/mnt/home/ldevos/Projects/MPSKit.jl/ld-envs/src/transfermatrix/transfer.jl","133","#transfer_right#319","/mnt/home/ldevos/.julia/packages/BlockTensorKit/Kw0jL/src/linalg/linalg.jl","44","mul!","Vector{CartesianIndex{4}}","2","64","0.01"
"chemistry_like","DMRG2","both","gauge","/mnt/home/ldevos/Projects/MPSKit.jl/ld-envs/src/states/orthoview.jl","407","#gauge2!#104","/mnt/home/ldevos/.julia/packages/LRUCache/ZH7qB/src/LRUCache.jl","189","_unsafe_getindex","TensorKit.Hashed{TensorKit.TensorMapSpace{TensorKit.GradedSpace{TensorKitSectors.PlanarTrivial, Tuple{Int64}}, 1, 2}, typeof(TensorKit.sectorhash), typeof(TensorKit.sectorequal)}","1","64","0.01"
"chemistry_like","DMRG2","both","other","/mnt/home/ldevos/Projects/MPSKit.jl/ld-envs/src/algorithms/derivatives/hamiltonian_derivatives.jl","494","JordanMPO_AC2_Hamiltonian","/mnt/home/ldevos/.julia/packages/TensorKit/SLHMM/src/auxiliary/auxiliary.jl","110","taskforeach","Base.IntrusiveLinkedList{Task}","2","64","0.01"
"chemistry_like","DMRG2","both","other","/mnt/home/ldevos/Projects/MPSKit.jl/ld-envs/src/algorithms/derivatives/hamiltonian_derivatives.jl","493","JordanMPO_AC2_Hamiltonian","/mnt/home/ldevos/.julia/packages/Strided/yVKLF/src/mapreduce.jl","200","_mapreduce_block!","NTuple{6, Int64}","1","64","0.01"
"chemistry_like","DMRG2","both","other","/mnt/home/ldevos/Projects/MPSKit.jl/ld-envs/src/utility/utility.jl","5","#_transpose_tail#9","/mnt/home/ldevos/.julia/packages/LRUCache/ZH7qB/src/LRUCache.jl","159","get!","Vector{Tuple{Any, Any}}","2","64","0.01"
"chemistry_like","DMRG2","both","operator preparation","/mnt/home/ldevos/Projects/MPSKit.jl/ld-envs/src/algorithms/derivatives/hamiltonian_derivatives.jl","432","prepare_operator!!","/mnt/home/ldevos/.julia/packages/TensorKit/SLHMM/src/auxiliary/auxiliary.jl","110","taskforeach","Vector{Any}","2","64","0.01"
"chemistry_like","DMRG2","both","environment transfers","/mnt/home/ldevos/Projects/MPSKit.jl/ld-envs/src/transfermatrix/transfer.jl","130","#transfer_left#318","/mnt/home/ldevos/.julia/packages/BlockTensorKit/Kw0jL/src/linalg/linalg.jl","44","mul!","Array{CartesianIndex{4}, 4}","1","64","0.01"
"chemistry_like","DMRG2","both","eigensolve","/mnt/home/ldevos/Projects/MPSKit.jl/ld-envs/src/algorithms/derivatives/hamiltonian_derivatives.jl","494","JordanMPO_AC2_Hamiltonian","/mnt/home/ldevos/.julia/packages/TensorKit/SLHMM/src/auxiliary/auxiliary.jl","110","taskforeach","Base.Threads.SpinLock","4","64","0.01"
"chemistry_like","DMRG2","both","eigensolve","/mnt/home/ldevos/Projects/MPSKit.jl/ld-envs/src/utility/utility.jl","293","mul_front!","/mnt/home/ldevos/.julia/packages/LRUCache/ZH7qB/src/LRUCache.jl","189","_unsafe_getindex","TensorKit.Hashed{TensorKit.TensorMapSpace{TensorKit.GradedSpace{TensorKitSectors.PlanarTrivial, Tuple{Int64}}, 2, 1}, typeof(TensorKit.sectorhash), typeof(TensorKit.sectorequal)}","1","64","0.01"
"chemistry_like","DMRG2","both","operator preparation","/mnt/home/ldevos/Projects/MPSKit.jl/ld-envs/src/algorithms/derivatives/hamiltonian_derivatives.jl","732","prepare_left_AC2","/mnt/home/ldevos/.julia/packages/BlockTensorKit/Kw0jL/src/vectorspaces/sumspace.jl","112","dual","Vector{TensorKit.GradedSpace{TensorKitSectors.PlanarTrivial, Tuple{Int64}}}","2","64","0.01"
"chemistry_like","DMRG2","both","operator preparation","/mnt/home/ldevos/Projects/MPSKit.jl/ld-envs/src/algorithms/derivatives/hamiltonian_derivatives.jl","445","prepare_operator!!","/mnt/home/ldevos/.julia/packages/Strided/yVKLF/src/mapreduce.jl","200","_mapreduce_block!","StridedViews.StridedView{Float64, 2, Memory{Float64}, typeof(identity)}","1","64","0.01"
"chemistry_like","DMRG2","both","other","/mnt/home/ldevos/Projects/MPSKit.jl/ld-envs/src/utility/utility.jl","267","mul_front","/mnt/home/ldevos/.julia/packages/LRUCache/ZH7qB/src/LRUCache.jl","159","get!","Vector{Tuple{Any, Any}}","2","64","0.01"
"chemistry_like","DMRG2","both","other","/mnt/home/ldevos/Projects/MPSKit.jl/ld-envs/src/utility/utility.jl","328","mul_tail!","/mnt/home/ldevos/.julia/packages/LRUCache/ZH7qB/src/LRUCache.jl","189","_unsafe_getindex","TensorKit.Hashed{TensorKit.TensorMapSpace{TensorKit.GradedSpace{TensorKitSectors.PlanarTrivial, Tuple{Int64}}, 2, 1}, typeof(TensorKit.sectorhash), typeof(TensorKit.sectorequal)}","1","64","0.01"
"chemistry_like","DMRG2","both","gauge","/mnt/home/ldevos/Projects/MPSKit.jl/ld-envs/src/utility/utility.jl","2","#_transpose_front#8","/mnt/home/ldevos/.julia/packages/Strided/yVKLF/src/mapreduce.jl","200","_mapreduce_block!","Tuple{Int64, Int64, Int64}","2","64","0.01"
"chemistry_like","DMRG2","both","operator preparation","/mnt/home/ldevos/Projects/MPSKit.jl/ld-envs/src/algorithms/derivatives/hamiltonian_derivatives.jl","417","prepare_operator!!","/mnt/home/ldevos/.julia/packages/Strided/yVKLF/src/mapreduce.jl","200","_mapreduce_block!","StridedViews.StridedView{Float64, 2, Memory{Float64}, typeof(identity)}","1","64","0.01"
"chemistry_like","DMRG2","both","eigensolve","/mnt/home/ldevos/Projects/MPSKit.jl/ld-envs/src/algorithms/derivatives/hamiltonian_derivatives.jl","493","JordanMPO_AC2_Hamiltonian","/mnt/home/ldevos/.julia/packages/LRUCache/ZH7qB/src/LRUCache.jl","189","_unsafe_getindex","TensorKit.SectorStructure{TensorKitSectors.PlanarTrivial, Tuple{TensorKit.FusionTree{TensorKitSectors.PlanarTrivial, 3, 1, 2}, TensorKit.FusionTree{TensorKitSectors.PlanarTrivial, 3, 1, 2}}}","4","64","0.01"
"chemistry_like","DMRG2","both","eigensolve","/mnt/home/ldevos/Projects/MPSKit.jl/ld-envs/src/utility/utility.jl","293","mul_front!","/mnt/home/ldevos/.julia/packages/LRUCache/ZH7qB/src/LRUCache.jl","159","get!","Vector{Tuple{Any, Any}}","2","64","0.01"
"chemistry_like","DMRG2","both","operator preparation","/mnt/home/ldevos/Projects/MPSKit.jl/ld-envs/src/algorithms/derivatives/hamiltonian_derivatives.jl","403","prepare_operator!!","/mnt/home/ldevos/.julia/packages/TensorKit/SLHMM/src/auxiliary/auxiliary.jl","110","taskforeach","Base.IntrusiveLinkedList{Task}","2","64","0.01"
"chemistry_like","DMRG2","both","gauge","/mnt/home/ldevos/Projects/MPSKit.jl/ld-envs/src/states/orthoview.jl","181","setindex!","/mnt/home/ldevos/.julia/packages/TensorKit/SLHMM/src/auxiliary/dicts.jl","137","setindex!","Memory{UnitRange{Int64}}","1","64","0.01"
"chemistry_like","DMRG2","both","eigensolve","/mnt/home/ldevos/Projects/MPSKit.jl/ld-envs/src/algorithms/fixedpoint.jl","16","fixedpoint","/mnt/home/ldevos/.julia/packages/KrylovKit/bEE7W/src/eigsolve/lanczos.jl","57","#eigsolve#54","Vector{Any}","2","64","0.01"
"chemistry_like","DMRG2","both","operator preparation","/mnt/home/ldevos/Projects/MPSKit.jl/ld-envs/src/algorithms/derivatives/hamiltonian_derivatives.jl","121","prepare_operator!!","/mnt/home/ldevos/.julia/packages/TensorKit/SLHMM/src/auxiliary/auxiliary.jl","110","taskforeach","ReentrantLock","1","64","0.01"
"chemistry_like","DMRG2","both","gauge","/mnt/home/ldevos/Projects/MPSKit.jl/ld-envs/src/states/orthoview.jl","325","left_gauge","/mnt/home/ldevos/.julia/packages/MatrixAlgebraKit/AbU5a/src/algorithms.jl","536","macro expansion","IOBuffer","1","64","0.01"
"chemistry_like","DMRG2","both","other","/mnt/home/ldevos/Projects/MPSKit.jl/ld-envs/src/utility/utility.jl","328","mul_tail!","/mnt/home/ldevos/.julia/packages/LRUCache/ZH7qB/src/LRUCache.jl","110","_unsafe_haskey","TensorKit.Hashed{TensorKit.TensorMapSpace{TensorKit.GradedSpace{TensorKitSectors.PlanarTrivial, Tuple{Int64}}, 2, 1}, typeof(TensorKit.sectorhash), typeof(TensorKit.sectorequal)}","1","64","0.01"
"chemistry_like","DMRG2","both","eigensolve","/mnt/home/ldevos/Projects/MPSKit.jl/ld-envs/src/utility/utility.jl","295","mul_front!","/mnt/home/ldevos/.julia/packages/TensorOperations/i1lNc/src/implementation/blascontract.jl","100","makeblascontractable","StridedViews.StridedView{Float64, 2, Memory{Float64}, typeof(identity)}","1","64","0.01"
"chemistry_like","DMRG2","both","eigensolve","/mnt/home/ldevos/Projects/MPSKit.jl/ld-envs/src/algorithms/fixedpoint.jl","16","fixedpoint","/mnt/home/ldevos/.julia/packages/KrylovKit/bEE7W/src/dense/reflector.jl","27","householder","Vector{Float64}","2","64","0.01"
"chemistry_like","DMRG2","both","other","/mnt/home/ldevos/Projects/MPSKit.jl/ld-envs/src/algorithms/derivatives/hamiltonian_derivatives.jl","493","JordanMPO_AC2_Hamiltonian","/mnt/home/ldevos/.julia/packages/TensorKit/SLHMM/src/auxiliary/auxiliary.jl","110","taskforeach","Vector{Any}","2","64","0.01"
"chemistry_like","DMRG2","both","operator preparation","/mnt/home/ldevos/Projects/MPSKit.jl/ld-envs/src/algorithms/derivatives/hamiltonian_derivatives.jl","432","prepare_operator!!","/mnt/home/ldevos/.julia/packages/TensorKit/SLHMM/src/auxiliary/auxiliary.jl","110","taskforeach","ReentrantLock","1","64","0.01"
"chemistry_like","DMRG2","both","operator preparation","/mnt/home/ldevos/Projects/MPSKit.jl/ld-envs/src/algorithms/derivatives/hamiltonian_derivatives.jl","394","prepare_operator!!","/mnt/home/ldevos/.julia/packages/Strided/yVKLF/src/mapreduce.jl","200","_mapreduce_block!","NTuple{6, Int64}","1","64","0.01"
"chemistry_like","DMRG2","both","other","/mnt/home/ldevos/Projects/MPSKit.jl/ld-envs/src/algorithms/derivatives/mpo_derivatives.jl","321","PrecomputedDerivative","/mnt/home/ldevos/.julia/packages/LRUCache/ZH7qB/src/LRUCache.jl","110","_unsafe_haskey","TensorKit.Hashed{TensorKit.TensorMapSpace{TensorKit.GradedSpace{TensorKitSectors.PlanarTrivial, Tuple{Int64}}, 2, 1}, typeof(TensorKit.sectorhash), typeof(TensorKit.sectorequal)}","1","64","0.01"
"chemistry_like","DMRG2","both","operator preparation","/mnt/home/ldevos/Projects/MPSKit.jl/ld-envs/src/algorithms/derivatives/hamiltonian_derivatives.jl","381","prepare_operator!!","/mnt/home/ldevos/.julia/packages/TensorKit/SLHMM/src/auxiliary/auxiliary.jl","110","taskforeach","ReentrantLock","1","64","0.01"
"chemistry_like","DMRG2","both","eigensolve","/mnt/home/ldevos/Projects/MPSKit.jl/ld-envs/src/algorithms/fixedpoint.jl","16","fixedpoint","/mnt/home/ldevos/.julia/packages/KrylovKit/bEE7W/src/eigsolve/lanczos.jl","61","#eigsolve#54","Vector{Int64}","2","64","0.01"
"chemistry_like","DMRG2","both","eigensolve","/mnt/home/ldevos/Projects/MPSKit.jl/ld-envs/src/algorithms/derivatives/hamiltonian_derivatives.jl","493","JordanMPO_AC2_Hamiltonian","/mnt/home/ldevos/.julia/packages/TensorKit/SLHMM/src/auxiliary/auxiliary.jl","109","taskforeach","Base.Threads.Atomic{Int64}","4","64","0.01"
"chemistry_like","DMRG2","both","operator preparation","/mnt/home/ldevos/Projects/MPSKit.jl/ld-envs/src/algorithms/derivatives/hamiltonian_derivatives.jl","403","prepare_operator!!","/mnt/home/ldevos/.julia/packages/TensorKit/SLHMM/src/auxiliary/auxiliary.jl","110","taskforeach","ReentrantLock","1","64","0.01"
"chemistry_like","DMRG2","both","eigensolve","/mnt/home/ldevos/Projects/MPSKit.jl/ld-envs/src/algorithms/fixedpoint.jl","16","fixedpoint","/mnt/home/ldevos/.julia/packages/KrylovKit/bEE7W/src/dense/linalg.jl","423","stegr!","Vector{Float64}","2","64","0.01"
"chemistry_like","DMRG2","both","operator preparation","/mnt/home/ldevos/Projects/MPSKit.jl/ld-envs/src/algorithms/derivatives/hamiltonian_derivatives.jl","136","prepare_operator!!","/mnt/home/ldevos/.julia/packages/LRUCache/ZH7qB/src/LRUCache.jl","159","get!","Vector{Tuple{Any, Any}}","2","64","0.01"
"chemistry_like","DMRG2","both","gauge","/mnt/home/ldevos/Projects/MPSKit.jl/ld-envs/src/states/orthoview.jl","407","#gauge2!#104","/mnt/home/ldevos/.julia/packages/LRUCache/ZH7qB/src/LRUCache.jl","110","_unsafe_haskey","TensorKit.Hashed{TensorKit.TensorMapSpace{TensorKit.GradedSpace{TensorKitSectors.PlanarTrivial, Tuple{Int64}}, 1, 2}, typeof(TensorKit.sectorhash), typeof(TensorKit.sectorequal)}","1","64","0.01"
"chemistry_like","DMRG2","both","operator preparation","/mnt/home/ldevos/Projects/MPSKit.jl/ld-envs/src/algorithms/derivatives/hamiltonian_derivatives.jl","458","prepare_operator!!","/mnt/home/ldevos/.julia/packages/TensorKit/SLHMM/src/auxiliary/auxiliary.jl","110","taskforeach","ReentrantLock","1","64","0.01"
"chemistry_like","DMRG2","both","gauge","/mnt/home/ldevos/Projects/MPSKit.jl/ld-envs/src/states/orthoview.jl","325","left_gauge","/mnt/home/ldevos/.julia/packages/LRUCache/ZH7qB/src/LRUCache.jl","159","get!","Vector{Tuple{Any, Any}}","2","64","0.01"
"chemistry_like","DMRG2","both","other","/mnt/home/ldevos/Projects/MPSKit.jl/ld-envs/src/utility/utility.jl","328","mul_tail!","/mnt/home/ldevos/.julia/packages/LRUCache/ZH7qB/src/LRUCache.jl","159","get!","Vector{Tuple{Any, Any}}","2","64","0.01"
"chemistry_like","DMRG2","both","operator preparation","/mnt/home/ldevos/Projects/MPSKit.jl/ld-envs/src/utility/utility.jl","379","fuse_legs","/mnt/home/ldevos/.julia/packages/LRUCache/ZH7qB/src/LRUCache.jl","159","get!","Vector{Tuple{Any, Any}}","2","64","0.01"
"chemistry_like","DMRG2","both","operator preparation","/mnt/home/ldevos/Projects/MPSKit.jl/ld-envs/src/algorithms/derivatives/hamiltonian_derivatives.jl","381","prepare_operator!!","/mnt/home/ldevos/.julia/packages/Strided/yVKLF/src/mapreduce.jl","200","_mapreduce_block!","StridedViews.StridedView{Float64, 2, Memory{Float64}, typeof(identity)}","1","64","0.01"
"chemistry_like","DMRG2","both","operator preparation","/mnt/home/ldevos/Projects/MPSKit.jl/ld-envs/src/algorithms/derivatives/hamiltonian_derivatives.jl","417","prepare_operator!!","/mnt/home/ldevos/.julia/packages/LRUCache/ZH7qB/src/LRUCache.jl","159","get!","Vector{Tuple{Any, Any}}","2","64","0.01"
"chemistry_like","DMRG2","both","eigensolve","/mnt/home/ldevos/Projects/MPSKit.jl/ld-envs/src/algorithms/fixedpoint.jl","16","fixedpoint","/mnt/home/ldevos/.julia/packages/KrylovKit/bEE7W/src/dense/reflector.jl","27","householder","Memory{Float64}","1","64","0.01"
"chemistry_like","DMRG2","both","other","/mnt/home/ldevos/Projects/MPSKit.jl/ld-envs/src/utility/utility.jl","295","mul_front!","/mnt/home/ldevos/.julia/packages/TensorOperations/i1lNc/src/implementation/blascontract.jl","100","makeblascontractable","StridedViews.StridedView{Float64, 2, Memory{Float64}, typeof(identity)}","1","64","0.01"
"chemistry_like","DMRG2","both","gauge","/mnt/home/ldevos/Projects/MPSKit.jl/ld-envs/src/states/orthoview.jl","176","setindex!","/mnt/home/ldevos/Projects/MPSKit.jl/ld-envs/src/states/orthoview.jl","176","setindex!","TensorKit.TensorMap{Float64, TensorKit.GradedSpace{TensorKitSectors.PlanarTrivial, Tuple{Int64}}, 2, 1, Vector{Float64}}","1","64","0.01"
"chemistry_like","DMRG2","both","eigensolve","/mnt/home/ldevos/Projects/MPSKit.jl/ld-envs/src/algorithms/fixedpoint.jl","16","fixedpoint","/mnt/home/ldevos/.julia/packages/KrylovKit/bEE7W/src/eigsolve/lanczos.jl","138","#eigsolve#54","Vector{Float64}","2","64","0.01"
"chemistry_like","DMRG2","both","operator preparation","/mnt/home/ldevos/Projects/MPSKit.jl/ld-envs/src/algorithms/derivatives/hamiltonian_derivatives.jl","720","prepare_right_AC","/mnt/home/ldevos/.julia/packages/BlockTensorKit/Kw0jL/src/vectorspaces/sumspace.jl","134","_sectors","Vector{TensorKitSectors.PlanarTrivial}","2","64","0.01"
"chemistry_like","DMRG2","both","eigensolve","/mnt/home/ldevos/Projects/MPSKit.jl/ld-envs/src/algorithms/derivatives/hamiltonian_derivatives.jl","493","JordanMPO_AC2_Hamiltonian","/mnt/home/ldevos/.julia/packages/TensorOperations/i1lNc/src/implementation/strided.jl","145","stridedtensoradd!","TensorOperations.Scaler{Float64}","4","64","0.01"
"chemistry_like","DMRG2","both","gauge","/mnt/home/ldevos/Projects/MPSKit.jl/ld-envs/src/states/orthoview.jl","325","left_gauge","/mnt/home/ldevos/.julia/packages/MatrixAlgebraKit/AbU5a/src/algorithms.jl","536","macro expansion","String","1","62","0.01"
"chemistry_like","DMRG2","both","gauge","/mnt/home/ldevos/Projects/MPSKit.jl/ld-envs/src/states/orthoview.jl","407","#gauge2!#104","/mnt/home/ldevos/.julia/packages/TensorKit/SLHMM/src/tensors/blockiterators.jl","34","#foreachblock#173","TensorKit.TensorMap{Float64, TensorKit.GradedSpace{TensorKitSectors.PlanarTrivial, Tuple{Int64}}, 1, 2, Vector{Float64}}","1","56","0.01"
"chemistry_like","DMRG2","both","gauge","/mnt/home/ldevos/Projects/MPSKit.jl/ld-envs/src/states/orthoview.jl","407","#gauge2!#104","/mnt/home/ldevos/.julia/packages/TensorKit/SLHMM/src/tensors/blockiterators.jl","34","#foreachblock#173","TensorKit.TensorMap{Float64, TensorKit.GradedSpace{TensorKitSectors.PlanarTrivial, Tuple{Int64}}, 2, 1, Vector{Float64}}","1","56","0.01"
"chemistry_like","DMRG2","both","operator preparation","/mnt/home/ldevos/Projects/MPSKit.jl/ld-envs/src/algorithms/derivatives/hamiltonian_derivatives.jl","732","prepare_left_AC2","/mnt/home/ldevos/.julia/packages/BlockTensorKit/Kw0jL/src/tensors/sparseblocktensor.jl","57","sparseblocktensormaptype","Core.SimpleVector","1","56","0.01"
"chemistry_like","DMRG2","both","eigensolve","/mnt/home/ldevos/Projects/MPSKit.jl/ld-envs/src/algorithms/derivatives/hamiltonian_derivatives.jl","494","JordanMPO_AC2_Hamiltonian","/mnt/home/ldevos/.julia/packages/TensorOperations/i1lNc/src/implementation/allocator.jl","420","unsafe_buffer_wrap","Vector{Float64}","2","48","0.01"
"chemistry_like","DMRG2","both","eigensolve","/mnt/home/ldevos/Projects/MPSKit.jl/ld-envs/src/utility/utility.jl","293","mul_front!","/mnt/home/ldevos/.julia/packages/LRUCache/ZH7qB/src/LRUCache.jl","189","_unsafe_getindex","TensorKit.DegeneracyStructure{3}","2","48","0.01"
"chemistry_like","DMRG2","both","eigensolve","/mnt/home/ldevos/Projects/MPSKit.jl/ld-envs/src/algorithms/derivatives/mpo_derivatives.jl","347","PrecomputedDerivative","/mnt/home/ldevos/.julia/packages/LRUCache/ZH7qB/src/LRUCache.jl","189","_unsafe_getindex","TensorKit.DegeneracyStructure{4}","2","48","0.01"
"chemistry_like","DMRG2","both","gauge","/mnt/home/ldevos/Projects/MPSKit.jl/ld-envs/src/states/orthoview.jl","407","#gauge2!#104","/mnt/home/ldevos/.julia/packages/LRUCache/ZH7qB/src/LRUCache.jl","189","_unsafe_getindex","TensorKit.Hashed{TensorKit.TensorMapSpace{TensorKit.GradedSpace{TensorKitSectors.PlanarTrivial, Tuple{Int64}}, 1, 1}, typeof(TensorKit.sectorhash), typeof(TensorKit.sectorequal)}","1","48","0.01"
"chemistry_like","DMRG2","both","eigensolve","/mnt/home/ldevos/Projects/MPSKit.jl/ld-envs/src/algorithms/derivatives/hamiltonian_derivatives.jl","494","JordanMPO_AC2_Hamiltonian","/mnt/home/ldevos/.julia/packages/TensorKit/SLHMM/src/auxiliary/auxiliary.jl","109","taskforeach","Base.Threads.Atomic{Int64}","3","48","0.01"
"chemistry_like","DMRG2","both","eigensolve","/mnt/home/ldevos/Projects/MPSKit.jl/ld-envs/src/algorithms/derivatives/hamiltonian_derivatives.jl","494","JordanMPO_AC2_Hamiltonian","/mnt/home/ldevos/.julia/packages/LRUCache/ZH7qB/src/LRUCache.jl","189","_unsafe_getindex","TensorKit.UniqueTreeTransformer{Int64, 4}","2","48","0.01"
"chemistry_like","DMRG2","both","operator preparation","/mnt/home/ldevos/Projects/MPSKit.jl/ld-envs/src/algorithms/derivatives/hamiltonian_derivatives.jl","121","prepare_operator!!","/mnt/home/ldevos/.julia/packages/LRUCache/ZH7qB/src/LRUCache.jl","189","_unsafe_getindex","TensorKit.DegeneracyStructure{2}","2","48","0.01"
"chemistry_like","DMRG2","both","eigensolve","/mnt/home/ldevos/Projects/MPSKit.jl/ld-envs/src/algorithms/fixedpoint.jl","16","fixedpoint","/mnt/home/ldevos/.julia/packages/KrylovKit/bEE7W/src/eigsolve/lanczos.jl","125","#eigsolve#54","Memory{Float64}","2","48","0.01"
"chemistry_like","DMRG2","both","eigensolve","/mnt/home/ldevos/Projects/MPSKit.jl/ld-envs/src/algorithms/fixedpoint.jl","16","fixedpoint","/mnt/home/ldevos/.julia/packages/KrylovKit/bEE7W/src/eigsolve/lanczos.jl","28","#eigsolve#54","Matrix{Float64}","1","48","0.01"
"chemistry_like","DMRG2","both","other","/mnt/home/ldevos/Projects/MPSKit.jl/ld-envs/src/states/finitemps.jl","378","#AC2#71","/mnt/home/ldevos/.julia/packages/LRUCache/ZH7qB/src/LRUCache.jl","189","_unsafe_getindex","TensorKit.DegeneracyStructure{3}","2","48","0.01"
"chemistry_like","DMRG2","both","environment transfers","/mnt/home/ldevos/Projects/MPSKit.jl/ld-envs/src/transfermatrix/transfer.jl","133","#transfer_right#319","/mnt/home/ldevos/.julia/packages/BlockTensorKit/Kw0jL/src/tensors/blocktensor.jl","209","convert","Array{TensorKit.TensorMap{Float64, TensorKit.GradedSpace{TensorKitSectors.PlanarTrivial, Tuple{Int64}}, 2, 1, Vector{Float64}}, 3}","1","48","0.01"
"chemistry_like","DMRG2","both","eigensolve","/mnt/home/ldevos/Projects/MPSKit.jl/ld-envs/src/algorithms/derivatives/hamiltonian_derivatives.jl","493","JordanMPO_AC2_Hamiltonian","/mnt/home/ldevos/.julia/packages/TensorOperations/i1lNc/src/implementation/allocator.jl","420","unsafe_buffer_wrap","Vector{Float64}","2","48","0.01"
"chemistry_like","DMRG2","both","other","/mnt/home/ldevos/Projects/MPSKit.jl/ld-envs/src/utility/utility.jl","379","fuse_legs","/mnt/home/ldevos/.julia/packages/LRUCache/ZH7qB/src/LRUCache.jl","189","_unsafe_getindex","TensorKit.DegeneracyStructure{3}","2","48","0.01"
"chemistry_like","DMRG2","both","operator preparation","/mnt/home/ldevos/Projects/MPSKit.jl/ld-envs/src/algorithms/derivatives/hamiltonian_derivatives.jl","681","left_AC_ingredients","/mnt/home/ldevos/.julia/packages/BlockTensorKit/Kw0jL/src/tensors/blocktensor.jl","16","BlockTensorMap","Array{TensorKit.TensorMap{Float64, TensorKit.GradedSpace{TensorKitSectors.PlanarTrivial, Tuple{Int64}}, 2, 1, Vector{Float64}}, 3}","1","48","0.01"
"chemistry_like","DMRG2","both","operator preparation","/mnt/home/ldevos/Projects/MPSKit.jl/ld-envs/src/algorithms/derivatives/hamiltonian_derivatives.jl","684","left_AC_ingredients","/mnt/home/ldevos/.julia/packages/Strided/yVKLF/src/mapreduce.jl","200","_mapreduce_block!","NTuple{4, Int64}","1","48","0.01"
"chemistry_like","DMRG2","both","other","/mnt/home/ldevos/Projects/MPSKit.jl/ld-envs/src/states/finitemps.jl","380","#AC2#71","/mnt/home/ldevos/.julia/packages/LRUCache/ZH7qB/src/LRUCache.jl","189","_unsafe_getindex","TensorKit.DegeneracyStructure{4}","2","48","0.01"
"chemistry_like","DMRG2","both","operator preparation","/mnt/home/ldevos/Projects/MPSKit.jl/ld-envs/src/algorithms/derivatives/hamiltonian_derivatives.jl","136","prepare_operator!!","/mnt/home/ldevos/.julia/packages/Strided/yVKLF/src/mapreduce.jl","200","_mapreduce_block!","NTuple{4, Int64}","1","48","0.01"
"chemistry_like","DMRG2","both","other","/mnt/home/ldevos/Projects/MPSKit.jl/ld-envs/src/algorithms/derivatives/hamiltonian_derivatives.jl","494","JordanMPO_AC2_Hamiltonian","/mnt/home/ldevos/.julia/packages/Strided/yVKLF/src/mapreduce.jl","200","_mapreduce_block!","NTuple{4, Int64}","1","48","0.01"
"chemistry_like","DMRG2","both","operator preparation","/mnt/home/ldevos/Projects/MPSKit.jl/ld-envs/src/algorithms/derivatives/hamiltonian_derivatives.jl","732","prepare_left_AC2","/mnt/home/ldevos/.julia/packages/BlockTensorKit/Kw0jL/src/auxiliary/sparsetensorarray.jl","87","setindex!","Memory{CartesianIndex{3}}","2","48","0.01"
"chemistry_like","DMRG2","both","operator preparation","/mnt/home/ldevos/Projects/MPSKit.jl/ld-envs/src/algorithms/derivatives/hamiltonian_derivatives.jl","403","prepare_operator!!","/mnt/home/ldevos/.julia/packages/TensorOperations/i1lNc/src/implementation/allocator.jl","420","unsafe_buffer_wrap","Memory{Float64}","2","48","0.01"
"chemistry_like","DMRG2","both","gauge","/mnt/home/ldevos/Projects/MPSKit.jl/ld-envs/src/states/orthoview.jl","407","#gauge2!#104","/mnt/home/ldevos/.julia/packages/LRUCache/ZH7qB/src/LRUCache.jl","189","_unsafe_getindex","TensorKit.SectorStructure{TensorKitSectors.PlanarTrivial, Tuple{TensorKit.FusionTree{TensorKitSectors.PlanarTrivial, 1, 0, 0}, TensorKit.FusionTree{TensorKitSectors.PlanarTrivial, 1, 0, 0}}}","3","48","0.01"
"chemistry_like","DMRG2","both","operator preparation","/mnt/home/ldevos/Projects/MPSKit.jl/ld-envs/src/algorithms/derivatives/hamiltonian_derivatives.jl","417","prepare_operator!!","/mnt/home/ldevos/.julia/packages/Strided/yVKLF/src/mapreduce.jl","200","_mapreduce_block!","Tuple{Tuple{Int64, Int64}, Tuple{Int64, Int64}}","1","48","0.01"
"chemistry_like","DMRG2","both","gauge","/mnt/home/ldevos/Projects/MPSKit.jl/ld-envs/src/states/orthoview.jl","174","setindex!","/mnt/home/ldevos/.julia/packages/LRUCache/ZH7qB/src/LRUCache.jl","189","_unsafe_getindex","TensorKit.Hashed{TensorKit.TensorMapSpace{TensorKit.GradedSpace{TensorKitSectors.PlanarTrivial, Tuple{Int64}}, 1, 1}, typeof(TensorKit.sectorhash), typeof(TensorKit.sectorequal)}","1","48","0.01"
"chemistry_like","DMRG2","both","operator preparation","/mnt/home/ldevos/Projects/MPSKit.jl/ld-envs/src/algorithms/derivatives/mpo_derivatives.jl","238","_fuse_env","/mnt/home/ldevos/.julia/packages/BlockTensorKit/Kw0jL/src/vectorspaces/sumspace.jl","131","_sectors","Memory{Nothing}","3","48","0.01"
"chemistry_like","DMRG2","both","gauge","/mnt/home/ldevos/Projects/MPSKit.jl/ld-envs/src/states/orthoview.jl","408","#gauge2!#104","/mnt/home/ldevos/.julia/packages/LRUCache/ZH7qB/src/LRUCache.jl","189","_unsafe_getindex","TensorKit.Hashed{TensorKit.TensorMapSpace{TensorKit.GradedSpace{TensorKitSectors.PlanarTrivial, Tuple{Int64}}, 1, 1}, typeof(TensorKit.sectorhash), typeof(TensorKit.sectorequal)}","1","48","0.01"
"chemistry_like","DMRG2","both","other","/mnt/home/ldevos/Projects/MPSKit.jl/ld-envs/src/utility/utility.jl","22","project_complement!","/mnt/home/ldevos/.julia/packages/LRUCache/ZH7qB/src/LRUCache.jl","189","_unsafe_getindex","TensorKit.DegeneracyStructure{3}","2","48","0.01"
"chemistry_like","DMRG2","both","eigensolve","/mnt/home/ldevos/Projects/MPSKit.jl/ld-envs/src/utility/utility.jl","283","mul_front!","/mnt/home/ldevos/.julia/packages/LRUCache/ZH7qB/src/LRUCache.jl","189","_unsafe_getindex","TensorKit.DegeneracyStructure{2}","2","48","0.01"
"chemistry_like","DMRG2","both","gauge","/mnt/home/ldevos/Projects/MPSKit.jl/ld-envs/src/states/orthoview.jl","407","#gauge2!#104","/mnt/home/ldevos/.julia/packages/LRUCache/ZH7qB/src/LRUCache.jl","189","_unsafe_getindex","TensorKit.SectorStructure{TensorKitSectors.PlanarTrivial, Tuple{TensorKit.FusionTree{TensorKitSectors.PlanarTrivial, 2, 0, 1}, TensorKit.FusionTree{TensorKitSectors.PlanarTrivial, 2, 0, 1}}}","3","48","0.01"
"chemistry_like","DMRG2","both","operator preparation","/mnt/home/ldevos/Projects/MPSKit.jl/ld-envs/src/algorithms/derivatives/hamiltonian_derivatives.jl","458","prepare_operator!!","/mnt/home/ldevos/.julia/packages/LRUCache/ZH7qB/src/LRUCache.jl","189","_unsafe_getindex","TensorKit.Hashed{TensorKit.TensorMapSpace{TensorKit.GradedSpace{TensorKitSectors.PlanarTrivial, Tuple{Int64}}, 2, 0}, typeof(TensorKit.sectorhash), typeof(TensorKit.sectorequal)}","1","48","0.01"
"chemistry_like","DMRG2","both","eigensolve","/mnt/home/ldevos/Projects/MPSKit.jl/ld-envs/src/algorithms/derivatives/mpo_derivatives.jl","317","PrecomputedDerivative","/mnt/home/ldevos/.julia/packages/TensorOperations/i1lNc/src/implementation/allocator.jl","420","unsafe_buffer_wrap","Vector{Float64}","2","48","0.01"
"chemistry_like","DMRG2","both","operator preparation","/mnt/home/ldevos/Projects/MPSKit.jl/ld-envs/src/algorithms/derivatives/hamiltonian_derivatives.jl","445","prepare_operator!!","/mnt/home/ldevos/.julia/packages/TensorOperations/i1lNc/src/implementation/allocator.jl","420","unsafe_buffer_wrap","Memory{Float64}","2","48","0.01"
"chemistry_like","DMRG2","both","eigensolve","/mnt/home/ldevos/Projects/MPSKit.jl/ld-envs/src/algorithms/derivatives/hamiltonian_derivatives.jl","494","JordanMPO_AC2_Hamiltonian","/mnt/home/ldevos/.julia/packages/LRUCache/ZH7qB/src/LRUCache.jl","189","_unsafe_getindex","TensorKit.DegeneracyStructure{6}","2","48","0.01"
"chemistry_like","DMRG2","both","other","/mnt/home/ldevos/Projects/MPSKit.jl/ld-envs/src/algorithms/groundstate/dmrg.jl","266","local_update!","/mnt/home/ldevos/Projects/MPSKit.jl/ld-envs/src/algorithms/groundstate/dmrg.jl","266","local_update!","KrylovKit.Lanczos{KrylovKit.ModifiedGramSchmidt2, Float64}","1","48","0.01"
"chemistry_like","DMRG2","both","environment transfers","/mnt/home/ldevos/Projects/MPSKit.jl/ld-envs/src/transfermatrix/transfer.jl","130","#transfer_left#318","/mnt/home/ldevos/.julia/packages/TensorOperations/i1lNc/src/implementation/allocator.jl","449","tensoralloc","Memory{Float64}","2","48","0.01"
"chemistry_like","DMRG2","both","eigensolve","/mnt/home/ldevos/Projects/MPSKit.jl/ld-envs/src/algorithms/derivatives/mpo_derivatives.jl","321","PrecomputedDerivative","/mnt/home/ldevos/.julia/packages/LRUCache/ZH7qB/src/LRUCache.jl","189","_unsafe_getindex","TensorKit.DegeneracyStructure{2}","2","48","0.01"
"chemistry_like","DMRG2","both","eigensolve","/mnt/home/ldevos/Projects/MPSKit.jl/ld-envs/src/algorithms/derivatives/mpo_derivatives.jl","321","PrecomputedDerivative","/mnt/home/ldevos/.julia/packages/LRUCache/ZH7qB/src/LRUCache.jl","189","_unsafe_getindex","TensorKit.DegeneracyStructure{3}","2","48","0.01"
"chemistry_like","DMRG2","both","operator preparation","/mnt/home/ldevos/Projects/MPSKit.jl/ld-envs/src/algorithms/derivatives/hamiltonian_derivatives.jl","381","prepare_operator!!","/mnt/home/ldevos/.julia/packages/LRUCache/ZH7qB/src/LRUCache.jl","189","_unsafe_getindex","TensorKit.Hashed{TensorKit.TensorMapSpace{TensorKit.GradedSpace{TensorKitSectors.PlanarTrivial, Tuple{Int64}}, 0, 2}, typeof(TensorKit.sectorhash), typeof(TensorKit.sectorequal)}","1","48","0.01"
"chemistry_like","DMRG2","both","operator preparation","/mnt/home/ldevos/Projects/MPSKit.jl/ld-envs/src/algorithms/derivatives/hamiltonian_derivatives.jl","432","prepare_operator!!","/mnt/home/ldevos/.julia/packages/LRUCache/ZH7qB/src/LRUCache.jl","189","_unsafe_getindex","TensorKit.DegeneracyStructure{4}","2","48","0.01"
"chemistry_like","DMRG2","both","operator preparation","/mnt/home/ldevos/Projects/MPSKit.jl/ld-envs/src/algorithms/derivatives/hamiltonian_derivatives.jl","417","prepare_operator!!","/mnt/home/ldevos/.julia/packages/LRUCache/ZH7qB/src/LRUCache.jl","189","_unsafe_getindex","TensorKit.DegeneracyStructure{6}","2","48","0.01"
"chemistry_like","DMRG2","both","operator preparation","/mnt/home/ldevos/Projects/MPSKit.jl/ld-envs/src/algorithms/derivatives/hamiltonian_derivatives.jl","764","prepare_right_AC2","/mnt/home/ldevos/.julia/packages/LRUCache/ZH7qB/src/LRUCache.jl","189","_unsafe_getindex","TensorKit.DegeneracyStructure{3}","2","48","0.01"
"chemistry_like","DMRG2","both","operator preparation","/mnt/home/ldevos/Projects/MPSKit.jl/ld-envs/src/algorithms/derivatives/hamiltonian_derivatives.jl","394","prepare_operator!!","/mnt/home/ldevos/.julia/packages/TensorKit/SLHMM/src/tensors/tensoroperations.jl","161","tensorcontract_type","TensorKit.TensorMap{Float64, TensorKit.GradedSpace{TensorKitSectors.PlanarTrivial, Tuple{Int64}}, 1, 1, Vector{Float64}}","1","48","0.01"
"chemistry_like","DMRG2","both","operator preparation","/mnt/home/ldevos/Projects/MPSKit.jl/ld-envs/src/algorithms/derivatives/hamiltonian_derivatives.jl","417","prepare_operator!!","/mnt/home/ldevos/.julia/packages/LRUCache/ZH7qB/src/LRUCache.jl","110","_unsafe_haskey","TensorKit.Hashed{TensorKit.TensorMapSpace{TensorKit.GradedSpace{TensorKitSectors.PlanarTrivial, Tuple{Int64}}, 2, 0}, typeof(TensorKit.sectorhash), typeof(TensorKit.sectorequal)}","1","48","0.01"
"chemistry_like","DMRG2","both","eigensolve","/mnt/home/ldevos/Projects/MPSKit.jl/ld-envs/src/algorithms/derivatives/hamiltonian_derivatives.jl","493","JordanMPO_AC2_Hamiltonian","/mnt/home/ldevos/.julia/packages/LRUCache/ZH7qB/src/LRUCache.jl","189","_unsafe_getindex","TensorKit.DegeneracyStructure{6}","2","48","0.01"
"chemistry_like","DMRG2","both","operator preparation","/mnt/home/ldevos/Projects/MPSKit.jl/ld-envs/src/algorithms/derivatives/hamiltonian_derivatives.jl","147","prepare_operator!!","/mnt/home/ldevos/.julia/packages/Strided/yVKLF/src/mapreduce.jl","200","_mapreduce_block!","NTuple{4, Int64}","1","48","0.01"
"chemistry_like","DMRG2","both","operator preparation","/mnt/home/ldevos/Projects/MPSKit.jl/ld-envs/src/algorithms/derivatives/hamiltonian_derivatives.jl","136","prepare_operator!!","/mnt/home/ldevos/.julia/packages/TensorOperations/i1lNc/src/implementation/allocator.jl","420","unsafe_buffer_wrap","Vector{Float64}","2","48","0.01"
"chemistry_like","DMRG2","both","other","/mnt/home/ldevos/Projects/MPSKit.jl/ld-envs/src/utility/utility.jl","328","mul_tail!","/mnt/home/ldevos/.julia/packages/LRUCache/ZH7qB/src/LRUCache.jl","189","_unsafe_getindex","TensorKit.DegeneracyStructure{3}","2","48","0.01"
"chemistry_like","DMRG2","both","gauge","/mnt/home/ldevos/Projects/MPSKit.jl/ld-envs/src/states/orthoview.jl","407","#gauge2!#104","/mnt/home/ldevos/.julia/packages/MatrixAlgebraKit/AbU5a/src/common/gauge.jl","71","gaugefix!","Memory{Float64}","1","48","0.01"
"chemistry_like","DMRG2","both","gauge","/mnt/home/ldevos/Projects/MPSKit.jl/ld-envs/src/states/orthoview.jl","181","setindex!","/mnt/home/ldevos/Projects/MPSKit.jl/ld-envs/src/states/orthoview.jl","181","setindex!","TensorKit.TensorMap{Float64, TensorKit.GradedSpace{TensorKitSectors.PlanarTrivial, Tuple{Int64}}, 1, 1, Vector{Float64}}","1","48","0.01"
"chemistry_like","DMRG2","both","operator preparation","/mnt/home/ldevos/Projects/MPSKit.jl/ld-envs/src/algorithms/derivatives/hamiltonian_derivatives.jl","681","left_AC_ingredients","/mnt/home/ldevos/.julia/packages/BlockTensorKit/Kw0jL/src/vectorspaces/sumspaceindices.jl","67","_getindex","Memory{Int64}","1","40","0.01"
"chemistry_like","DMRG2","both","operator preparation","/mnt/home/ldevos/Projects/MPSKit.jl/ld-envs/src/algorithms/derivatives/hamiltonian_derivatives.jl","381","prepare_operator!!","/mnt/home/ldevos/.julia/packages/TensorKit/SLHMM/src/auxiliary/auxiliary.jl","110","taskforeach","Base.IntrusiveLinkedList{Task}","1","32","0.01"
"chemistry_like","DMRG2","both","operator preparation","/mnt/home/ldevos/Projects/MPSKit.jl/ld-envs/src/algorithms/derivatives/hamiltonian_derivatives.jl","704","#right_AC_ingredients#558","/mnt/home/ldevos/.julia/packages/TensorKit/SLHMM/src/spaces/vectorspaces.jl","423","blocksectors","Vector{TensorKitSectors.PlanarTrivial}","1","32","0.01"
"chemistry_like","DMRG2","both","operator preparation","/mnt/home/ldevos/Projects/MPSKit.jl/ld-envs/src/algorithms/derivatives/hamiltonian_derivatives.jl","751","prepare_left_AC2","/mnt/home/ldevos/.julia/packages/BlockTensorKit/Kw0jL/src/vectorspaces/sumspace.jl","63","getindex","Vector{TensorKit.GradedSpace{TensorKitSectors.PlanarTrivial, Tuple{Int64}}}","1","32","0.01"
"chemistry_like","DMRG2","both","gauge","/mnt/home/ldevos/Projects/MPSKit.jl/ld-envs/src/utility/utility.jl","2","#_transpose_front#8","/mnt/home/ldevos/.julia/packages/LRUCache/ZH7qB/src/LRUCache.jl","159","get!","Vector{Tuple{Any, Any}}","1","32","0.01"
"chemistry_like","DMRG2","both","eigensolve","/mnt/home/ldevos/Projects/MPSKit.jl/ld-envs/src/algorithms/derivatives/mpo_derivatives.jl","347","PrecomputedDerivative","/mnt/home/ldevos/.julia/packages/LRUCache/ZH7qB/src/LRUCache.jl","159","get!","Vector{Tuple{Any, Any}}","1","32","0.01"
"chemistry_like","DMRG2","both","other","/mnt/home/ldevos/Projects/MPSKit.jl/ld-envs/src/algorithms/groundstate/dmrg.jl","276","local_update!","/mnt/home/ldevos/Projects/MPSKit.jl/ld-envs/src/algorithms/groundstate/dmrg.jl","276","local_update!","MPSKit.FiniteMPS{TensorKit.TensorMap{Float64, TensorKit.GradedSpace{TensorKitSectors.PlanarTrivial, Tuple{Int64}}, 2, 1, Vector{Float64}}, TensorKit.TensorMap{Float64, TensorKit.GradedSpace{TensorKitSectors.PlanarTrivial, Tuple{Int64}}, 1, 1, Vector{Float64}}}","1","32","0.01"
"chemistry_like","DMRG2","both","operator preparation","/mnt/home/ldevos/Projects/MPSKit.jl/ld-envs/src/algorithms/derivatives/mpo_derivatives.jl","238","_fuse_env","/mnt/home/ldevos/.julia/packages/TensorKit/SLHMM/src/auxiliary/dicts.jl","136","setindex!","Memory{TensorKitSectors.PlanarTrivial}","2","32","0.01"
"chemistry_like","DMRG2","both","operator preparation","/mnt/home/ldevos/Projects/MPSKit.jl/ld-envs/src/algorithms/derivatives/hamiltonian_derivatives.jl","121","prepare_operator!!","/mnt/home/ldevos/.julia/packages/TensorKit/SLHMM/src/auxiliary/auxiliary.jl","110","taskforeach","Base.Threads.SpinLock","2","32","0.01"
"chemistry_like","DMRG2","both","other","/mnt/home/ldevos/Projects/MPSKit.jl/ld-envs/src/algorithms/derivatives/hamiltonian_derivatives.jl","494","JordanMPO_AC2_Hamiltonian","/mnt/home/ldevos/.julia/packages/TensorOperations/i1lNc/src/implementation/strided.jl","143","stridedtensoradd!","TensorOperations.Scaler{Float64}","2","32","0.01"
"chemistry_like","DMRG2","both","operator preparation","/mnt/home/ldevos/Projects/MPSKit.jl/ld-envs/src/algorithms/derivatives/hamiltonian_derivatives.jl","402","prepare_operator!!","/mnt/home/ldevos/.julia/packages/TensorKit/SLHMM/src/tensors/tensor.jl","98","TensorMap","Vector{Float64}","1","32","0.01"
"chemistry_like","DMRG2","both","other","/mnt/home/ldevos/Projects/MPSKit.jl/ld-envs/src/algorithms/derivatives/hamiltonian_derivatives.jl","494","JordanMPO_AC2_Hamiltonian","/mnt/home/ldevos/.julia/packages/LRUCache/ZH7qB/src/LRUCache.jl","159","get!","Vector{Tuple{Any, Any}}","1","32","0.01"
"chemistry_like","DMRG2","both","gauge","/mnt/home/ldevos/Projects/MPSKit.jl/ld-envs/src/states/orthoview.jl","174","setindex!","/mnt/home/ldevos/.julia/packages/TensorKit/SLHMM/src/auxiliary/dicts.jl","35","SortedVectorDict","Vector{UnitRange{Int64}}","1","32","0.01"
"chemistry_like","DMRG2","both","environment transfers","/mnt/home/ldevos/Projects/MPSKit.jl/ld-envs/src/operators/jordanmpotensor.jl","336","nonzero_keys","/mnt/home/ldevos/Projects/MPSKit.jl/ld-envs/src/operators/jordanmpotensor.jl","336","nonzero_keys","Vector{CartesianIndex{4}}","1","32","0.01"
"chemistry_like","DMRG2","both","gauge","/mnt/home/ldevos/Projects/MPSKit.jl/ld-envs/src/states/orthoview.jl","325","left_gauge","/mnt/home/ldevos/.julia/packages/LRUCache/ZH7qB/src/LRUCache.jl","189","_unsafe_getindex","TensorKit.SectorStructure{TensorKitSectors.PlanarTrivial, Tuple{TensorKit.FusionTree{TensorKitSectors.PlanarTrivial, 2, 0, 1}, TensorKit.FusionTree{TensorKitSectors.PlanarTrivial, 1, 0, 0}}}","2","32","0.01"
"chemistry_like","DMRG2","both","eigensolve","/mnt/home/ldevos/Projects/MPSKit.jl/ld-envs/src/algorithms/derivatives/mpo_derivatives.jl","321","PrecomputedDerivative","/mnt/home/ldevos/.julia/packages/LRUCache/ZH7qB/src/LRUCache.jl","189","_unsafe_getindex","TensorKit.SectorStructure{TensorKitSectors.PlanarTrivial, Tuple{TensorKit.FusionTree{TensorKitSectors.PlanarTrivial, 1, 0, 0}, TensorKit.FusionTree{TensorKitSectors.PlanarTrivial, 1, 0, 0}}}","2","32","0.01"
"chemistry_like","DMRG2","both","operator preparation","/mnt/home/ldevos/Projects/MPSKit.jl/ld-envs/src/algorithms/derivatives/hamiltonian_derivatives.jl","720","prepare_right_AC","/mnt/home/ldevos/.julia/packages/TensorKit/SLHMM/src/auxiliary/dicts.jl","43","SortedVectorDict","Memory{Int64}","1","32","0.01"
"chemistry_like","DMRG2","both","operator preparation","/mnt/home/ldevos/Projects/MPSKit.jl/ld-envs/src/algorithms/derivatives/hamiltonian_derivatives.jl","732","prepare_left_AC2","/mnt/home/ldevos/.julia/packages/BlockTensorKit/Kw0jL/src/linalg/linalg.jl","46","mul!","Vector{CartesianIndex{3}}","1","32","0.01"
"chemistry_like","DMRG2","both","operator preparation","/mnt/home/ldevos/Projects/MPSKit.jl/ld-envs/src/algorithms/derivatives/hamiltonian_derivatives.jl","758","prepare_right_AC2","/mnt/home/ldevos/.julia/packages/BlockTensorKit/Kw0jL/src/vectorspaces/sumspaceindices.jl","61","_getindex","TensorKit.GradedSpace{TensorKitSectors.PlanarTrivial, Tuple{Int64}}","1","32","0.01"
"chemistry_like","DMRG2","both","operator preparation","/mnt/home/ldevos/Projects/MPSKit.jl/ld-envs/src/algorithms/derivatives/mpo_derivatives.jl","240","_fuse_env","/mnt/home/ldevos/.julia/packages/TensorKit/SLHMM/src/tensors/indexmanipulations.jl","482","#repartition#276","@NamedTuple{copy::Bool, backend::TensorOperations.DefaultBackend, allocator::TensorOperations.BufferAllocator{Memory{UInt8}}}","1","32","0.01"
"chemistry_like","DMRG2","both","other","/mnt/home/ldevos/Projects/MPSKit.jl/ld-envs/src/utility/utility.jl","283","mul_front!","/mnt/home/ldevos/.julia/packages/LRUCache/ZH7qB/src/LRUCache.jl","159","get!","Vector{Tuple{Any, Any}}","1","32","0.01"
"chemistry_like","DMRG2","both","operator preparation","/mnt/home/ldevos/Projects/MPSKit.jl/ld-envs/src/algorithms/derivatives/hamiltonian_derivatives.jl","416","prepare_operator!!","/mnt/home/ldevos/.julia/packages/LRUCache/ZH7qB/src/LRUCache.jl","159","get!","Vector{Tuple{Any, Any}}","1","32","0.01"
"chemistry_like","DMRG2","both","operator preparation","/mnt/home/ldevos/Projects/MPSKit.jl/ld-envs/src/algorithms/derivatives/hamiltonian_derivatives.jl","417","prepare_operator!!","/mnt/home/ldevos/.julia/packages/TensorKit/SLHMM/src/auxiliary/auxiliary.jl","110","taskforeach","Base.IntrusiveLinkedList{Task}","1","32","0.01"
"chemistry_like","DMRG2","both","other","/mnt/home/ldevos/Projects/MPSKit.jl/ld-envs/src/algorithms/derivatives/hamiltonian_derivatives.jl","493","JordanMPO_AC2_Hamiltonian","/mnt/home/ldevos/.julia/packages/TensorKit/SLHMM/src/auxiliary/auxiliary.jl","110","taskforeach","Base.IntrusiveLinkedList{Task}","1","32","0.01"
"chemistry_like","DMRG2","both","other","/mnt/home/ldevos/Projects/MPSKit.jl/ld-envs/src/algorithms/derivatives/hamiltonian_derivatives.jl","494","JordanMPO_AC2_Hamiltonian","/mnt/home/ldevos/.julia/packages/TensorKit/SLHMM/src/auxiliary/auxiliary.jl","110","taskforeach","Vector{Any}","1","32","0.01"
"chemistry_like","DMRG2","both","other","/mnt/home/ldevos/Projects/MPSKit.jl/ld-envs/src/utility/utility.jl","5","#_transpose_tail#9","/mnt/home/ldevos/.julia/packages/TensorKit/SLHMM/src/auxiliary/auxiliary.jl","110","taskforeach","Base.IntrusiveLinkedList{Task}","1","32","0.01"
"chemistry_like","DMRG2","both","operator preparation","/mnt/home/ldevos/Projects/MPSKit.jl/ld-envs/src/algorithms/derivatives/hamiltonian_derivatives.jl","121","prepare_operator!!","/mnt/home/ldevos/.julia/packages/TensorKit/SLHMM/src/auxiliary/auxiliary.jl","110","taskforeach","Vector{Any}","1","32","0.01"
"chemistry_like","DMRG2","both","operator preparation","/mnt/home/ldevos/Projects/MPSKit.jl/ld-envs/src/algorithms/derivatives/hamiltonian_derivatives.jl","751","prepare_left_AC2","/mnt/home/ldevos/.julia/packages/BlockTensorKit/Kw0jL/src/vectorspaces/sumspace.jl","63","getindex","Memory{TensorKit.GradedSpace{TensorKitSectors.PlanarTrivial, Tuple{Int64}}}","1","32","0.01"
"chemistry_like","DMRG2","both","operator preparation","/mnt/home/ldevos/Projects/MPSKit.jl/ld-envs/src/algorithms/derivatives/hamiltonian_derivatives.jl","146","prepare_operator!!","/mnt/home/ldevos/.julia/packages/LRUCache/ZH7qB/src/LRUCache.jl","159","get!","Vector{Tuple{Any, Any}}","1","32","0.01"
"chemistry_like","DMRG2","both","operator preparation","/mnt/home/ldevos/Projects/MPSKit.jl/ld-envs/src/algorithms/derivatives/hamiltonian_derivatives.jl","147","prepare_operator!!","/mnt/home/ldevos/.julia/packages/LRUCache/ZH7qB/src/LRUCache.jl","159","get!","Vector{Tuple{Any, Any}}","1","32","0.01"
"chemistry_like","DMRG2","both","eigensolve","/mnt/home/ldevos/Projects/MPSKit.jl/ld-envs/src/algorithms/fixedpoint.jl","16","fixedpoint","/mnt/home/ldevos/.julia/packages/KrylovKit/bEE7W/src/dense/linalg.jl","421","stegr!","Vector{Float64}","1","32","0.01"
"chemistry_like","DMRG2","both","eigensolve","/mnt/home/ldevos/Projects/MPSKit.jl/ld-envs/src/algorithms/derivatives/hamiltonian_derivatives.jl","494","JordanMPO_AC2_Hamiltonian","/mnt/home/ldevos/.julia/packages/TensorOperations/i1lNc/src/implementation/strided.jl","145","stridedtensoradd!","TensorOperations.Scaler{Float64}","2","32","0.01"
"chemistry_like","DMRG2","both","operator preparation","/mnt/home/ldevos/Projects/MPSKit.jl/ld-envs/src/algorithms/derivatives/hamiltonian_derivatives.jl","727","prepare_left_AC2","/mnt/home/ldevos/.julia/packages/BlockTensorKit/Kw0jL/src/vectorspaces/sumspace.jl","63","getindex","Vector{TensorKit.GradedSpace{TensorKitSectors.PlanarTrivial, Tuple{Int64}}}","1","32","0.01"
"chemistry_like","DMRG2","both","operator preparation","/mnt/home/ldevos/Projects/MPSKit.jl/ld-envs/src/algorithms/derivatives/hamiltonian_derivatives.jl","703","#right_AC_ingredients#558","/mnt/home/ldevos/.julia/packages/BlockTensorKit/Kw0jL/src/vectorspaces/sumspace.jl","16","#SumSpace#1","Vector{TensorKit.GradedSpace{TensorKitSectors.PlanarTrivial, Tuple{Int64}}}","1","32","0.01"
"chemistry_like","DMRG2","both","operator preparation","/mnt/home/ldevos/Projects/MPSKit.jl/ld-envs/src/algorithms/derivatives/hamiltonian_derivatives.jl","136","prepare_operator!!","/mnt/home/ldevos/.julia/packages/Strided/yVKLF/src/mapreduce.jl","200","_mapreduce_block!","Tuple{Int64, Int64}","1","32","0.01"
"chemistry_like","DMRG2","both","other","/mnt/home/ldevos/Projects/MPSKit.jl/ld-envs/src/algorithms/groundstate/dmrg.jl","266","local_update!","/mnt/home/ldevos/Projects/MPSKit.jl/ld-envs/src/algorithms/groundstate/dmrg.jl","266","local_update!","NTuple{4, Float64}","1","32","0.01"
"chemistry_like","DMRG2","both","gauge","/mnt/home/ldevos/Projects/MPSKit.jl/ld-envs/src/states/orthoview.jl","181","setindex!","/mnt/home/ldevos/.julia/packages/TensorKit/SLHMM/src/tensors/tensor.jl","98","TensorMap","Vector{Float64}","1","32","0.01"
"chemistry_like","DMRG2","both","eigensolve","/mnt/home/ldevos/Projects/MPSKit.jl/ld-envs/src/utility/utility.jl","295","mul_front!","/mnt/home/ldevos/.julia/packages/Strided/yVKLF/src/linalg.jl","132","_threaded_blas_mul!","Core.Box","2","32","0.01"
"chemistry_like","DMRG2","both","operator preparation","/mnt/home/ldevos/Projects/MPSKit.jl/ld-envs/src/algorithms/derivatives/hamiltonian_derivatives.jl","684","left_AC_ingredients","/mnt/home/ldevos/.julia/packages/TensorOperations/i1lNc/src/implementation/allocator.jl","453","tensoralloc","Vector{Float64}","1","32","0.01"
"chemistry_like","DMRG2","both","operator preparation","/mnt/home/ldevos/Projects/MPSKit.jl/ld-envs/src/algorithms/derivatives/hamiltonian_derivatives.jl","417","prepare_operator!!","/mnt/home/ldevos/.julia/packages/Strided/yVKLF/src/mapreduce.jl","200","_mapreduce_block!","Tuple{Int64, Int64}","1","32","0.01"
"chemistry_like","DMRG2","both","operator preparation","/mnt/home/ldevos/Projects/MPSKit.jl/ld-envs/src/algorithms/derivatives/hamiltonian_derivatives.jl","760","prepare_right_AC2","/mnt/home/ldevos/.julia/packages/Strided/yVKLF/src/mapreduce.jl","200","_mapreduce_block!","Tuple{Int64, Int64}","1","32","0.01"
"chemistry_like","DMRG2","both","gauge","/mnt/home/ldevos/Projects/MPSKit.jl/ld-envs/src/states/orthoview.jl","407","#gauge2!#104","/mnt/home/ldevos/.julia/packages/TensorKit/SLHMM/src/tensors/blockiterators.jl","35","#foreachblock#173","Memory{UInt8}","1","32","0.01"
"chemistry_like","DMRG2","both","gauge","/mnt/home/ldevos/Projects/MPSKit.jl/ld-envs/src/states/orthoview.jl","181","setindex!","/mnt/home/ldevos/.julia/packages/LRUCache/ZH7qB/src/LRUCache.jl","159","get!","Vector{Tuple{Any, Any}}","1","32","0.01"
"chemistry_like","DMRG2","both","gauge","/mnt/home/ldevos/Projects/MPSKit.jl/ld-envs/src/states/orthoview.jl","407","#gauge2!#104","/mnt/home/ldevos/.julia/packages/TensorKit/SLHMM/src/tensors/blockiterators.jl","34","#foreachblock#173","Profile.Allocs.CorruptType","1","32","0.01"
"chemistry_like","DMRG2","both","operator preparation","/mnt/home/ldevos/Projects/MPSKit.jl/ld-envs/src/algorithms/derivatives/hamiltonian_derivatives.jl","147","prepare_operator!!","/mnt/home/ldevos/.julia/packages/TensorKit/SLHMM/src/auxiliary/auxiliary.jl","110","taskforeach","InvalidStateException","1","32","0.01"
"chemistry_like","DMRG2","both","other","/mnt/home/ldevos/Projects/MPSKit.jl/ld-envs/src/utility/utility.jl","295","mul_front!","/mnt/home/ldevos/.julia/packages/Strided/yVKLF/src/linalg.jl","132","_threaded_blas_mul!","Core.Box","2","32","0.01"
"chemistry_like","DMRG2","both","eigensolve","/mnt/home/ldevos/Projects/MPSKit.jl/ld-envs/src/algorithms/fixedpoint.jl","16","fixedpoint","/mnt/home/ldevos/.julia/packages/KrylovKit/bEE7W/src/eigsolve/lanczos.jl","57","#eigsolve#54","Tuple{UnitRange{Int64}}","2","32","0.01"
"chemistry_like","DMRG2","both","other","/mnt/home/ldevos/Projects/MPSKit.jl/ld-envs/src/utility/utility.jl","314","mul_tail","/mnt/home/ldevos/Projects/MPSKit.jl/ld-envs/src/utility/utility.jl","314","mul_tail","TensorKit.GradedSpace{TensorKitSectors.PlanarTrivial, Tuple{Int64}}","1","32","0.01"
"chemistry_like","DMRG2","both","eigensolve","/mnt/home/ldevos/Projects/MPSKit.jl/ld-envs/src/algorithms/fixedpoint.jl","16","fixedpoint","/mnt/home/ldevos/.julia/packages/KrylovKit/bEE7W/src/factorizations/lanczos.jl","217","#initialize#21","Memory{Float64}","1","32","0.01"
"chemistry_like","DMRG2","both","environment transfers","/mnt/home/ldevos/Projects/MPSKit.jl/ld-envs/src/transfermatrix/transfer.jl","133","#transfer_right#319","/mnt/home/ldevos/.julia/packages/BlockTensorKit/Kw0jL/src/linalg/linalg.jl","46","mul!","Vector{CartesianIndex{4}}","1","32","0.01"
"chemistry_like","DMRG2","both","operator preparation","/mnt/home/ldevos/Projects/MPSKit.jl/ld-envs/src/algorithms/derivatives/hamiltonian_derivatives.jl","684","left_AC_ingredients","/mnt/home/ldevos/.julia/packages/BlockTensorKit/Kw0jL/src/vectorspaces/sumspace.jl","112","dual","Vector{TensorKit.GradedSpace{TensorKitSectors.PlanarTrivial, Tuple{Int64}}}","1","32","0.01"
"chemistry_like","DMRG2","both","gauge","/mnt/home/ldevos/Projects/MPSKit.jl/ld-envs/src/states/orthoview.jl","407","#gauge2!#104","/mnt/home/ldevos/.julia/packages/TensorKit/SLHMM/src/tensors/blockiterators.jl","35","#foreachblock#173","NTuple{4, Dictionaries.Indices{TensorKitSectors.PlanarTrivial}}","1","32","0.01"
"chemistry_like","DMRG2","both","other","/mnt/home/ldevos/Projects/MPSKit.jl/ld-envs/src/algorithms/derivatives/hamiltonian_derivatives.jl","491","JordanMPO_AC2_Hamiltonian","/mnt/home/ldevos/.julia/packages/LRUCache/ZH7qB/src/LRUCache.jl","159","get!","Vector{Tuple{Any, Any}}","1","32","0.01"
"chemistry_like","DMRG2","both","operator preparation","/mnt/home/ldevos/Projects/MPSKit.jl/ld-envs/src/algorithms/derivatives/hamiltonian_derivatives.jl","764","prepare_right_AC2","/mnt/home/ldevos/.julia/packages/BlockTensorKit/Kw0jL/src/auxiliary/sparsetensorarray.jl","87","setindex!","Memory{UInt8}","1","32","0.01"
"chemistry_like","DMRG2","both","eigensolve","/mnt/home/ldevos/Projects/MPSKit.jl/ld-envs/src/algorithms/fixedpoint.jl","16","fixedpoint","/mnt/home/ldevos/.julia/packages/KrylovKit/bEE7W/src/eigsolve/lanczos.jl","57","#eigsolve#54","IdDict{Any, Any}","1","32","0.01"
"chemistry_like","DMRG2","both","eigensolve","/mnt/home/ldevos/Projects/MPSKit.jl/ld-envs/src/algorithms/fixedpoint.jl","16","fixedpoint","/mnt/home/ldevos/.julia/packages/KrylovKit/bEE7W/src/dense/linalg.jl","423","stegr!","Memory{Float64}","1","32","0.01"
"chemistry_like","DMRG2","both","operator preparation","/mnt/home/ldevos/Projects/MPSKit.jl/ld-envs/src/algorithms/derivatives/hamiltonian_derivatives.jl","758","prepare_right_AC2","/mnt/home/ldevos/.julia/packages/BlockTensorKit/Kw0jL/src/vectorspaces/sumspaceindices.jl","60","_getindex","UnitRange{Int64}","1","32","0.01"
"chemistry_like","DMRG2","both","environment transfers","/mnt/home/ldevos/Projects/MPSKit.jl/ld-envs/src/transfermatrix/transfer.jl","130","#transfer_left#318","/mnt/home/ldevos/.julia/packages/BlockTensorKit/Kw0jL/src/vectorspaces/sumspace.jl","16","#SumSpace#1","Vector{TensorKit.GradedSpace{TensorKitSectors.PlanarTrivial, Tuple{Int64}}}","1","32","0.01"
"chemistry_like","DMRG2","both","other","/mnt/home/ldevos/Projects/MPSKit.jl/ld-envs/src/algorithms/derivatives/hamiltonian_derivatives.jl","494","JordanMPO_AC2_Hamiltonian","/mnt/home/ldevos/.julia/packages/Strided/yVKLF/src/mapreduce.jl","200","_mapreduce_block!","Tuple{Int64, Int64}","1","32","0.01"
"chemistry_like","DMRG2","both","gauge","/mnt/home/ldevos/Projects/MPSKit.jl/ld-envs/src/states/orthoview.jl","407","#gauge2!#104","/mnt/home/ldevos/.julia/packages/TensorKit/SLHMM/src/factorizations/truncation.jl","204","findtruncated","Vector{Int64}","1","32","0.01"
"chemistry_like","DMRG2","both","operator preparation","/mnt/home/ldevos/Projects/MPSKit.jl/ld-envs/src/algorithms/derivatives/hamiltonian_derivatives.jl","684","left_AC_ingredients","/mnt/home/ldevos/.julia/packages/BlockTensorKit/Kw0jL/src/auxiliary/sparsetensorarray.jl","87","setindex!","Memory{UInt8}","1","32","0.01"
"chemistry_like","DMRG2","both","environment transfers","/mnt/home/ldevos/Projects/MPSKit.jl/ld-envs/src/operators/jordanmpotensor.jl","198","_identity_tensor","/mnt/home/ldevos/.julia/packages/TensorKit/SLHMM/src/tensors/tensor.jl","98","TensorMap","Vector{Float64}","1","32","0.01"
"chemistry_like","DMRG2","both","operator preparation","/mnt/home/ldevos/Projects/MPSKit.jl/ld-envs/src/algorithms/derivatives/hamiltonian_derivatives.jl","402","prepare_operator!!","/mnt/home/ldevos/.julia/packages/LRUCache/ZH7qB/src/LRUCache.jl","159","get!","Vector{Tuple{Any, Any}}","1","32","0.01"
"chemistry_like","DMRG2","both","other","/mnt/home/ldevos/Projects/MPSKit.jl/ld-envs/src/utility/utility.jl","293","mul_front!","/mnt/home/ldevos/.julia/packages/LRUCache/ZH7qB/src/LRUCache.jl","159","get!","Vector{Tuple{Any, Any}}","1","32","0.01"
"chemistry_like","DMRG2","both","operator preparation","/mnt/home/ldevos/Projects/MPSKit.jl/ld-envs/src/algorithms/derivatives/hamiltonian_derivatives.jl","394","prepare_operator!!","/mnt/home/ldevos/.julia/packages/LRUCache/ZH7qB/src/LRUCache.jl","159","get!","Vector{Tuple{Any, Any}}","1","32","0.01"
"chemistry_like","DMRG2","both","gauge","/mnt/home/ldevos/Projects/MPSKit.jl/ld-envs/src/states/orthoview.jl","408","#gauge2!#104","/mnt/home/ldevos/.julia/packages/TensorKit/SLHMM/src/auxiliary/dicts.jl","35","SortedVectorDict","Vector{TensorKitSectors.PlanarTrivial}","1","32","0.01"
"chemistry_like","DMRG2","both","operator preparation","/mnt/home/ldevos/Projects/MPSKit.jl/ld-envs/src/algorithms/derivatives/hamiltonian_derivatives.jl","381","prepare_operator!!","/mnt/home/ldevos/.julia/packages/Strided/yVKLF/src/mapreduce.jl","200","_mapreduce_block!","Tuple{Int64, Int64}","1","32","0.01"
"chemistry_like","DMRG2","both","operator preparation","/mnt/home/ldevos/Projects/MPSKit.jl/ld-envs/src/algorithms/derivatives/hamiltonian_derivatives.jl","764","prepare_right_AC2","/mnt/home/ldevos/.julia/packages/Strided/yVKLF/src/mapreduce.jl","200","_mapreduce_block!","Tuple{Int64, Int64, Int64}","1","32","0.01"
"chemistry_like","DMRG2","both","operator preparation","/mnt/home/ldevos/Projects/MPSKit.jl/ld-envs/src/algorithms/derivatives/hamiltonian_derivatives.jl","445","prepare_operator!!","/mnt/home/ldevos/.julia/packages/LRUCache/ZH7qB/src/LRUCache.jl","159","get!","Vector{Tuple{Any, Any}}","1","32","0.01"
"chemistry_like","DMRG2","both","other","/mnt/home/ldevos/Projects/MPSKit.jl/ld-envs/src/states/finitemps.jl","378","#AC2#71","/mnt/home/ldevos/.julia/packages/LRUCache/ZH7qB/src/LRUCache.jl","159","get!","Vector{Tuple{Any, Any}}","1","32","0.01"
"chemistry_like","DMRG2","both","gauge","/mnt/home/ldevos/Projects/MPSKit.jl/ld-envs/src/states/orthoview.jl","174","setindex!","/mnt/home/ldevos/.julia/packages/TensorKit/SLHMM/src/tensors/tensor.jl","98","TensorMap","Vector{Float64}","1","32","0.01"
"chemistry_like","DMRG2","both","operator preparation","/mnt/home/ldevos/Projects/MPSKit.jl/ld-envs/src/algorithms/derivatives/hamiltonian_derivatives.jl","703","#right_AC_ingredients#558","/mnt/home/ldevos/.julia/packages/BlockTensorKit/Kw0jL/src/vectorspaces/sumspace.jl","63","getindex","Memory{TensorKit.GradedSpace{TensorKitSectors.PlanarTrivial, Tuple{Int64}}}","1","32","0.01"
"chemistry_like","DMRG2","both","operator preparation","/mnt/home/ldevos/Projects/MPSKit.jl/ld-envs/src/algorithms/derivatives/hamiltonian_derivatives.jl","394","prepare_operator!!","/mnt/home/ldevos/.julia/packages/Strided/yVKLF/src/mapreduce.jl","200","_mapreduce_block!","Tuple{Int64, Int64}","1","32","0.01"
"chemistry_like","DMRG2","both","operator preparation","/mnt/home/ldevos/Projects/MPSKit.jl/ld-envs/src/algorithms/derivatives/hamiltonian_derivatives.jl","381","prepare_operator!!","/mnt/home/ldevos/.julia/packages/TensorOperations/i1lNc/src/implementation/strided.jl","145","stridedtensoradd!","TensorOperations.Scaler{Float64}","2","32","0.01"
"chemistry_like","DMRG2","both","operator preparation","/mnt/home/ldevos/Projects/MPSKit.jl/ld-envs/src/algorithms/derivatives/hamiltonian_derivatives.jl","669","_contract_O_GR","/mnt/home/ldevos/.julia/packages/BlockTensorKit/Kw0jL/src/vectorspaces/sumspace.jl","112","dual","Vector{TensorKit.GradedSpace{TensorKitSectors.PlanarTrivial, Tuple{Int64}}}","1","32","0.01"
"chemistry_like","DMRG2","both","operator preparation","/mnt/home/ldevos/Projects/MPSKit.jl/ld-envs/src/algorithms/derivatives/hamiltonian_derivatives.jl","647","copy_operator_side","/mnt/home/ldevos/.julia/packages/TensorKit/SLHMM/src/tensors/tensor.jl","431","copy","Vector{Float64}","1","32","0.01"
"chemistry_like","DMRG2","both","eigensolve","/mnt/home/ldevos/Projects/MPSKit.jl/ld-envs/src/algorithms/fixedpoint.jl","16","fixedpoint","/mnt/home/ldevos/.julia/packages/KrylovKit/bEE7W/src/eigsolve/lanczos.jl","57","#eigsolve#54","Vector{Float64}","1","32","0.01"
"chemistry_like","DMRG2","both","operator preparation","/mnt/home/ldevos/Projects/MPSKit.jl/ld-envs/src/algorithms/derivatives/hamiltonian_derivatives.jl","381","prepare_operator!!","/mnt/home/ldevos/.julia/packages/TensorKit/SLHMM/src/auxiliary/auxiliary.jl","110","taskforeach","Vector{Any}","1","32","0.01"
"chemistry_like","DMRG2","both","environment transfers","/mnt/home/ldevos/Projects/MPSKit.jl/ld-envs/src/transfermatrix/transfer.jl","133","#transfer_right#319","/mnt/home/ldevos/.julia/packages/BlockTensorKit/Kw0jL/src/tensors/sparseblocktensor.jl","57","sparseblocktensormaptype","UnionAll","2","32","0.01"
"chemistry_like","DMRG2","both","other","/mnt/home/ldevos/Projects/MPSKit.jl/ld-envs/src/utility/utility.jl","22","project_complement!","/mnt/home/ldevos/.julia/packages/LRUCache/ZH7qB/src/LRUCache.jl","189","_unsafe_getindex","TensorKit.SectorStructure{TensorKitSectors.PlanarTrivial, Tuple{TensorKit.FusionTree{TensorKitSectors.PlanarTrivial, 2, 0, 1}, TensorKit.FusionTree{TensorKitSectors.PlanarTrivial, 2, 0, 1}}}","2","32","0.01"
"chemistry_like","DMRG2","both","operator preparation","/mnt/home/ldevos/Projects/MPSKit.jl/ld-envs/src/algorithms/derivatives/hamiltonian_derivatives.jl","121","prepare_operator!!","/mnt/home/ldevos/.julia/packages/LRUCache/ZH7qB/src/LRUCache.jl","159","get!","Vector{Tuple{Any, Any}}","1","32","0.01"
"chemistry_like","DMRG2","both","other","/mnt/home/ldevos/Projects/MPSKit.jl/ld-envs/src/algorithms/groundstate/dmrg.jl","279","local_update!","/mnt/home/ldevos/Projects/MPSKit.jl/ld-envs/src/algorithms/groundstate/dmrg.jl","279","local_update!","Float64","2","32","0.01"
"chemistry_like","DMRG2","both","eigensolve","/mnt/home/ldevos/Projects/MPSKit.jl/ld-envs/src/algorithms/derivatives/hamiltonian_derivatives.jl","493","JordanMPO_AC2_Hamiltonian","/mnt/home/ldevos/.julia/packages/LRUCache/ZH7qB/src/LRUCache.jl","189","_unsafe_getindex","TensorKit.SectorStructure{TensorKitSectors.PlanarTrivial, Tuple{TensorKit.FusionTree{TensorKitSectors.PlanarTrivial, 1, 0, 0}, TensorKit.FusionTree{TensorKitSectors.PlanarTrivial, 3, 1, 2}}}","2","32","0.01"
"chemistry_like","DMRG2","both","operator preparation","/mnt/home/ldevos/Projects/MPSKit.jl/ld-envs/src/algorithms/derivatives/hamiltonian_derivatives.jl","394","prepare_operator!!","/mnt/home/ldevos/.julia/packages/LRUCache/ZH7qB/src/LRUCache.jl","189","_unsafe_getindex","TensorKit.UniqueTreeTransformer{Int64, 2}","1","24","0.01"
"chemistry_like","DMRG2","both","operator preparation","/mnt/home/ldevos/Projects/MPSKit.jl/ld-envs/src/algorithms/derivatives/hamiltonian_derivatives.jl","403","prepare_operator!!","/mnt/home/ldevos/.julia/packages/LRUCache/ZH7qB/src/LRUCache.jl","189","_unsafe_getindex","TensorKit.UniqueTreeTransformer{Int64, 2}","1","24","0.01"
"chemistry_like","DMRG2","both","operator preparation","/mnt/home/ldevos/Projects/MPSKit.jl/ld-envs/src/algorithms/derivatives/hamiltonian_derivatives.jl","136","prepare_operator!!","/mnt/home/ldevos/.julia/packages/LRUCache/ZH7qB/src/LRUCache.jl","189","_unsafe_getindex","TensorKit.UniqueTreeTransformer{Int64, 4}","1","24","0.01"
"chemistry_like","DMRG2","both","environment transfers","/mnt/home/ldevos/Projects/MPSKit.jl/ld-envs/src/transfermatrix/transfer.jl","133","#transfer_right#319","/mnt/home/ldevos/.julia/packages/BlockTensorKit/Kw0jL/src/tensors/blocktensor.jl","16","BlockTensorMap","Memory{TensorKit.TensorMap{Float64, TensorKit.GradedSpace{TensorKitSectors.PlanarTrivial, Tuple{Int64}}, 1, 2, Vector{Float64}}}","1","24","0.01"
"chemistry_like","DMRG2","both","operator preparation","/mnt/home/ldevos/Projects/MPSKit.jl/ld-envs/src/algorithms/derivatives/hamiltonian_derivatives.jl","403","prepare_operator!!","/mnt/home/ldevos/.julia/packages/TensorOperations/i1lNc/src/implementation/allocator.jl","420","unsafe_buffer_wrap","Vector{Float64}","1","24","0.01"
"chemistry_like","DMRG2","both","operator preparation","/mnt/home/ldevos/Projects/MPSKit.jl/ld-envs/src/algorithms/derivatives/hamiltonian_derivatives.jl","684","left_AC_ingredients","/mnt/home/ldevos/.julia/packages/BlockTensorKit/Kw0jL/src/auxiliary/sparsetensorarray.jl","87","setindex!","Memory{TensorKit.TensorMap{Float64, TensorKit.GradedSpace{TensorKitSectors.PlanarTrivial, Tuple{Int64}}, 1, 2, Vector{Float64}}}","1","24","0.01"
"chemistry_like","DMRG2","both","eigensolve","/mnt/home/ldevos/Projects/MPSKit.jl/ld-envs/src/algorithms/fixedpoint.jl","16","fixedpoint","/mnt/home/ldevos/.julia/packages/TensorKit/SLHMM/src/tensors/tensor.jl","98","TensorMap","Memory{Float64}","1","24","0.01"
"chemistry_like","DMRG2","both","operator preparation","/mnt/home/ldevos/Projects/MPSKit.jl/ld-envs/src/algorithms/derivatives/hamiltonian_derivatives.jl","416","prepare_operator!!","/mnt/home/ldevos/.julia/packages/LRUCache/ZH7qB/src/LRUCache.jl","189","_unsafe_getindex","TensorKit.DegeneracyStructure{2}","1","24","0.01"
"chemistry_like","DMRG2","both","operator preparation","/mnt/home/ldevos/Projects/MPSKit.jl/ld-envs/src/algorithms/derivatives/hamiltonian_derivatives.jl","716","#right_AC_ingredients#558","/mnt/home/ldevos/.julia/packages/BlockTensorKit/Kw0jL/src/auxiliary/sparsetensorarray.jl","87","setindex!","Memory{TensorKit.TensorMap{Float64, TensorKit.GradedSpace{TensorKitSectors.PlanarTrivial, Tuple{Int64}}, 2, 3, Vector{Float64}}}","1","24","0.01"
"chemistry_like","DMRG2","both","other","/mnt/home/ldevos/Projects/MPSKit.jl/ld-envs/src/algorithms/derivatives/hamiltonian_derivatives.jl","494","JordanMPO_AC2_Hamiltonian","/mnt/home/ldevos/.julia/packages/TensorOperations/i1lNc/src/implementation/allocator.jl","420","unsafe_buffer_wrap","Memory{Float64}","1","24","0.01"
"chemistry_like","DMRG2","both","gauge","/mnt/home/ldevos/Projects/MPSKit.jl/ld-envs/src/states/orthoview.jl","407","#gauge2!#104","/mnt/home/ldevos/.julia/packages/TensorKit/SLHMM/src/tensors/blockiterators.jl","34","#foreachblock#173","TensorKit.DiagonalTensorMap{Float64, TensorKit.GradedSpace{TensorKitSectors.PlanarTrivial, Tuple{Int64}}, Vector{Float64}}","1","24","0.01"
"chemistry_like","DMRG2","both","gauge","/mnt/home/ldevos/Projects/MPSKit.jl/ld-envs/src/states/orthoview.jl","174","setindex!","/mnt/home/ldevos/.julia/packages/LRUCache/ZH7qB/src/LRUCache.jl","189","_unsafe_getindex","TensorKit.DegeneracyStructure{2}","1","24","0.01"
"chemistry_like","DMRG2","both","other","/mnt/home/ldevos/Projects/MPSKit.jl/ld-envs/src/utility/utility.jl","284","mul_front!","/mnt/home/ldevos/.julia/packages/LRUCache/ZH7qB/src/LRUCache.jl","189","_unsafe_getindex","TensorKit.DegeneracyStructure{3}","1","24","0.01"
"chemistry_like","DMRG2","both","operator preparation","/mnt/home/ldevos/Projects/MPSKit.jl/ld-envs/src/algorithms/derivatives/hamiltonian_derivatives.jl","682","left_AC_ingredients","/mnt/home/ldevos/.julia/packages/LRUCache/ZH7qB/src/LRUCache.jl","189","_unsafe_getindex","TensorKit.DegeneracyStructure{2}","1","24","0.01"
"chemistry_like","DMRG2","both","operator preparation","/mnt/home/ldevos/Projects/MPSKit.jl/ld-envs/src/algorithms/derivatives/hamiltonian_derivatives.jl","432","prepare_operator!!","/mnt/home/ldevos/.julia/packages/TensorOperations/i1lNc/src/implementation/allocator.jl","420","unsafe_buffer_wrap","Vector{Float64}","1","24","0.01"
"chemistry_like","DMRG2","both","other","/mnt/home/ldevos/Projects/MPSKit.jl/ld-envs/src/algorithms/derivatives/hamiltonian_derivatives.jl","493","JordanMPO_AC2_Hamiltonian","/mnt/home/ldevos/.julia/packages/LRUCache/ZH7qB/src/LRUCache.jl","189","_unsafe_getindex","TensorKit.UniqueTreeTransformer{Int64, 4}","1","24","0.01"
"chemistry_like","DMRG2","both","operator preparation","/mnt/home/ldevos/Projects/MPSKit.jl/ld-envs/src/algorithms/derivatives/hamiltonian_derivatives.jl","720","prepare_right_AC","/mnt/home/ldevos/.julia/packages/TensorKit/SLHMM/src/tensors/tensor.jl","98","TensorMap","Memory{Float64}","1","24","0.01"
"chemistry_like","DMRG2","both","operator preparation","/mnt/home/ldevos/Projects/MPSKit.jl/ld-envs/src/algorithms/derivatives/hamiltonian_derivatives.jl","121","prepare_operator!!","/mnt/home/ldevos/.julia/packages/TensorOperations/i1lNc/src/implementation/allocator.jl","420","unsafe_buffer_wrap","Memory{Float64}","1","24","0.01"
"chemistry_like","DMRG2","both","operator preparation","/mnt/home/ldevos/Projects/MPSKit.jl/ld-envs/src/algorithms/derivatives/hamiltonian_derivatives.jl","417","prepare_operator!!","/mnt/home/ldevos/.julia/packages/TensorOperations/i1lNc/src/implementation/allocator.jl","420","unsafe_buffer_wrap","Memory{Float64}","1","24","0.01"
"chemistry_like","DMRG2","both","gauge","/mnt/home/ldevos/Projects/MPSKit.jl/ld-envs/src/states/orthoview.jl","407","#gauge2!#104","/mnt/home/ldevos/.julia/packages/TensorKit/SLHMM/src/tensors/blockiterators.jl","35","#foreachblock#173","TensorKit.DiagonalTensorMap{Float64, TensorKit.GradedSpace{TensorKitSectors.PlanarTrivial, Tuple{Int64}}, Vector{Float64}}","1","24","0.01"
"chemistry_like","DMRG2","both","operator preparation","/mnt/home/ldevos/Projects/MPSKit.jl/ld-envs/src/algorithms/derivatives/hamiltonian_derivatives.jl","417","prepare_operator!!","/mnt/home/ldevos/.julia/packages/LRUCache/ZH7qB/src/LRUCache.jl","189","_unsafe_getindex","TensorKit.DegeneracyStructure{4}","1","24","0.01"
"chemistry_like","DMRG2","both","operator preparation","/mnt/home/ldevos/Projects/MPSKit.jl/ld-envs/src/algorithms/derivatives/hamiltonian_derivatives.jl","394","prepare_operator!!","/mnt/home/ldevos/.julia/packages/TensorOperations/i1lNc/src/implementation/allocator.jl","420","unsafe_buffer_wrap","Vector{Float64}","1","24","0.01"
"chemistry_like","DMRG2","both","operator preparation","/mnt/home/ldevos/Projects/MPSKit.jl/ld-envs/src/algorithms/derivatives/hamiltonian_derivatives.jl","458","prepare_operator!!","/mnt/home/ldevos/.julia/packages/LRUCache/ZH7qB/src/LRUCache.jl","189","_unsafe_getindex","TensorKit.UniqueTreeTransformer{Int64, 4}","1","24","0.01"
"chemistry_like","DMRG2","both","operator preparation","/mnt/home/ldevos/Projects/MPSKit.jl/ld-envs/src/algorithms/derivatives/hamiltonian_derivatives.jl","669","_contract_O_GR","/mnt/home/ldevos/.julia/packages/BlockTensorKit/Kw0jL/src/tensors/blocktensor.jl","16","BlockTensorMap","Memory{TensorKit.TensorMap{Float64, TensorKit.GradedSpace{TensorKitSectors.PlanarTrivial, Tuple{Int64}}, 3, 2, Vector{Float64}}}","1","24","0.01"
"chemistry_like","DMRG2","both","operator preparation","/mnt/home/ldevos/Projects/MPSKit.jl/ld-envs/src/algorithms/derivatives/hamiltonian_derivatives.jl","394","prepare_operator!!","/mnt/home/ldevos/.julia/packages/LRUCache/ZH7qB/src/LRUCache.jl","189","_unsafe_getindex","TensorKit.DegeneracyStructure{4}","1","24","0.01"
"chemistry_like","DMRG2","both","gauge","/mnt/home/ldevos/Projects/MPSKit.jl/ld-envs/src/states/orthoview.jl","407","#gauge2!#104","/mnt/home/ldevos/.julia/packages/MatrixAlgebraKit/AbU5a/src/yalapack.jl","2133","_gesdd_body!","Memory{Int64}","1","24","0.01"
"chemistry_like","DMRG2","both","operator preparation","/mnt/home/ldevos/Projects/MPSKit.jl/ld-envs/src/algorithms/derivatives/hamiltonian_derivatives.jl","381","prepare_operator!!","/mnt/home/ldevos/.julia/packages/LRUCache/ZH7qB/src/LRUCache.jl","189","_unsafe_getindex","TensorKit.UniqueTreeTransformer{Int64, 2}","1","24","0.01"
"chemistry_like","DMRG2","both","eigensolve","/mnt/home/ldevos/Projects/MPSKit.jl/ld-envs/src/algorithms/fixedpoint.jl","16","fixedpoint","/mnt/home/ldevos/.julia/packages/KrylovKit/bEE7W/src/dense/linalg.jl","309","permuteeig!","Memory{UInt64}","1","24","0.01"
"chemistry_like","DMRG2","both","other","/mnt/home/ldevos/Projects/MPSKit.jl/ld-envs/src/algorithms/derivatives/mpo_derivatives.jl","317","PrecomputedDerivative","/mnt/home/ldevos/.julia/packages/LRUCache/ZH7qB/src/LRUCache.jl","189","_unsafe_getindex","TensorKit.DegeneracyStructure{3}","1","24","0.01"
"chemistry_like","DMRG2","both","operator preparation","/mnt/home/ldevos/Projects/MPSKit.jl/ld-envs/src/algorithms/derivatives/hamiltonian_derivatives.jl","394","prepare_operator!!","/mnt/home/ldevos/.julia/packages/LRUCache/ZH7qB/src/LRUCache.jl","189","_unsafe_getindex","TensorKit.UniqueTreeTransformer{Int64, 6}","1","24","0.01"
"chemistry_like","DMRG2","both","operator preparation","/mnt/home/ldevos/Projects/MPSKit.jl/ld-envs/src/algorithms/derivatives/hamiltonian_derivatives.jl","458","prepare_operator!!","/mnt/home/ldevos/.julia/packages/LRUCache/ZH7qB/src/LRUCache.jl","189","_unsafe_getindex","TensorKit.DegeneracyStructure{4}","1","24","0.01"
"chemistry_like","DMRG2","both","other","/mnt/home/ldevos/Projects/MPSKit.jl/ld-envs/src/algorithms/derivatives/hamiltonian_derivatives.jl","494","JordanMPO_AC2_Hamiltonian","/mnt/home/ldevos/.julia/packages/LRUCache/ZH7qB/src/LRUCache.jl","189","_unsafe_getindex","TensorKit.DegeneracyStructure{4}","1","24","0.01"
"chemistry_like","DMRG2","both","other","/mnt/home/ldevos/Projects/MPSKit.jl/ld-envs/src/algorithms/derivatives/hamiltonian_derivatives.jl","493","JordanMPO_AC2_Hamiltonian","/mnt/home/ldevos/.julia/packages/LRUCache/ZH7qB/src/LRUCache.jl","189","_unsafe_getindex","TensorKit.DegeneracyStructure{6}","1","24","0.01"
"chemistry_like","DMRG2","both","other","/mnt/home/ldevos/Projects/MPSKit.jl/ld-envs/src/utility/utility.jl","316","mul_tail","/mnt/home/ldevos/.julia/packages/LRUCache/ZH7qB/src/LRUCache.jl","189","_unsafe_getindex","TensorKit.DegeneracyStructure{3}","1","24","0.01"
"chemistry_like","DMRG2","both","operator preparation","/mnt/home/ldevos/Projects/MPSKit.jl/ld-envs/src/algorithms/derivatives/hamiltonian_derivatives.jl","665","_contract_GL_O","/mnt/home/ldevos/.julia/packages/TensorOperations/i1lNc/src/implementation/allocator.jl","449","tensoralloc","Memory{Float64}","1","24","0.01"
"chemistry_like","DMRG2","both","operator preparation","/mnt/home/ldevos/Projects/MPSKit.jl/ld-envs/src/algorithms/derivatives/hamiltonian_derivatives.jl","669","_contract_O_GR","/mnt/home/ldevos/.julia/packages/BlockTensorKit/Kw0jL/src/auxiliary/sparsetensorarray.jl","87","setindex!","Memory{CartesianIndex{4}}","1","24","0.01"
"chemistry_like","DMRG2","both","other","/mnt/home/ldevos/Projects/MPSKit.jl/ld-envs/src/utility/utility.jl","22","project_complement!","/mnt/home/ldevos/.julia/packages/TensorOperations/i1lNc/src/implementation/allocator.jl","285","tensoralloc","Memory{Float64}","1","24","0.01"
"chemistry_like","DMRG2","both","eigensolve","/mnt/home/ldevos/Projects/MPSKit.jl/ld-envs/src/algorithms/derivatives/hamiltonian_derivatives.jl","491","JordanMPO_AC2_Hamiltonian","/mnt/home/ldevos/.julia/packages/TensorOperations/i1lNc/src/implementation/allocator.jl","420","unsafe_buffer_wrap","Vector{Float64}","1","24","0.01"
"chemistry_like","DMRG2","both","operator preparation","/mnt/home/ldevos/Projects/MPSKit.jl/ld-envs/src/algorithms/derivatives/hamiltonian_derivatives.jl","764","prepare_right_AC2","/mnt/home/ldevos/.julia/packages/LRUCache/ZH7qB/src/LRUCache.jl","189","_unsafe_getindex","TensorKit.DegeneracyStructure{6}","1","24","0.01"
"chemistry_like","DMRG2","both","gauge","/mnt/home/ldevos/Projects/MPSKit.jl/ld-envs/src/states/orthoview.jl","181","setindex!","/mnt/home/ldevos/.julia/packages/TensorKit/SLHMM/src/tensors/tensor.jl","98","TensorMap","Memory{Float64}","1","24","0.01"
"chemistry_like","DMRG2","both","gauge","/mnt/home/ldevos/Projects/MPSKit.jl/ld-envs/src/states/orthoview.jl","407","#gauge2!#104","/mnt/home/ldevos/.julia/packages/TensorKit/SLHMM/src/tensors/tensor.jl","98","TensorMap","Memory{Float64}","1","24","0.01"
"chemistry_like","DMRG2","both","eigensolve","/mnt/home/ldevos/Projects/MPSKit.jl/ld-envs/src/algorithms/fixedpoint.jl","16","fixedpoint","/mnt/home/ldevos/.julia/packages/KrylovKit/bEE7W/src/eigsolve/lanczos.jl","29","#eigsolve#54","Memory{Float64}","1","24","0.01"
"chemistry_like","DMRG2","both","gauge","/mnt/home/ldevos/Projects/MPSKit.jl/ld-envs/src/utility/utility.jl","2","#_transpose_front#8","/mnt/home/ldevos/.julia/packages/LRUCache/ZH7qB/src/LRUCache.jl","189","_unsafe_getindex","TensorKit.UniqueTreeTransformer{Int64, 3}","1","24","0.01"
"chemistry_like","DMRG2","both","operator preparation","/mnt/home/ldevos/Projects/MPSKit.jl/ld-envs/src/algorithms/derivatives/hamiltonian_derivatives.jl","432","prepare_operator!!","/mnt/home/ldevos/.julia/packages/LRUCache/ZH7qB/src/LRUCache.jl","189","_unsafe_getindex","TensorKit.UniqueTreeTransformer{Int64, 2}","1","24","0.01"
"chemistry_like","DMRG2","both","operator preparation","/mnt/home/ldevos/Projects/MPSKit.jl/ld-envs/src/algorithms/derivatives/hamiltonian_derivatives.jl","136","prepare_operator!!","/mnt/home/ldevos/.julia/packages/LRUCache/ZH7qB/src/LRUCache.jl","189","_unsafe_getindex","TensorKit.DegeneracyStructure{2}","1","24","0.01"
"chemistry_like","DMRG2","both","operator preparation","/mnt/home/ldevos/Projects/MPSKit.jl/ld-envs/src/algorithms/derivatives/hamiltonian_derivatives.jl","381","prepare_operator!!","/mnt/home/ldevos/.julia/packages/LRUCache/ZH7qB/src/LRUCache.jl","189","_unsafe_getindex","TensorKit.DegeneracyStructure{4}","1","24","0.01"
"chemistry_like","DMRG2","both","other","/mnt/home/ldevos/Projects/MPSKit.jl/ld-envs/src/algorithms/derivatives/hamiltonian_derivatives.jl","493","JordanMPO_AC2_Hamiltonian","/mnt/home/ldevos/.julia/packages/TensorOperations/i1lNc/src/implementation/allocator.jl","420","unsafe_buffer_wrap","Vector{Float64}","1","24","0.01"
"chemistry_like","DMRG2","both","other","/mnt/home/ldevos/Projects/MPSKit.jl/ld-envs/src/algorithms/derivatives/mpo_derivatives.jl","317","PrecomputedDerivative","/mnt/home/ldevos/.julia/packages/TensorOperations/i1lNc/src/implementation/allocator.jl","420","unsafe_buffer_wrap","Vector{Float64}","1","24","0.01"
"chemistry_like","DMRG2","both","other","/mnt/home/ldevos/Projects/MPSKit.jl/ld-envs/src/utility/utility.jl","283","mul_front!","/mnt/home/ldevos/.julia/packages/LRUCache/ZH7qB/src/LRUCache.jl","189","_unsafe_getindex","TensorKit.DegeneracyStructure{2}","1","24","0.01"
"chemistry_like","DMRG2","both","operator preparation","/mnt/home/ldevos/Projects/MPSKit.jl/ld-envs/src/algorithms/derivatives/hamiltonian_derivatives.jl","381","prepare_operator!!","/mnt/home/ldevos/.julia/packages/TensorOperations/i1lNc/src/implementation/allocator.jl","420","unsafe_buffer_wrap","Memory{Float64}","1","24","0.01"
"chemistry_like","DMRG2","both","operator preparation","/mnt/home/ldevos/Projects/MPSKit.jl/ld-envs/src/algorithms/derivatives/hamiltonian_derivatives.jl","417","prepare_operator!!","/mnt/home/ldevos/.julia/packages/TensorOperations/i1lNc/src/implementation/allocator.jl","420","unsafe_buffer_wrap","Vector{Float64}","1","24","0.01"
"chemistry_like","DMRG2","both","environment transfers","/mnt/home/ldevos/Projects/MPSKit.jl/ld-envs/src/transfermatrix/transfer.jl","133","#transfer_right#319","/mnt/home/ldevos/.julia/packages/BlockTensorKit/Kw0jL/src/linalg/linalg.jl","44","mul!","Memory{CartesianIndex{4}}","1","24","0.01"
"chemistry_like","DMRG2","both","operator preparation","/mnt/home/ldevos/Projects/MPSKit.jl/ld-envs/src/algorithms/derivatives/hamiltonian_derivatives.jl","706","#right_AC_ingredients#558","/mnt/home/ldevos/.julia/packages/LRUCache/ZH7qB/src/LRUCache.jl","189","_unsafe_getindex","TensorKit.DegeneracyStructure{4}","1","24","0.01"
"chemistry_like","DMRG2","both","other","/mnt/home/ldevos/Projects/MPSKit.jl/ld-envs/src/utility/utility.jl","293","mul_front!","/mnt/home/ldevos/.julia/packages/LRUCache/ZH7qB/src/LRUCache.jl","189","_unsafe_getindex","TensorKit.DegeneracyStructure{3}","1","24","0.01"
"chemistry_like","DMRG2","both","operator preparation","/mnt/home/ldevos/Projects/MPSKit.jl/ld-envs/src/algorithms/derivatives/hamiltonian_derivatives.jl","431","prepare_operator!!","/mnt/home/ldevos/.julia/packages/LRUCache/ZH7qB/src/LRUCache.jl","189","_unsafe_getindex","TensorKit.DegeneracyStructure{2}","1","24","0.01"
"chemistry_like","DMRG2","both","operator preparation","/mnt/home/ldevos/Projects/MPSKit.jl/ld-envs/src/algorithms/derivatives/hamiltonian_derivatives.jl","445","prepare_operator!!","/mnt/home/ldevos/.julia/packages/LRUCache/ZH7qB/src/LRUCache.jl","189","_unsafe_getindex","TensorKit.SectorStructure{TensorKitSectors.PlanarTrivial, Tuple{TensorKit.FusionTree{TensorKitSectors.PlanarTrivial, 0, 0, 0}, TensorKit.FusionTree{TensorKitSectors.PlanarTrivial, 2, 0, 1}}}","1","16","0.01"
"chemistry_like","DMRG2","both","operator preparation","/mnt/home/ldevos/Projects/MPSKit.jl/ld-envs/src/algorithms/derivatives/hamiltonian_derivatives.jl","458","prepare_operator!!","/mnt/home/ldevos/.julia/packages/TensorOperations/i1lNc/src/implementation/strided.jl","145","stridedtensoradd!","TensorOperations.Scaler{Float64}","1","16","0.01"
"chemistry_like","DMRG2","both","eigensolve","/mnt/home/ldevos/Projects/MPSKit.jl/ld-envs/src/utility/utility.jl","283","mul_front!","/mnt/home/ldevos/.julia/packages/LRUCache/ZH7qB/src/LRUCache.jl","189","_unsafe_getindex","TensorKit.SectorStructure{TensorKitSectors.PlanarTrivial, Tuple{TensorKit.FusionTree{TensorKitSectors.PlanarTrivial, 1, 0, 0}, TensorKit.FusionTree{TensorKitSectors.PlanarTrivial, 1, 0, 0}}}","1","16","0.01"
"chemistry_like","DMRG2","both","other","/mnt/home/ldevos/Projects/MPSKit.jl/ld-envs/src/algorithms/derivatives/hamiltonian_derivatives.jl","493","JordanMPO_AC2_Hamiltonian","/mnt/home/ldevos/.julia/packages/LRUCache/ZH7qB/src/LRUCache.jl","189","_unsafe_getindex","TensorKit.SectorStructure{TensorKitSectors.PlanarTrivial, Tuple{TensorKit.FusionTree{TensorKitSectors.PlanarTrivial, 3, 1, 2}, TensorKit.FusionTree{TensorKitSectors.PlanarTrivial, 3, 1, 2}}}","1","16","0.01"
"chemistry_like","DMRG2","both","operator preparation","/mnt/home/ldevos/Projects/MPSKit.jl/ld-envs/src/algorithms/derivatives/hamiltonian_derivatives.jl","121","prepare_operator!!","/mnt/home/ldevos/.julia/packages/LRUCache/ZH7qB/src/LRUCache.jl","189","_unsafe_getindex","TensorKit.SectorStructure{TensorKitSectors.PlanarTrivial, Tuple{TensorKit.FusionTree{TensorKitSectors.PlanarTrivial, 2, 0, 1}, TensorKit.FusionTree{TensorKitSectors.PlanarTrivial, 0, 0, 0}}}","1","16","0.01"
"chemistry_like","DMRG2","both","operator preparation","/mnt/home/ldevos/Projects/MPSKit.jl/ld-envs/src/algorithms/derivatives/mpo_derivatives.jl","240","_fuse_env","/mnt/home/ldevos/.julia/packages/TensorOperations/i1lNc/src/implementation/strided.jl","143","stridedtensoradd!","TensorOperations.Scaler{Float64}","1","16","0.01"
"chemistry_like","DMRG2","both","operator preparation","/mnt/home/ldevos/Projects/MPSKit.jl/ld-envs/src/algorithms/derivatives/hamiltonian_derivatives.jl","732","prepare_left_AC2","/mnt/home/ldevos/.julia/packages/BlockTensorKit/Kw0jL/src/tensors/sparseblocktensor.jl","57","sparseblocktensormaptype","UnionAll","1","16","0.01"
"chemistry_like","DMRG2","both","gauge","/mnt/home/ldevos/Projects/MPSKit.jl/ld-envs/src/states/orthoview.jl","407","#gauge2!#104","/mnt/home/ldevos/.julia/packages/LRUCache/ZH7qB/src/LRUCache.jl","189","_unsafe_getindex","TensorKit.SectorStructure{TensorKitSectors.PlanarTrivial, Tuple{TensorKit.FusionTree{TensorKitSectors.PlanarTrivial, 2, 0, 1}, TensorKit.FusionTree{TensorKitSectors.PlanarTrivial, 1, 0, 0}}}","1","16","0.01"
"chemistry_like","DMRG2","both","eigensolve","/mnt/home/ldevos/Projects/MPSKit.jl/ld-envs/src/algorithms/derivatives/hamiltonian_derivatives.jl","494","JordanMPO_AC2_Hamiltonian","/mnt/home/ldevos/.julia/packages/LRUCache/ZH7qB/src/LRUCache.jl","189","_unsafe_getindex","TensorKit.SectorStructure{TensorKitSectors.PlanarTrivial, Tuple{TensorKit.FusionTree{TensorKitSectors.PlanarTrivial, 3, 1, 2}, TensorKit.FusionTree{TensorKitSectors.PlanarTrivial, 1, 0, 0}}}","1","16","0.01"
"chemistry_like","DMRG2","both","eigensolve","/mnt/home/ldevos/Projects/MPSKit.jl/ld-envs/src/algorithms/derivatives/hamiltonian_derivatives.jl","496","JordanMPO_AC2_Hamiltonian","/mnt/home/ldevos/.julia/packages/LRUCache/ZH7qB/src/LRUCache.jl","189","_unsafe_getindex","TensorKit.SectorStructure{TensorKitSectors.PlanarTrivial, Tuple{TensorKit.FusionTree{TensorKitSectors.PlanarTrivial, 1, 0, 0}, TensorKit.FusionTree{TensorKitSectors.PlanarTrivial, 3, 1, 2}}}","1","16","0.01"
"chemistry_like","DMRG2","both","operator preparation","/mnt/home/ldevos/Projects/MPSKit.jl/ld-envs/src/algorithms/derivatives/hamiltonian_derivatives.jl","121","prepare_operator!!","/mnt/home/ldevos/.julia/packages/LRUCache/ZH7qB/src/LRUCache.jl","189","_unsafe_getindex","TensorKit.SectorStructure{TensorKitSectors.PlanarTrivial, Tuple{TensorKit.FusionTree{TensorKitSectors.PlanarTrivial, 2, 0, 1}, TensorKit.FusionTree{TensorKitSectors.PlanarTrivial, 2, 0, 1}}}","1","16","0.01"
"chemistry_like","DMRG2","both","operator preparation","/mnt/home/ldevos/Projects/MPSKit.jl/ld-envs/src/algorithms/derivatives/hamiltonian_derivatives.jl","704","#right_AC_ingredients#558","/mnt/home/ldevos/.julia/packages/TensorKit/SLHMM/src/spaces/vectorspaces.jl","423","blocksectors","Memory{TensorKitSectors.PlanarTrivial}","1","16","0.01"
"chemistry_like","DMRG2","both","eigensolve","/mnt/home/ldevos/Projects/MPSKit.jl/ld-envs/src/utility/utility.jl","284","mul_front!","/mnt/home/ldevos/.julia/packages/LRUCache/ZH7qB/src/LRUCache.jl","189","_unsafe_getindex","TensorKit.SectorStructure{TensorKitSectors.PlanarTrivial, Tuple{TensorKit.FusionTree{TensorKitSectors.PlanarTrivial, 2, 0, 1}, TensorKit.FusionTree{TensorKitSectors.PlanarTrivial, 1, 0, 0}}}","1","16","0.01"
"chemistry_like","DMRG2","both","gauge","/mnt/home/ldevos/Projects/MPSKit.jl/ld-envs/src/states/orthoview.jl","407","#gauge2!#104","/mnt/home/ldevos/.julia/packages/LRUCache/ZH7qB/src/LRUCache.jl","189","_unsafe_getindex","TensorKit.SectorStructure{TensorKitSectors.PlanarTrivial, Tuple{TensorKit.FusionTree{TensorKitSectors.PlanarTrivial, 1, 0, 0}, TensorKit.FusionTree{TensorKitSectors.PlanarTrivial, 2, 0, 1}}}","1","16","0.01"
"chemistry_like","DMRG2","both","other","/mnt/home/ldevos/Projects/MPSKit.jl/ld-envs/src/utility/utility.jl","284","mul_front!","/mnt/home/ldevos/.julia/packages/LRUCache/ZH7qB/src/LRUCache.jl","189","_unsafe_getindex","TensorKit.SectorStructure{TensorKitSectors.PlanarTrivial, Tuple{TensorKit.FusionTree{TensorKitSectors.PlanarTrivial, 2, 0, 1}, TensorKit.FusionTree{TensorKitSectors.PlanarTrivial, 1, 0, 0}}}","1","16","0.01"
"chemistry_like","DMRG2","both","eigensolve","/mnt/home/ldevos/Projects/MPSKit.jl/ld-envs/src/algorithms/derivatives/hamiltonian_derivatives.jl","493","JordanMPO_AC2_Hamiltonian","/mnt/home/ldevos/.julia/packages/TensorKit/SLHMM/src/auxiliary/auxiliary.jl","110","taskforeach","Base.Threads.SpinLock","1","16","0.01"
"chemistry_like","DMRG2","both","operator preparation","/mnt/home/ldevos/Projects/MPSKit.jl/ld-envs/src/algorithms/derivatives/hamiltonian_derivatives.jl","764","prepare_right_AC2","/mnt/home/ldevos/.julia/packages/BlockTensorKit/Kw0jL/src/tensors/sparseblocktensor.jl","57","sparseblocktensormaptype","UnionAll","1","16","0.01"
"chemistry_like","DMRG2","both","other","/mnt/home/ldevos/Projects/MPSKit.jl/ld-envs/src/algorithms/groundstate/dmrg.jl","263","local_update!","/mnt/home/ldevos/Projects/MPSKit.jl/ld-envs/src/algorithms/groundstate/dmrg.jl","263","local_update!","Float64","1","16","0.01"
"chemistry_like","DMRG2","both","gauge","/mnt/home/ldevos/Projects/MPSKit.jl/ld-envs/src/states/orthoview.jl","181","setindex!","/mnt/home/ldevos/.julia/packages/LRUCache/ZH7qB/src/LRUCache.jl","189","_unsafe_getindex","TensorKit.SectorStructure{TensorKitSectors.PlanarTrivial, Tuple{TensorKit.FusionTree{TensorKitSectors.PlanarTrivial, 1, 0, 0}, TensorKit.FusionTree{TensorKitSectors.PlanarTrivial, 1, 0, 0}}}","1","16","0.01"
"chemistry_like","DMRG2","both","other","/mnt/home/ldevos/Projects/MPSKit.jl/ld-envs/src/algorithms/derivatives/hamiltonian_derivatives.jl","491","JordanMPO_AC2_Hamiltonian","/mnt/home/ldevos/.julia/packages/TensorKit/SLHMM/src/auxiliary/auxiliary.jl","109","taskforeach","Base.Threads.Atomic{Int64}","1","16","0.01"
"chemistry_like","DMRG2","both","eigensolve","/mnt/home/ldevos/Projects/MPSKit.jl/ld-envs/src/algorithms/derivatives/mpo_derivatives.jl","321","PrecomputedDerivative","/mnt/home/ldevos/.julia/packages/LRUCache/ZH7qB/src/LRUCache.jl","189","_unsafe_getindex","TensorKit.SectorStructure{TensorKitSectors.PlanarTrivial, Tuple{TensorKit.FusionTree{TensorKitSectors.PlanarTrivial, 2, 0, 1}, TensorKit.FusionTree{TensorKitSectors.PlanarTrivial, 1, 0, 0}}}","1","16","0.01"
"chemistry_like","DMRG2","both","gauge","/mnt/home/ldevos/Projects/MPSKit.jl/ld-envs/src/states/orthoview.jl","325","left_gauge","/mnt/home/ldevos/.julia/packages/TensorKit/SLHMM/src/tensors/blockiterators.jl","35","#foreachblock#173","Memory{TensorKitSectors.PlanarTrivial}","1","16","0.01"
"chemistry_like","DMRG2","both","operator preparation","/mnt/home/ldevos/Projects/MPSKit.jl/ld-envs/src/algorithms/derivatives/mpo_derivatives.jl","238","_fuse_env","/mnt/home/ldevos/.julia/packages/BlockTensorKit/Kw0jL/src/vectorspaces/sumspace.jl","134","_sectors","Memory{TensorKitSectors.PlanarTrivial}","1","16","0.01"
"chemistry_like","DMRG2","both","operator preparation","/mnt/home/ldevos/Projects/MPSKit.jl/ld-envs/src/algorithms/derivatives/hamiltonian_derivatives.jl","720","prepare_right_AC","/mnt/home/ldevos/.julia/packages/BlockTensorKit/Kw0jL/src/vectorspaces/sumspace.jl","131","_sectors","Memory{Nothing}","1","16","0.01"
"chemistry_like","DMRG2","both","operator preparation","/mnt/home/ldevos/Projects/MPSKit.jl/ld-envs/src/algorithms/derivatives/mpo_derivatives.jl","238","_fuse_env","/mnt/home/ldevos/.julia/packages/BlockTensorKit/Kw0jL/src/vectorspaces/sumspace.jl","131","_sectors","Memory{TensorKitSectors.PlanarTrivial}","1","16","0.01"
"chemistry_like","DMRG2","both","operator preparation","/mnt/home/ldevos/Projects/MPSKit.jl/ld-envs/src/algorithms/derivatives/hamiltonian_derivatives.jl","403","prepare_operator!!","/mnt/home/ldevos/.julia/packages/TensorOperations/i1lNc/src/implementation/strided.jl","143","stridedtensoradd!","TensorOperations.Scaler{Float64}","1","16","0.01"
"chemistry_like","DMRG2","both","operator preparation","/mnt/home/ldevos/Projects/MPSKit.jl/ld-envs/src/algorithms/derivatives/mpo_derivatives.jl","238","_fuse_env","/mnt/home/ldevos/.julia/packages/TensorKit/SLHMM/src/auxiliary/dicts.jl","83","sizehint!","Memory{TensorKitSectors.PlanarTrivial}","1","16","0.01"
"chemistry_like","DMRG2","both","operator preparation","/mnt/home/ldevos/Projects/MPSKit.jl/ld-envs/src/algorithms/derivatives/hamiltonian_derivatives.jl","706","#right_AC_ingredients#558","/mnt/home/ldevos/.julia/packages/LRUCache/ZH7qB/src/LRUCache.jl","189","_unsafe_getindex","TensorKit.SectorStructure{TensorKitSectors.PlanarTrivial, Tuple{TensorKit.FusionTree{TensorKitSectors.PlanarTrivial, 1, 0, 0}, TensorKit.FusionTree{TensorKitSectors.PlanarTrivial, 2, 0, 1}}}","1","16","0.01"
"chemistry_like","DMRG2","both","eigensolve","/mnt/home/ldevos/Projects/MPSKit.jl/ld-envs/src/algorithms/derivatives/mpo_derivatives.jl","321","PrecomputedDerivative","/mnt/home/ldevos/.julia/packages/LRUCache/ZH7qB/src/LRUCache.jl","189","_unsafe_getindex","TensorKit.SectorStructure{TensorKitSectors.PlanarTrivial, Tuple{TensorKit.FusionTree{TensorKitSectors.PlanarTrivial, 1, 0, 0}, TensorKit.FusionTree{TensorKitSectors.PlanarTrivial, 2, 0, 1}}}","1","16","0.01"
"chemistry_like","DMRG2","both","other","/mnt/home/ldevos/Projects/MPSKit.jl/ld-envs/src/algorithms/derivatives/hamiltonian_derivatives.jl","494","JordanMPO_AC2_Hamiltonian","/mnt/home/ldevos/.julia/packages/TensorOperations/i1lNc/src/implementation/strided.jl","145","stridedtensoradd!","TensorOperations.Scaler{Float64}","1","16","0.01"
"chemistry_like","DMRG2","both","operator preparation","/mnt/home/ldevos/Projects/MPSKit.jl/ld-envs/src/algorithms/derivatives/hamiltonian_derivatives.jl","432","prepare_operator!!","/mnt/home/ldevos/.julia/packages/TensorKit/SLHMM/src/auxiliary/auxiliary.jl","110","taskforeach","Base.Threads.SpinLock","1","16","0.01"
"chemistry_like","DMRG2","both","operator preparation","/mnt/home/ldevos/Projects/MPSKit.jl/ld-envs/src/algorithms/derivatives/hamiltonian_derivatives.jl","147","prepare_operator!!","/mnt/home/ldevos/.julia/packages/LRUCache/ZH7qB/src/LRUCache.jl","189","_unsafe_getindex","TensorKit.SectorStructure{TensorKitSectors.PlanarTrivial, Tuple{TensorKit.FusionTree{TensorKitSectors.PlanarTrivial, 2, 0, 1}, TensorKit.FusionTree{TensorKitSectors.PlanarTrivial, 0, 0, 0}}}","1","16","0.01"
"chemistry_like","DMRG2","both","operator preparation","/mnt/home/ldevos/Projects/MPSKit.jl/ld-envs/src/algorithms/derivatives/hamiltonian_derivatives.jl","417","prepare_operator!!","/mnt/home/ldevos/.julia/packages/TensorOperations/i1lNc/src/implementation/strided.jl","143","stridedtensoradd!","TensorOperations.Scaler{Float64}","1","16","0.01"
"chemistry_like","DMRG2","both","operator preparation","/mnt/home/ldevos/Projects/MPSKit.jl/ld-envs/src/algorithms/derivatives/hamiltonian_derivatives.jl","432","prepare_operator!!","/mnt/home/ldevos/.julia/packages/TensorOperations/i1lNc/src/implementation/strided.jl","143","stridedtensoradd!","TensorOperations.Scaler{Float64}","1","16","0.01"
"chemistry_like","DMRG2","both","operator preparation","/mnt/home/ldevos/Projects/MPSKit.jl/ld-envs/src/algorithms/derivatives/hamiltonian_derivatives.jl","417","prepare_operator!!","/mnt/home/ldevos/.julia/packages/LRUCache/ZH7qB/src/LRUCache.jl","189","_unsafe_getindex","TensorKit.SectorStructure{TensorKitSectors.PlanarTrivial, Tuple{TensorKit.FusionTree{TensorKitSectors.PlanarTrivial, 2, 0, 1}, TensorKit.FusionTree{TensorKitSectors.PlanarTrivial, 4, 2, 3}}}","1","16","0.01"
"chemistry_like","DMRG2","both","other","/mnt/home/ldevos/Projects/MPSKit.jl/ld-envs/src/states/finitemps.jl","378","#AC2#71","/mnt/home/ldevos/.julia/packages/LRUCache/ZH7qB/src/LRUCache.jl","189","_unsafe_getindex","TensorKit.SectorStructure{TensorKitSectors.PlanarTrivial, Tuple{TensorKit.FusionTree{TensorKitSectors.PlanarTrivial, 2, 0, 1}, TensorKit.FusionTree{TensorKitSectors.PlanarTrivial, 2, 0, 1}}}","1","16","0.01"
"chemistry_like","DMRG2","both","environment transfers","/mnt/home/ldevos/Projects/MPSKit.jl/ld-envs/src/operators/jordanmpotensor.jl","198","_identity_tensor","/mnt/home/ldevos/.julia/packages/LRUCache/ZH7qB/src/LRUCache.jl","189","_unsafe_getindex","TensorKit.SectorStructure{TensorKitSectors.PlanarTrivial, Tuple{TensorKit.FusionTree{TensorKitSectors.PlanarTrivial, 2, 0, 1}, TensorKit.FusionTree{TensorKitSectors.PlanarTrivial, 2, 0, 1}}}","1","16","0.01"
"chemistry_like","DMRG2","both","operator preparation","/mnt/home/ldevos/Projects/MPSKit.jl/ld-envs/src/algorithms/derivatives/hamiltonian_derivatives.jl","720","prepare_right_AC","/mnt/home/ldevos/.julia/packages/TensorKit/SLHMM/src/auxiliary/dicts.jl","83","sizehint!","Memory{TensorKitSectors.PlanarTrivial}","1","16","0.01"
"chemistry_like","DMRG2","both","eigensolve","/mnt/home/ldevos/Projects/MPSKit.jl/ld-envs/src/utility/utility.jl","285","mul_front!","/mnt/home/ldevos/.julia/packages/LRUCache/ZH7qB/src/LRUCache.jl","189","_unsafe_getindex","TensorKit.SectorStructure{TensorKitSectors.PlanarTrivial, Tuple{TensorKit.FusionTree{TensorKitSectors.PlanarTrivial, 2, 0, 1}, TensorKit.FusionTree{TensorKitSectors.PlanarTrivial, 1, 0, 0}}}","1","16","0.01"
"chemistry_like","DMRG2","both","operator preparation","/mnt/home/ldevos/Projects/MPSKit.jl/ld-envs/src/algorithms/derivatives/hamiltonian_derivatives.jl","458","prepare_operator!!","/mnt/home/ldevos/.julia/packages/TensorOperations/i1lNc/src/implementation/strided.jl","143","stridedtensoradd!","TensorOperations.Scaler{Float64}","1","16","0.01"
"chemistry_like","DMRG2","both","operator preparation","/mnt/home/ldevos/Projects/MPSKit.jl/ld-envs/src/algorithms/derivatives/hamiltonian_derivatives.jl","432","prepare_operator!!","/mnt/home/ldevos/.julia/packages/TensorOperations/i1lNc/src/implementation/strided.jl","145","stridedtensoradd!","TensorOperations.Scaler{Float64}","1","16","0.01"
"chemistry_like","DMRG2","both","operator preparation","/mnt/home/ldevos/Projects/MPSKit.jl/ld-envs/src/algorithms/derivatives/hamiltonian_derivatives.jl","720","prepare_right_AC","/mnt/home/ldevos/.julia/packages/BlockTensorKit/Kw0jL/src/vectorspaces/sumspace.jl","131","_sectors","Memory{TensorKitSectors.PlanarTrivial}","1","16","0.01"
"chemistry_like","DMRG2","both","gauge","/mnt/home/ldevos/Projects/MPSKit.jl/ld-envs/src/states/orthoview.jl","407","#gauge2!#104","/mnt/home/ldevos/.julia/packages/TensorKit/SLHMM/src/auxiliary/dicts.jl","136","setindex!","Memory{TensorKitSectors.PlanarTrivial}","1","16","0.01"
"chemistry_like","DMRG2","both","other","/mnt/home/ldevos/Projects/MPSKit.jl/ld-envs/src/algorithms/groundstate/dmrg.jl","370","sweep!","/mnt/home/ldevos/Projects/MPSKit.jl/ld-envs/src/algorithms/groundstate/dmrg.jl","370","sweep!","Float64","1","8","0.01"
"chemistry_like","DMRG2","pairs","operator preparation","/mnt/home/ldevos/Projects/MPSKit.jl/ld-envs/src/algorithms/derivatives/hamiltonian_derivatives.jl","732","prepare_left_AC2","/mnt/home/ldevos/.julia/packages/TensorKit/SLHMM/src/tensors/tensor.jl","98","TensorMap","Profile.Allocs.BufferType","25","1003520","0.01"
"chemistry_like","DMRG2","pairs","operator preparation","/mnt/home/ldevos/Projects/MPSKit.jl/ld-envs/src/algorithms/derivatives/hamiltonian_derivatives.jl","665","_contract_GL_O","/mnt/home/ldevos/.julia/packages/TensorOperations/i1lNc/src/implementation/allocator.jl","453","tensoralloc","Profile.Allocs.BufferType","25","954368","0.01"
"chemistry_like","DMRG2","pairs","operator preparation","/mnt/home/ldevos/Projects/MPSKit.jl/ld-envs/src/algorithms/derivatives/hamiltonian_derivatives.jl","669","_contract_O_GR","/mnt/home/ldevos/.julia/packages/TensorOperations/i1lNc/src/implementation/allocator.jl","453","tensoralloc","Profile.Allocs.BufferType","7","346112","0.01"
"chemistry_like","DMRG2","pairs","operator preparation","/mnt/home/ldevos/Projects/MPSKit.jl/ld-envs/src/algorithms/derivatives/hamiltonian_derivatives.jl","764","prepare_right_AC2","/mnt/home/ldevos/.julia/packages/TensorKit/SLHMM/src/tensors/tensor.jl","98","TensorMap","Profile.Allocs.BufferType","11","299008","0.01"
"chemistry_like","DMRG2","pairs","eigensolve","/mnt/home/ldevos/Projects/MPSKit.jl/ld-envs/src/algorithms/derivatives/mpo_derivatives.jl","321","PrecomputedDerivative","/mnt/home/ldevos/.julia/packages/TensorOperations/i1lNc/src/implementation/allocator.jl","285","tensoralloc","Profile.Allocs.BufferType","2","262144","0.01"
"chemistry_like","DMRG2","pairs","operator preparation","/mnt/home/ldevos/Projects/MPSKit.jl/ld-envs/src/algorithms/derivatives/hamiltonian_derivatives.jl","703","#right_AC_ingredients#558","/mnt/home/ldevos/.julia/packages/TensorKit/SLHMM/src/tensors/tensor.jl","98","TensorMap","Profile.Allocs.BufferType","13","260096","0.01"
"chemistry_like","DMRG2","pairs","environment transfers","/mnt/home/ldevos/Projects/MPSKit.jl/ld-envs/src/transfermatrix/transfer.jl","133","#transfer_right#319","/mnt/home/ldevos/.julia/packages/TensorOperations/i1lNc/src/implementation/allocator.jl","453","tensoralloc","Profile.Allocs.BufferType","14","212992","0.01"
"chemistry_like","DMRG2","pairs","eigensolve","/mnt/home/ldevos/Projects/MPSKit.jl/ld-envs/src/algorithms/fixedpoint.jl","16","fixedpoint","/mnt/home/ldevos/.julia/packages/TensorKit/SLHMM/src/tensors/tensor.jl","98","TensorMap","Profile.Allocs.BufferType","2","196608","0.01"
"chemistry_like","DMRG2","pairs","operator preparation","/mnt/home/ldevos/Projects/MPSKit.jl/ld-envs/src/algorithms/derivatives/hamiltonian_derivatives.jl","665","_contract_GL_O","/mnt/home/ldevos/.julia/packages/TensorOperations/i1lNc/src/implementation/allocator.jl","449","tensoralloc","Profile.Allocs.BufferType","6","196608","0.01"
"chemistry_like","DMRG2","pairs","environment transfers","/mnt/home/ldevos/Projects/MPSKit.jl/ld-envs/src/transfermatrix/transfer.jl","133","#transfer_right#319","/mnt/home/ldevos/.julia/packages/TensorOperations/i1lNc/src/implementation/allocator.jl","449","tensoralloc","Profile.Allocs.BufferType","2","131072","0.01"
"chemistry_like","DMRG2","pairs","operator preparation","/mnt/home/ldevos/Projects/MPSKit.jl/ld-envs/src/algorithms/derivatives/hamiltonian_derivatives.jl","727","prepare_left_AC2","/mnt/home/ldevos/.julia/packages/TensorKit/SLHMM/src/tensors/tensor.jl","98","TensorMap","Profile.Allocs.BufferType","7","112640","0.01"
"chemistry_like","DMRG2","pairs","operator preparation","/mnt/home/ldevos/Projects/MPSKit.jl/ld-envs/src/algorithms/derivatives/hamiltonian_derivatives.jl","758","prepare_right_AC2","/mnt/home/ldevos/.julia/packages/TensorKit/SLHMM/src/tensors/tensor.jl","98","TensorMap","Profile.Allocs.BufferType","7","112640","0.01"
"chemistry_like","DMRG2","pairs","operator preparation","/mnt/home/ldevos/Projects/MPSKit.jl/ld-envs/src/algorithms/derivatives/hamiltonian_derivatives.jl","764","prepare_right_AC2","/mnt/home/ldevos/.julia/packages/BlockTensorKit/Kw0jL/src/auxiliary/sparsetensorarray.jl","87","setindex!","Profile.Allocs.BufferType","1","90112","0.01"
"chemistry_like","DMRG2","pairs","environment transfers","/mnt/home/ldevos/Projects/MPSKit.jl/ld-envs/src/transfermatrix/transfer.jl","130","#transfer_left#318","/mnt/home/ldevos/.julia/packages/TensorOperations/i1lNc/src/implementation/allocator.jl","449","tensoralloc","Profile.Allocs.BufferType","2","65536","0.01"
"chemistry_like","DMRG2","pairs","environment transfers","/mnt/home/ldevos/Projects/MPSKit.jl/ld-envs/src/transfermatrix/transfer.jl","130","#transfer_left#318","/mnt/home/ldevos/.julia/packages/TensorOperations/i1lNc/src/implementation/allocator.jl","453","tensoralloc","Profile.Allocs.BufferType","7","63488","0.01"
"chemistry_like","DMRG2","pairs","operator preparation","/mnt/home/ldevos/Projects/MPSKit.jl/ld-envs/src/algorithms/derivatives/hamiltonian_derivatives.jl","681","left_AC_ingredients","/mnt/home/ldevos/.julia/packages/TensorKit/SLHMM/src/tensors/tensor.jl","98","TensorMap","Profile.Allocs.BufferType","6","49152","0.01"
"chemistry_like","DMRG2","pairs","operator preparation","/mnt/home/ldevos/Projects/MPSKit.jl/ld-envs/src/algorithms/derivatives/hamiltonian_derivatives.jl","694","left_AC_ingredients","/mnt/home/ldevos/.julia/packages/BlockTensorKit/Kw0jL/src/auxiliary/sparsetensorarray.jl","87","setindex!","Profile.Allocs.BufferType","1","40960","0.01"
"chemistry_like","DMRG2","pairs","gauge","/mnt/home/ldevos/Projects/MPSKit.jl/ld-envs/src/states/orthoview.jl","325","left_gauge","/mnt/home/ldevos/.julia/packages/TensorKit/SLHMM/src/tensors/tensor.jl","98","TensorMap","Profile.Allocs.BufferType","1","32768","0.01"
"chemistry_like","DMRG2","pairs","environment transfers","/mnt/home/ldevos/Projects/MPSKit.jl/ld-envs/src/transfermatrix/transfer.jl","133","#transfer_right#319","/mnt/home/ldevos/.julia/packages/LRUCache/ZH7qB/src/LRUCache.jl","159","get!","Vector{Tuple{Any, Any}}","1022","32704","0.01"
"chemistry_like","DMRG2","pairs","operator preparation","/mnt/home/ldevos/Projects/MPSKit.jl/ld-envs/src/algorithms/derivatives/hamiltonian_derivatives.jl","706","#right_AC_ingredients#558","/mnt/home/ldevos/.julia/packages/BlockTensorKit/Kw0jL/src/tensors/blocktensor.jl","16","BlockTensorMap","Profile.Allocs.BufferType","1","26488","0.01"
"chemistry_like","DMRG2","pairs","environment transfers","/mnt/home/ldevos/Projects/MPSKit.jl/ld-envs/src/transfermatrix/transfer.jl","133","#transfer_right#319","/mnt/home/ldevos/.julia/packages/Strided/yVKLF/src/mapreduce.jl","200","_mapreduce_block!","Tuple{StridedViews.StridedView{Float64, 4, Memory{Float64}, typeof(identity)}, StridedViews.StridedView{Float64, 4, Memory{Float64}, typeof(identity)}}","118","20768","0.01"
"chemistry_like","DMRG2","pairs","gauge","/mnt/home/ldevos/Projects/MPSKit.jl/ld-envs/src/states/orthoview.jl","325","left_gauge","/mnt/home/ldevos/.julia/packages/MatrixAlgebraKit/AbU5a/src/yalapack.jl","909","gemqrt!","Profile.Allocs.BufferType","1","18432","0.01"
"chemistry_like","DMRG2","pairs","environment transfers","/mnt/home/ldevos/Projects/MPSKit.jl/ld-envs/src/transfermatrix/transfer.jl","130","#transfer_left#318","/mnt/home/ldevos/.julia/packages/LRUCache/ZH7qB/src/LRUCache.jl","159","get!","Vector{Tuple{Any, Any}}","573","18336","0.01"
"chemistry_like","DMRG2","pairs","environment transfers","/mnt/home/ldevos/Projects/MPSKit.jl/ld-envs/src/transfermatrix/transfer.jl","133","#transfer_right#319","/mnt/home/ldevos/.julia/packages/TimerOutputs/0Wski/src/macros.jl","257","macro expansion","TensorKit.var""#sectorstructure##12#sectorstructure##13""{TensorKit.Hashed{TensorKit.TensorMapSpace{TensorKit.GradedSpace{TensorKitSectors.PlanarTrivial, Tuple{Int64}}, 2, 2}, typeof(TensorKit.sectorhash), typeof(TensorKit.sectorequal)}}","229","18320","0.01"
"chemistry_like","DMRG2","pairs","environment transfers","/mnt/home/ldevos/Projects/MPSKit.jl/ld-envs/src/transfermatrix/transfer.jl","133","#transfer_right#319","/mnt/home/ldevos/.julia/packages/TimerOutputs/0Wski/src/macros.jl","257","macro expansion","TensorKit.Hashed{TensorKit.TensorMapSpace{TensorKit.GradedSpace{TensorKitSectors.PlanarTrivial, Tuple{Int64}}, 2, 2}, typeof(TensorKit.sectorhash), typeof(TensorKit.sectorequal)}","221","17680","0.01"
"chemistry_like","DMRG2","pairs","operator preparation","/mnt/home/ldevos/Projects/MPSKit.jl/ld-envs/src/algorithms/derivatives/hamiltonian_derivatives.jl","681","left_AC_ingredients","/mnt/home/ldevos/.julia/packages/BlockTensorKit/Kw0jL/src/vectorspaces/sumspace.jl","63","getindex","Profile.Allocs.BufferType","2","17296","0.01"
"chemistry_like","DMRG2","pairs","environment transfers","/mnt/home/ldevos/Projects/MPSKit.jl/ld-envs/src/transfermatrix/transfer.jl","130","#transfer_left#318","/mnt/home/ldevos/.julia/packages/LRUCache/ZH7qB/src/LRUCache.jl","189","_unsafe_getindex","TensorKit.Hashed{TensorKit.TensorMapSpace{TensorKit.GradedSpace{TensorKitSectors.PlanarTrivial, Tuple{Int64}}, 2, 2}, typeof(TensorKit.sectorhash), typeof(TensorKit.sectorequal)}","212","16960","0.01"
"chemistry_like","DMRG2","pairs","environment transfers","/mnt/home/ldevos/Projects/MPSKit.jl/ld-envs/src/transfermatrix/transfer.jl","133","#transfer_right#319","/mnt/home/ldevos/.julia/packages/LRUCache/ZH7qB/src/LRUCache.jl","189","_unsafe_getindex","TensorKit.Hashed{TensorKit.TensorMapSpace{TensorKit.GradedSpace{TensorKitSectors.PlanarTrivial, Tuple{Int64}}, 2, 2}, typeof(TensorKit.sectorhash), typeof(TensorKit.sectorequal)}","205","16400","0.01"
"chemistry_like","DMRG2","pairs","environment transfers","/mnt/home/ldevos/Projects/MPSKit.jl/ld-envs/src/transfermatrix/transfer.jl","133","#transfer_right#319","/mnt/home/ldevos/.julia/packages/LRUCache/ZH7qB/src/LRUCache.jl","110","_unsafe_haskey","TensorKit.Hashed{TensorKit.TensorMapSpace{TensorKit.GradedSpace{TensorKitSectors.PlanarTrivial, Tuple{Int64}}, 2, 2}, typeof(TensorKit.sectorhash), typeof(TensorKit.sectorequal)}","191","15280","0.01"
"chemistry_like","DMRG2","pairs","environment transfers","/mnt/home/ldevos/Projects/MPSKit.jl/ld-envs/src/transfermatrix/transfer.jl","130","#transfer_left#318","/mnt/home/ldevos/.julia/packages/LRUCache/ZH7qB/src/LRUCache.jl","110","_unsafe_haskey","TensorKit.Hashed{TensorKit.TensorMapSpace{TensorKit.GradedSpace{TensorKitSectors.PlanarTrivial, Tuple{Int64}}, 2, 2}, typeof(TensorKit.sectorhash), typeof(TensorKit.sectorequal)}","171","13680","0.01"
"chemistry_like","DMRG2","pairs","environment transfers","/mnt/home/ldevos/Projects/MPSKit.jl/ld-envs/src/transfermatrix/transfer.jl","133","#transfer_right#319","/mnt/home/ldevos/.julia/packages/TensorKit/SLHMM/src/auxiliary/auxiliary.jl","110","taskforeach","Base.IntrusiveLinkedList{Task}","425","13600","0.01"
"chemistry_like","DMRG2","pairs","environment transfers","/mnt/home/ldevos/Projects/MPSKit.jl/ld-envs/src/transfermatrix/transfer.jl","133","#transfer_right#319","/mnt/home/ldevos/.julia/packages/TensorKit/SLHMM/src/auxiliary/auxiliary.jl","110","taskforeach","Channel{Any}","135","12960","0.01"
"chemistry_like","DMRG2","pairs","environment transfers","/mnt/home/ldevos/Projects/MPSKit.jl/ld-envs/src/transfermatrix/transfer.jl","133","#transfer_right#319","/mnt/home/ldevos/.julia/packages/Strided/yVKLF/src/mapreduce.jl","200","_mapreduce_block!","StridedViews.StridedView{Float64, 4, Memory{Float64}, typeof(identity)}","135","12960","0.01"
"chemistry_like","DMRG2","pairs","operator preparation","/mnt/home/ldevos/Projects/MPSKit.jl/ld-envs/src/algorithms/derivatives/hamiltonian_derivatives.jl","669","_contract_O_GR","/mnt/home/ldevos/.julia/packages/BlockTensorKit/Kw0jL/src/tensors/blocktensor.jl","16","BlockTensorMap","Profile.Allocs.BufferType","1","11704","0.01"
"chemistry_like","DMRG2","pairs","operator preparation","/mnt/home/ldevos/Projects/MPSKit.jl/ld-envs/src/algorithms/derivatives/hamiltonian_derivatives.jl","669","_contract_O_GR","/mnt/home/ldevos/.julia/packages/LRUCache/ZH7qB/src/LRUCache.jl","159","get!","Vector{Tuple{Any, Any}}","360","11520","0.01"
"chemistry_like","DMRG2","pairs","environment transfers","/mnt/home/ldevos/Projects/MPSKit.jl/ld-envs/src/transfermatrix/transfer.jl","130","#transfer_left#318","/mnt/home/ldevos/.julia/packages/TimerOutputs/0Wski/src/macros.jl","257","macro expansion","TensorKit.Hashed{TensorKit.TensorMapSpace{TensorKit.GradedSpace{TensorKitSectors.PlanarTrivial, Tuple{Int64}}, 2, 2}, typeof(TensorKit.sectorhash), typeof(TensorKit.sectorequal)}","143","11440","0.01"
"chemistry_like","DMRG2","pairs","operator preparation","/mnt/home/ldevos/Projects/MPSKit.jl/ld-envs/src/algorithms/derivatives/hamiltonian_derivatives.jl","665","_contract_GL_O","/mnt/home/ldevos/.julia/packages/LRUCache/ZH7qB/src/LRUCache.jl","159","get!","Vector{Tuple{Any, Any}}","354","11328","0.01"
"chemistry_like","DMRG2","pairs","environment transfers","/mnt/home/ldevos/Projects/MPSKit.jl/ld-envs/src/transfermatrix/transfer.jl","130","#transfer_left#318","/mnt/home/ldevos/.julia/packages/TimerOutputs/0Wski/src/macros.jl","257","macro expansion","TensorKit.var""#sectorstructure##12#sectorstructure##13""{TensorKit.Hashed{TensorKit.TensorMapSpace{TensorKit.GradedSpace{TensorKitSectors.PlanarTrivial, Tuple{Int64}}, 2, 2}, typeof(TensorKit.sectorhash), typeof(TensorKit.sectorequal)}}","137","10960","0.01"
"chemistry_like","DMRG2","pairs","environment transfers","/mnt/home/ldevos/Projects/MPSKit.jl/ld-envs/src/transfermatrix/transfer.jl","133","#transfer_right#319","/mnt/home/ldevos/.julia/packages/Strided/yVKLF/src/mapreduce.jl","200","_mapreduce_block!","NTuple{4, Int64}","216","10368","0.01"
"chemistry_like","DMRG2","pairs","eigensolve","/mnt/home/ldevos/Projects/MPSKit.jl/ld-envs/src/algorithms/fixedpoint.jl","16","fixedpoint","/mnt/home/ldevos/.julia/packages/KrylovKit/bEE7W/src/dense/linalg.jl","450","stegr!","Profile.Allocs.BufferType","4","9936","0.01"
"chemistry_like","DMRG2","pairs","operator preparation","/mnt/home/ldevos/Projects/MPSKit.jl/ld-envs/src/algorithms/derivatives/mpo_derivatives.jl","238","_fuse_env","/mnt/home/ldevos/.julia/packages/Strided/yVKLF/src/mapreduce.jl","200","_mapreduce_block!","Tuple{StridedViews.StridedView{Float64, 5, Memory{Float64}, typeof(identity)}, StridedViews.StridedView{Float64, 5, Memory{Float64}, typeof(identity)}}","46","9568","0.01"
"chemistry_like","DMRG2","pairs","environment transfers","/mnt/home/ldevos/Projects/MPSKit.jl/ld-envs/src/transfermatrix/transfer.jl","133","#transfer_right#319","/mnt/home/ldevos/.julia/packages/LRUCache/ZH7qB/src/LRUCache.jl","189","_unsafe_getindex","TensorKit.DegeneracyStructure{4}","376","9024","0.01"
"chemistry_like","DMRG2","pairs","environment transfers","/mnt/home/ldevos/Projects/MPSKit.jl/ld-envs/src/transfermatrix/transfer.jl","133","#transfer_right#319","/mnt/home/ldevos/.julia/packages/LRUCache/ZH7qB/src/LRUCache.jl","189","_unsafe_getindex","TensorKit.Hashed{TensorKit.TensorMapSpace{TensorKit.GradedSpace{TensorKitSectors.PlanarTrivial, Tuple{Int64}}, 2, 1}, typeof(TensorKit.sectorhash), typeof(TensorKit.sectorequal)}","138","8832","0.01"
"chemistry_like","DMRG2","pairs","operator preparation","/mnt/home/ldevos/Projects/MPSKit.jl/ld-envs/src/algorithms/derivatives/hamiltonian_derivatives.jl","665","_contract_GL_O","/mnt/home/ldevos/.julia/packages/TensorKit/SLHMM/src/auxiliary/auxiliary.jl","110","taskforeach","Base.IntrusiveLinkedList{Task}","273","8736","0.01"
"chemistry_like","DMRG2","pairs","environment transfers","/mnt/home/ldevos/Projects/MPSKit.jl/ld-envs/src/transfermatrix/transfer.jl","133","#transfer_right#319","/mnt/home/ldevos/.julia/packages/Strided/yVKLF/src/mapreduce.jl","200","_mapreduce_block!","Tuple{NTuple{4, Int64}, NTuple{4, Int64}}","108","8640","0.01"
"chemistry_like","DMRG2","pairs","environment transfers","/mnt/home/ldevos/Projects/MPSKit.jl/ld-envs/src/transfermatrix/transfer.jl","130","#transfer_left#318","/mnt/home/ldevos/.julia/packages/Strided/yVKLF/src/mapreduce.jl","200","_mapreduce_block!","Tuple{StridedViews.StridedView{Float64, 4, Memory{Float64}, typeof(identity)}, StridedViews.StridedView{Float64, 4, Memory{Float64}, typeof(identity)}}","49","8624","0.01"
"chemistry_like","DMRG2","pairs","environment transfers","/mnt/home/ldevos/Projects/MPSKit.jl/ld-envs/src/transfermatrix/transfer.jl","133","#transfer_right#319","/mnt/home/ldevos/.julia/packages/TensorKit/SLHMM/src/auxiliary/auxiliary.jl","110","taskforeach","ReentrantLock","133","8512","0.01"
"chemistry_like","DMRG2","pairs","other","/mnt/home/ldevos/Projects/MPSKit.jl/ld-envs/src/utility/utility.jl","22","project_complement!","/mnt/home/ldevos/.julia/packages/TensorOperations/i1lNc/src/implementation/allocator.jl","285","tensoralloc","Profile.Allocs.BufferType","1","8192","0.01"
"chemistry_like","DMRG2","pairs","gauge","/mnt/home/ldevos/Projects/MPSKit.jl/ld-envs/src/states/orthoview.jl","407","#gauge2!#104","/mnt/home/ldevos/.julia/packages/MatrixAlgebraKit/AbU5a/src/yalapack.jl","2133","_gesdd_body!","Profile.Allocs.BufferType","1","8192","0.01"
"chemistry_like","DMRG2","pairs","operator preparation","/mnt/home/ldevos/Projects/MPSKit.jl/ld-envs/src/algorithms/derivatives/hamiltonian_derivatives.jl","669","_contract_O_GR","/mnt/home/ldevos/.julia/packages/TensorKit/SLHMM/src/auxiliary/auxiliary.jl","110","taskforeach","Base.IntrusiveLinkedList{Task}","256","8192","0.01"
"chemistry_like","DMRG2","pairs","operator preparation","/mnt/home/ldevos/Projects/MPSKit.jl/ld-envs/src/algorithms/derivatives/hamiltonian_derivatives.jl","669","_contract_O_GR","/mnt/home/ldevos/.julia/packages/TensorKit/SLHMM/src/auxiliary/auxiliary.jl","110","taskforeach","Channel{Any}","83","7968","0.01"
"chemistry_like","DMRG2","pairs","environment transfers","/mnt/home/ldevos/Projects/MPSKit.jl/ld-envs/src/transfermatrix/transfer.jl","133","#transfer_right#319","/mnt/home/ldevos/.julia/packages/LRUCache/ZH7qB/src/LRUCache.jl","110","_unsafe_haskey","TensorKit.Hashed{TensorKit.TensorMapSpace{TensorKit.GradedSpace{TensorKitSectors.PlanarTrivial, Tuple{Int64}}, 2, 1}, typeof(TensorKit.sectorhash), typeof(TensorKit.sectorequal)}","121","7744","0.01"
"chemistry_like","DMRG2","pairs","operator preparation","/mnt/home/ldevos/Projects/MPSKit.jl/ld-envs/src/algorithms/derivatives/hamiltonian_derivatives.jl","732","prepare_left_AC2","/mnt/home/ldevos/.julia/packages/LRUCache/ZH7qB/src/LRUCache.jl","159","get!","Vector{Tuple{Any, Any}}","242","7744","0.01"
"chemistry_like","DMRG2","pairs","operator preparation","/mnt/home/ldevos/Projects/MPSKit.jl/ld-envs/src/algorithms/derivatives/hamiltonian_derivatives.jl","665","_contract_GL_O","/mnt/home/ldevos/.julia/packages/TensorKit/SLHMM/src/auxiliary/auxiliary.jl","110","taskforeach","Channel{Any}","72","6912","0.01"
"chemistry_like","DMRG2","pairs","operator preparation","/mnt/home/ldevos/Projects/MPSKit.jl/ld-envs/src/algorithms/derivatives/hamiltonian_derivatives.jl","684","left_AC_ingredients","/mnt/home/ldevos/.julia/packages/LRUCache/ZH7qB/src/LRUCache.jl","159","get!","Vector{Tuple{Any, Any}}","209","6688","0.01"
"chemistry_like","DMRG2","pairs","operator preparation","/mnt/home/ldevos/Projects/MPSKit.jl/ld-envs/src/algorithms/derivatives/hamiltonian_derivatives.jl","669","_contract_O_GR","/mnt/home/ldevos/.julia/packages/Strided/yVKLF/src/mapreduce.jl","200","_mapreduce_block!","Tuple{StridedViews.StridedView{Float64, 5, Memory{Float64}, typeof(identity)}, StridedViews.StridedView{Float64, 5, Memory{Float64}, typeof(identity)}}","32","6656","0.01"
"chemistry_like","DMRG2","pairs","operator preparation","/mnt/home/ldevos/Projects/MPSKit.jl/ld-envs/src/algorithms/derivatives/hamiltonian_derivatives.jl","665","_contract_GL_O","/mnt/home/ldevos/.julia/packages/Strided/yVKLF/src/mapreduce.jl","200","_mapreduce_block!","Tuple{StridedViews.StridedView{Float64, 4, Memory{Float64}, typeof(identity)}, StridedViews.StridedView{Float64, 4, Memory{Float64}, typeof(identity)}}","37","6512","0.01"
"chemistry_like","DMRG2","pairs","environment transfers","/mnt/home/ldevos/Projects/MPSKit.jl/ld-envs/src/transfermatrix/transfer.jl","133","#transfer_right#319","/mnt/home/ldevos/.julia/packages/TensorKit/SLHMM/src/tensors/indexmanipulations.jl","660","add_transform_kernel!","TensorKit.var""#add_transform_kernel!##0#add_transform_kernel!##1""{TensorKit.StridedSubblocks{Memory{Float64}, 4}, TensorKit.StridedSubblocks{Memory{Float64}, 4}, Tuple{NTuple{4, Int64}, Tuple{}}, Bool, VectorInterface.One, VectorInterface.Zero, TensorOperations.DefaultBackend, TensorOperations.BufferAllocator{Memory{UInt8}}}","61","5856","0.01"
"chemistry_like","DMRG2","pairs","environment transfers","/mnt/home/ldevos/Projects/MPSKit.jl/ld-envs/src/transfermatrix/transfer.jl","130","#transfer_left#318","/mnt/home/ldevos/.julia/packages/LRUCache/ZH7qB/src/LRUCache.jl","110","_unsafe_haskey","TensorKit.Hashed{TensorKit.TensorMapSpace{TensorKit.GradedSpace{TensorKitSectors.PlanarTrivial, Tuple{Int64}}, 2, 1}, typeof(TensorKit.sectorhash), typeof(TensorKit.sectorequal)}","91","5824","0.01"
"chemistry_like","DMRG2","pairs","operator preparation","/mnt/home/ldevos/Projects/MPSKit.jl/ld-envs/src/algorithms/derivatives/hamiltonian_derivatives.jl","732","prepare_left_AC2","/mnt/home/ldevos/.julia/packages/TensorKit/SLHMM/src/tensors/tensor.jl","98","TensorMap","Memory{Float64}","53","5808","0.01"
"chemistry_like","DMRG2","pairs","environment transfers","/mnt/home/ldevos/Projects/MPSKit.jl/ld-envs/src/transfermatrix/transfer.jl","130","#transfer_left#318","/mnt/home/ldevos/.julia/packages/TensorKit/SLHMM/src/auxiliary/auxiliary.jl","110","taskforeach","Channel{Any}","60","5760","0.01"
"chemistry_like","DMRG2","pairs","operator preparation","/mnt/home/ldevos/Projects/MPSKit.jl/ld-envs/src/algorithms/derivatives/hamiltonian_derivatives.jl","780","prepare_right_AC2","/mnt/home/ldevos/.julia/packages/BlockTensorKit/Kw0jL/src/auxiliary/sparsetensorarray.jl","87","setindex!","Profile.Allocs.BufferType","1","5632","0.01"
"chemistry_like","DMRG2","pairs","environment transfers","/mnt/home/ldevos/Projects/MPSKit.jl/ld-envs/src/transfermatrix/transfer.jl","133","#transfer_right#319","/mnt/home/ldevos/.julia/packages/TensorKit/SLHMM/src/tensors/indexmanipulations.jl","660","add_transform_kernel!","TensorKit.var""#add_transform_kernel!##0#add_transform_kernel!##1""{TensorKit.StridedSubblocks{Memory{Float64}, 4}, TensorKit.StridedSubblocks{Memory{Float64}, 4}, Tuple{NTuple{4, Int64}, Tuple{}}, Bool, VectorInterface.One, VectorInterface.One, TensorOperations.DefaultBackend, TensorOperations.BufferAllocator{Memory{UInt8}}}","58","5568","0.01"
"chemistry_like","DMRG2","pairs","operator preparation","/mnt/home/ldevos/Projects/MPSKit.jl/ld-envs/src/algorithms/derivatives/hamiltonian_derivatives.jl","732","prepare_left_AC2","/mnt/home/ldevos/.julia/packages/Strided/yVKLF/src/mapreduce.jl","200","_mapreduce_block!","Tuple{StridedViews.StridedView{Float64, 5, Memory{Float64}, typeof(identity)}, StridedViews.StridedView{Float64, 5, Memory{Float64}, typeof(identity)}}","26","5408","0.01"
"chemistry_like","DMRG2","pairs","operator preparation","/mnt/home/ldevos/Projects/MPSKit.jl/ld-envs/src/algorithms/derivatives/hamiltonian_derivatives.jl","665","_contract_GL_O","/mnt/home/ldevos/.julia/packages/Strided/yVKLF/src/mapreduce.jl","200","_mapreduce_block!","Tuple{StridedViews.StridedView{Float64, 5, Memory{Float64}, typeof(identity)}, StridedViews.StridedView{Float64, 5, Memory{Float64}, typeof(identity)}}","25","5200","0.01"
"chemistry_like","DMRG2","pairs","environment transfers","/mnt/home/ldevos/Projects/MPSKit.jl/ld-envs/src/transfermatrix/transfer.jl","130","#transfer_left#318","/mnt/home/ldevos/.julia/packages/LRUCache/ZH7qB/src/LRUCache.jl","189","_unsafe_getindex","TensorKit.Hashed{TensorKit.TensorMapSpace{TensorKit.GradedSpace{TensorKitSectors.PlanarTrivial, Tuple{Int64}}, 2, 1}, typeof(TensorKit.sectorhash), typeof(TensorKit.sectorequal)}","78","4992","0.01"
"chemistry_like","DMRG2","pairs","operator preparation","/mnt/home/ldevos/Projects/MPSKit.jl/ld-envs/src/algorithms/derivatives/hamiltonian_derivatives.jl","706","#right_AC_ingredients#558","/mnt/home/ldevos/.julia/packages/Strided/yVKLF/src/mapreduce.jl","200","_mapreduce_block!","Tuple{StridedViews.StridedView{Float64, 3, Memory{Float64}, typeof(identity)}, StridedViews.StridedView{Float64, 3, Memory{Float64}, typeof(identity)}}","34","4896","0.01"
"chemistry_like","DMRG2","pairs","operator preparation","/mnt/home/ldevos/Projects/MPSKit.jl/ld-envs/src/algorithms/derivatives/hamiltonian_derivatives.jl","681","left_AC_ingredients","/mnt/home/ldevos/.julia/packages/TensorKit/SLHMM/src/tensors/tensor.jl","98","TensorMap","Memory{Float64}","26","4848","0.01"
"chemistry_like","DMRG2","pairs","operator preparation","/mnt/home/ldevos/Projects/MPSKit.jl/ld-envs/src/algorithms/derivatives/hamiltonian_derivatives.jl","665","_contract_GL_O","/mnt/home/ldevos/.julia/packages/TensorKit/SLHMM/src/auxiliary/auxiliary.jl","110","taskforeach","ReentrantLock","75","4800","0.01"
"chemistry_like","DMRG2","pairs","operator preparation","/mnt/home/ldevos/Projects/MPSKit.jl/ld-envs/src/algorithms/derivatives/hamiltonian_derivatives.jl","669","_contract_O_GR","/mnt/home/ldevos/.julia/packages/Strided/yVKLF/src/mapreduce.jl","200","_mapreduce_block!","Tuple{StridedViews.StridedView{Float64, 4, Memory{Float64}, typeof(identity)}, StridedViews.StridedView{Float64, 4, Memory{Float64}, typeof(identity)}}","27","4752","0.01"
"chemistry_like","DMRG2","pairs","environment transfers","/mnt/home/ldevos/Projects/MPSKit.jl/ld-envs/src/transfermatrix/transfer.jl","130","#transfer_left#318","/mnt/home/ldevos/.julia/packages/TensorKit/SLHMM/src/auxiliary/auxiliary.jl","110","taskforeach","Base.IntrusiveLinkedList{Task}","148","4736","0.01"
"chemistry_like","DMRG2","pairs","operator preparation","/mnt/home/ldevos/Projects/MPSKit.jl/ld-envs/src/algorithms/derivatives/hamiltonian_derivatives.jl","732","prepare_left_AC2","/mnt/home/ldevos/.julia/packages/TensorKit/SLHMM/src/auxiliary/auxiliary.jl","110","taskforeach","Base.IntrusiveLinkedList{Task}","147","4704","0.01"
"chemistry_like","DMRG2","pairs","environment transfers","/mnt/home/ldevos/Projects/MPSKit.jl/ld-envs/src/transfermatrix/transfer.jl","130","#transfer_left#318","/mnt/home/ldevos/.julia/packages/LRUCache/ZH7qB/src/LRUCache.jl","189","_unsafe_getindex","TensorKit.DegeneracyStructure{4}","194","4656","0.01"
"chemistry_like","DMRG2","pairs","operator preparation","/mnt/home/ldevos/Projects/MPSKit.jl/ld-envs/src/algorithms/derivatives/hamiltonian_derivatives.jl","669","_contract_O_GR","/mnt/home/ldevos/.julia/packages/TensorKit/SLHMM/src/auxiliary/auxiliary.jl","110","taskforeach","ReentrantLock","71","4544","0.01"
"chemistry_like","DMRG2","pairs","operator preparation","/mnt/home/ldevos/Projects/MPSKit.jl/ld-envs/src/algorithms/derivatives/hamiltonian_derivatives.jl","684","left_AC_ingredients","/mnt/home/ldevos/.julia/packages/Strided/yVKLF/src/mapreduce.jl","200","_mapreduce_block!","Tuple{StridedViews.StridedView{Float64, 3, Memory{Float64}, typeof(identity)}, StridedViews.StridedView{Float64, 3, Memory{Float64}, typeof(identity)}}","31","4464","0.01"
"chemistry_like","DMRG2","pairs","operator preparation","/mnt/home/ldevos/Projects/MPSKit.jl/ld-envs/src/algorithms/derivatives/hamiltonian_derivatives.jl","732","prepare_left_AC2","/mnt/home/ldevos/.julia/packages/TensorKit/SLHMM/src/auxiliary/auxiliary.jl","110","taskforeach","Channel{Any}","46","4416","0.01"
"chemistry_like","DMRG2","pairs","environment transfers","/mnt/home/ldevos/Projects/MPSKit.jl/ld-envs/src/transfermatrix/transfer.jl","133","#transfer_right#319","/mnt/home/ldevos/.julia/packages/Strided/yVKLF/src/mapreduce.jl","200","_mapreduce_block!","Tuple{Int64, Int64}","137","4384","0.01"
"chemistry_like","DMRG2","pairs","environment transfers","/mnt/home/ldevos/Projects/MPSKit.jl/ld-envs/src/transfermatrix/transfer.jl","130","#transfer_left#318","/mnt/home/ldevos/.julia/packages/Strided/yVKLF/src/mapreduce.jl","200","_mapreduce_block!","StridedViews.StridedView{Float64, 4, Memory{Float64}, typeof(identity)}","45","4320","0.01"
"chemistry_like","DMRG2","pairs","environment transfers","/mnt/home/ldevos/Projects/MPSKit.jl/ld-envs/src/transfermatrix/transfer.jl","130","#transfer_left#318","/mnt/home/ldevos/.julia/packages/BlockTensorKit/Kw0jL/src/vectorspaces/sumspace.jl","112","dual","Profile.Allocs.BufferType","1","4304","0.01"
"chemistry_like","DMRG2","pairs","environment transfers","/mnt/home/ldevos/Projects/MPSKit.jl/ld-envs/src/transfermatrix/transfer.jl","133","#transfer_right#319","/mnt/home/ldevos/.julia/packages/LRUCache/ZH7qB/src/LRUCache.jl","189","_unsafe_getindex","TensorKit.DegeneracyStructure{3}","179","4296","0.01"
"chemistry_like","DMRG2","pairs","environment transfers","/mnt/home/ldevos/Projects/MPSKit.jl/ld-envs/src/transfermatrix/transfer.jl","133","#transfer_right#319","/mnt/home/ldevos/.julia/packages/TensorKit/SLHMM/src/auxiliary/auxiliary.jl","110","taskforeach","InvalidStateException","133","4256","0.01"
"chemistry_like","DMRG2","pairs","environment transfers","/mnt/home/ldevos/Projects/MPSKit.jl/ld-envs/src/transfermatrix/transfer.jl","133","#transfer_right#319","/mnt/home/ldevos/.julia/packages/Strided/yVKLF/src/mapreduce.jl","200","_mapreduce_block!","Tuple{StridedViews.StridedView{Float64, 3, Memory{Float64}, typeof(identity)}, StridedViews.StridedView{Float64, 3, Memory{Float64}, typeof(identity)}}","29","4176","0.01"
"chemistry_like","DMRG2","pairs","operator preparation","/mnt/home/ldevos/Projects/MPSKit.jl/ld-envs/src/algorithms/derivatives/hamiltonian_derivatives.jl","764","prepare_right_AC2","/mnt/home/ldevos/.julia/packages/Strided/yVKLF/src/mapreduce.jl","200","_mapreduce_block!","Tuple{StridedViews.StridedView{Float64, 5, Memory{Float64}, typeof(identity)}, StridedViews.StridedView{Float64, 5, Memory{Float64}, typeof(identity)}}","20","4160","0.01"
"chemistry_like","DMRG2","pairs","environment transfers","/mnt/home/ldevos/Projects/MPSKit.jl/ld-envs/src/transfermatrix/transfer.jl","133","#transfer_right#319","/mnt/home/ldevos/.julia/packages/TensorKit/SLHMM/src/auxiliary/auxiliary.jl","110","taskforeach","Vector{Any}","129","4128","0.01"
"chemistry_like","DMRG2","pairs","environment transfers","/mnt/home/ldevos/Projects/MPSKit.jl/ld-envs/src/transfermatrix/transfer.jl","130","#transfer_left#318","/mnt/home/ldevos/.julia/packages/Strided/yVKLF/src/mapreduce.jl","200","_mapreduce_block!","NTuple{4, Int64}","85","4080","0.01"
"chemistry_like","DMRG2","pairs","operator preparation","/mnt/home/ldevos/Projects/MPSKit.jl/ld-envs/src/algorithms/derivatives/hamiltonian_derivatives.jl","684","left_AC_ingredients","/mnt/home/ldevos/.julia/packages/TensorKit/SLHMM/src/auxiliary/auxiliary.jl","110","taskforeach","Base.IntrusiveLinkedList{Task}","121","3872","0.01"
"chemistry_like","DMRG2","pairs","operator preparation","/mnt/home/ldevos/Projects/MPSKit.jl/ld-envs/src/algorithms/derivatives/hamiltonian_derivatives.jl","727","prepare_left_AC2","/mnt/home/ldevos/.julia/packages/TensorKit/SLHMM/src/tensors/tensor.jl","98","TensorMap","Memory{Float64}","25","3816","0.01"
"chemistry_like","DMRG2","pairs","environment transfers","/mnt/home/ldevos/Projects/MPSKit.jl/ld-envs/src/transfermatrix/transfer.jl","130","#transfer_left#318","/mnt/home/ldevos/.julia/packages/TensorKit/SLHMM/src/auxiliary/auxiliary.jl","110","taskforeach","ReentrantLock","59","3776","0.01"
"chemistry_like","DMRG2","pairs","operator preparation","/mnt/home/ldevos/Projects/MPSKit.jl/ld-envs/src/algorithms/derivatives/mpo_derivatives.jl","238","_fuse_env","/mnt/home/ldevos/.julia/packages/Strided/yVKLF/src/mapreduce.jl","200","_mapreduce_block!","NTuple{5, Int64}","78","3744","0.01"
"chemistry_like","DMRG2","pairs","operator preparation","/mnt/home/ldevos/Projects/MPSKit.jl/ld-envs/src/algorithms/derivatives/hamiltonian_derivatives.jl","665","_contract_GL_O","/mnt/home/ldevos/.julia/packages/TensorKit/SLHMM/src/tensors/indexmanipulations.jl","660","add_transform_kernel!","TensorKit.var""#add_transform_kernel!##0#add_transform_kernel!##1""{TensorKit.StridedSubblocks{Memory{Float64}, 4}, TensorKit.StridedSubblocks{Memory{Float64}, 4}, Tuple{NTuple{4, Int64}, Tuple{}}, Bool, VectorInterface.One, VectorInterface.One, TensorOperations.DefaultBackend, TensorOperations.BufferAllocator{Memory{UInt8}}}","39","3744","0.01"
"chemistry_like","DMRG2","pairs","operator preparation","/mnt/home/ldevos/Projects/MPSKit.jl/ld-envs/src/algorithms/derivatives/hamiltonian_derivatives.jl","758","prepare_right_AC2","/mnt/home/ldevos/.julia/packages/TensorKit/SLHMM/src/tensors/tensor.jl","98","TensorMap","Memory{Float64}","30","3720","0.01"
"chemistry_like","DMRG2","pairs","operator preparation","/mnt/home/ldevos/Projects/MPSKit.jl/ld-envs/src/algorithms/derivatives/mpo_derivatives.jl","238","_fuse_env","/mnt/home/ldevos/.julia/packages/Strided/yVKLF/src/mapreduce.jl","200","_mapreduce_block!","StridedViews.StridedView{Float64, 5, Memory{Float64}, typeof(identity)}","33","3696","0.01"
"chemistry_like","DMRG2","pairs","operator preparation","/mnt/home/ldevos/Projects/MPSKit.jl/ld-envs/src/algorithms/derivatives/mpo_derivatives.jl","238","_fuse_env","/mnt/home/ldevos/.julia/packages/Strided/yVKLF/src/mapreduce.jl","200","_mapreduce_block!","Tuple{NTuple{5, Int64}, NTuple{5, Int64}}","38","3648","0.01"
"chemistry_like","DMRG2","pairs","operator preparation","/mnt/home/ldevos/Projects/MPSKit.jl/ld-envs/src/algorithms/derivatives/hamiltonian_derivatives.jl","669","_contract_O_GR","/mnt/home/ldevos/.julia/packages/Strided/yVKLF/src/mapreduce.jl","200","_mapreduce_block!","Tuple{StridedViews.StridedView{Float64, 3, Memory{Float64}, typeof(identity)}, StridedViews.StridedView{Float64, 3, Memory{Float64}, typeof(identity)}}","25","3600","0.01"
"chemistry_like","DMRG2","pairs","environment transfers","/mnt/home/ldevos/Projects/MPSKit.jl/ld-envs/src/transfermatrix/transfer.jl","130","#transfer_left#318","/mnt/home/ldevos/.julia/packages/TensorKit/SLHMM/src/tensors/indexmanipulations.jl","660","add_transform_kernel!","TensorKit.var""#add_transform_kernel!##0#add_transform_kernel!##1""{TensorKit.StridedSubblocks{Memory{Float64}, 4}, TensorKit.StridedSubblocks{Memory{Float64}, 4}, Tuple{NTuple{4, Int64}, Tuple{}}, Bool, VectorInterface.One, VectorInterface.Zero, TensorOperations.DefaultBackend, TensorOperations.BufferAllocator{Memory{UInt8}}}","37","3552","0.01"
"chemistry_like","DMRG2","pairs","environment transfers","/mnt/home/ldevos/Projects/MPSKit.jl/ld-envs/src/transfermatrix/transfer.jl","133","#transfer_right#319","/mnt/home/ldevos/.julia/packages/LRUCache/ZH7qB/src/LRUCache.jl","189","_unsafe_getindex","TensorKit.SectorStructure{TensorKitSectors.PlanarTrivial, Tuple{TensorKit.FusionTree{TensorKitSectors.PlanarTrivial, 2, 0, 1}, TensorKit.FusionTree{TensorKitSectors.PlanarTrivial, 2, 0, 1}}}","220","3520","0.01"
"chemistry_like","DMRG2","pairs","environment transfers","/mnt/home/ldevos/Projects/MPSKit.jl/ld-envs/src/transfermatrix/transfer.jl","133","#transfer_right#319","/mnt/home/ldevos/.julia/packages/TensorOperations/i1lNc/src/implementation/allocator.jl","420","unsafe_buffer_wrap","Memory{Float64}","146","3504","0.01"
"chemistry_like","DMRG2","pairs","environment transfers","/mnt/home/ldevos/Projects/MPSKit.jl/ld-envs/src/transfermatrix/transfer.jl","130","#transfer_left#318","/mnt/home/ldevos/.julia/packages/TensorOperations/i1lNc/src/implementation/allocator.jl","453","tensoralloc","Memory{Float64}","21","3504","0.01"
"chemistry_like","DMRG2","pairs","operator preparation","/mnt/home/ldevos/Projects/MPSKit.jl/ld-envs/src/algorithms/derivatives/hamiltonian_derivatives.jl","669","_contract_O_GR","/mnt/home/ldevos/.julia/packages/TensorKit/SLHMM/src/tensors/indexmanipulations.jl","660","add_transform_kernel!","TensorKit.var""#add_transform_kernel!##0#add_transform_kernel!##1""{TensorKit.StridedSubblocks{Memory{Float64}, 4}, TensorKit.StridedSubblocks{Memory{Float64}, 4}, Tuple{NTuple{4, Int64}, Tuple{}}, Bool, VectorInterface.One, VectorInterface.One, TensorOperations.DefaultBackend, TensorOperations.BufferAllocator{Memory{UInt8}}}","36","3456","0.01"
"chemistry_like","DMRG2","pairs","operator preparation","/mnt/home/ldevos/Projects/MPSKit.jl/ld-envs/src/algorithms/derivatives/hamiltonian_derivatives.jl","732","prepare_left_AC2","/mnt/home/ldevos/.julia/packages/Strided/yVKLF/src/mapreduce.jl","200","_mapreduce_block!","Tuple{StridedViews.StridedView{Float64, 3, Memory{Float64}, typeof(identity)}, StridedViews.StridedView{Float64, 3, Memory{Float64}, typeof(identity)}}","24","3456","0.01"
"chemistry_like","DMRG2","pairs","operator preparation","/mnt/home/ldevos/Projects/MPSKit.jl/ld-envs/src/algorithms/derivatives/hamiltonian_derivatives.jl","684","left_AC_ingredients","/mnt/home/ldevos/.julia/packages/TensorKit/SLHMM/src/auxiliary/auxiliary.jl","110","taskforeach","Channel{Any}","36","3456","0.01"
"chemistry_like","DMRG2","pairs","environment transfers","/mnt/home/ldevos/Projects/MPSKit.jl/ld-envs/src/transfermatrix/transfer.jl","130","#transfer_left#318","/mnt/home/ldevos/.julia/packages/Strided/yVKLF/src/mapreduce.jl","200","_mapreduce_block!","Tuple{NTuple{4, Int64}, NTuple{4, Int64}}","43","3440","0.01"
"chemistry_like","DMRG2","pairs","environment transfers","/mnt/home/ldevos/Projects/MPSKit.jl/ld-envs/src/transfermatrix/transfer.jl","133","#transfer_right#319","/mnt/home/ldevos/.julia/packages/TensorOperations/i1lNc/src/implementation/allocator.jl","420","unsafe_buffer_wrap","Vector{Float64}","141","3384","0.01"
"chemistry_like","DMRG2","pairs","operator preparation","/mnt/home/ldevos/Projects/MPSKit.jl/ld-envs/src/algorithms/derivatives/hamiltonian_derivatives.jl","732","prepare_left_AC2","/mnt/home/ldevos/.julia/packages/Strided/yVKLF/src/mapreduce.jl","200","_mapreduce_block!","Tuple{NTuple{5, Int64}, NTuple{5, Int64}}","35","3360","0.01"
"chemistry_like","DMRG2","pairs","operator preparation","/mnt/home/ldevos/Projects/MPSKit.jl/ld-envs/src/algorithms/derivatives/hamiltonian_derivatives.jl","669","_contract_O_GR","/mnt/home/ldevos/.julia/packages/LRUCache/ZH7qB/src/LRUCache.jl","110","_unsafe_haskey","TensorKit.Hashed{TensorKit.TensorMapSpace{TensorKit.GradedSpace{TensorKitSectors.PlanarTrivial, Tuple{Int64}}, 1, 2}, typeof(TensorKit.sectorhash), typeof(TensorKit.sectorequal)}","52","3328","0.01"
"chemistry_like","DMRG2","pairs","operator preparation","/mnt/home/ldevos/Projects/MPSKit.jl/ld-envs/src/algorithms/derivatives/hamiltonian_derivatives.jl","665","_contract_GL_O","/mnt/home/ldevos/.julia/packages/Strided/yVKLF/src/mapreduce.jl","200","_mapreduce_block!","NTuple{5, Int64}","69","3312","0.01"
"chemistry_like","DMRG2","pairs","operator preparation","/mnt/home/ldevos/Projects/MPSKit.jl/ld-envs/src/algorithms/derivatives/hamiltonian_derivatives.jl","732","prepare_left_AC2","/mnt/home/ldevos/.julia/packages/TensorKit/SLHMM/src/auxiliary/auxiliary.jl","110","taskforeach","ReentrantLock","50","3200","0.01"
"chemistry_like","DMRG2","pairs","operator preparation","/mnt/home/ldevos/Projects/MPSKit.jl/ld-envs/src/algorithms/derivatives/hamiltonian_derivatives.jl","684","left_AC_ingredients","/mnt/home/ldevos/.julia/packages/Strided/yVKLF/src/mapreduce.jl","200","_mapreduce_block!","StridedViews.StridedView{Float64, 3, Memory{Float64}, typeof(identity)}","39","3120","0.01"
"chemistry_like","DMRG2","pairs","operator preparation","/mnt/home/ldevos/Projects/MPSKit.jl/ld-envs/src/algorithms/derivatives/hamiltonian_derivatives.jl","669","_contract_O_GR","/mnt/home/ldevos/.julia/packages/Strided/yVKLF/src/mapreduce.jl","200","_mapreduce_block!","NTuple{4, Int64}","64","3072","0.01"
"chemistry_like","DMRG2","pairs","operator preparation","/mnt/home/ldevos/Projects/MPSKit.jl/ld-envs/src/algorithms/derivatives/hamiltonian_derivatives.jl","665","_contract_GL_O","/mnt/home/ldevos/.julia/packages/Strided/yVKLF/src/mapreduce.jl","200","_mapreduce_block!","StridedViews.StridedView{Float64, 5, Memory{Float64}, typeof(identity)}","27","3024","0.01"
"chemistry_like","DMRG2","pairs","operator preparation","/mnt/home/ldevos/Projects/MPSKit.jl/ld-envs/src/algorithms/derivatives/hamiltonian_derivatives.jl","665","_contract_GL_O","/mnt/home/ldevos/.julia/packages/Strided/yVKLF/src/mapreduce.jl","200","_mapreduce_block!","Tuple{StridedViews.StridedView{Float64, 3, Memory{Float64}, typeof(identity)}, StridedViews.StridedView{Float64, 3, Memory{Float64}, typeof(identity)}}","21","3024","0.01"
"chemistry_like","DMRG2","pairs","operator preparation","/mnt/home/ldevos/Projects/MPSKit.jl/ld-envs/src/algorithms/derivatives/hamiltonian_derivatives.jl","669","_contract_O_GR","/mnt/home/ldevos/.julia/packages/LRUCache/ZH7qB/src/LRUCache.jl","189","_unsafe_getindex","TensorKit.Hashed{TensorKit.TensorMapSpace{TensorKit.GradedSpace{TensorKitSectors.PlanarTrivial, Tuple{Int64}}, 1, 2}, typeof(TensorKit.sectorhash), typeof(TensorKit.sectorequal)}","47","3008","0.01"
"chemistry_like","DMRG2","pairs","operator preparation","/mnt/home/ldevos/Projects/MPSKit.jl/ld-envs/src/algorithms/derivatives/hamiltonian_derivatives.jl","669","_contract_O_GR","/mnt/home/ldevos/.julia/packages/Strided/yVKLF/src/mapreduce.jl","200","_mapreduce_block!","StridedViews.StridedView{Float64, 4, Memory{Float64}, typeof(identity)}","31","2976","0.01"
"chemistry_like","DMRG2","pairs","operator preparation","/mnt/home/ldevos/Projects/MPSKit.jl/ld-envs/src/algorithms/derivatives/hamiltonian_derivatives.jl","684","left_AC_ingredients","/mnt/home/ldevos/.julia/packages/Strided/yVKLF/src/mapreduce.jl","200","_mapreduce_block!","Tuple{Tuple{Int64, Int64, Int64}, Tuple{Int64, Int64, Int64}}","46","2944","0.01"
"chemistry_like","DMRG2","pairs","operator preparation","/mnt/home/ldevos/Projects/MPSKit.jl/ld-envs/src/algorithms/derivatives/hamiltonian_derivatives.jl","669","_contract_O_GR","/mnt/home/ldevos/.julia/packages/TensorOperations/i1lNc/src/implementation/allocator.jl","453","tensoralloc","Memory{Float64}","12","2928","0.01"
"chemistry_like","DMRG2","pairs","operator preparation","/mnt/home/ldevos/Projects/MPSKit.jl/ld-envs/src/algorithms/derivatives/hamiltonian_derivatives.jl","669","_contract_O_GR","/mnt/home/ldevos/.julia/packages/TensorKit/SLHMM/src/auxiliary/auxiliary.jl","110","taskforeach","Vector{Any}","91","2912","0.01"
"chemistry_like","DMRG2","pairs","operator preparation","/mnt/home/ldevos/Projects/MPSKit.jl/ld-envs/src/algorithms/derivatives/hamiltonian_derivatives.jl","665","_contract_GL_O","/mnt/home/ldevos/.julia/packages/LRUCache/ZH7qB/src/LRUCache.jl","189","_unsafe_getindex","TensorKit.Hashed{TensorKit.TensorMapSpace{TensorKit.GradedSpace{TensorKitSectors.PlanarTrivial, Tuple{Int64}}, 2, 3}, typeof(TensorKit.sectorhash), typeof(TensorKit.sectorequal)}","30","2880","0.01"
"chemistry_like","DMRG2","pairs","operator preparation","/mnt/home/ldevos/Projects/MPSKit.jl/ld-envs/src/algorithms/derivatives/hamiltonian_derivatives.jl","669","_contract_O_GR","/mnt/home/ldevos/.julia/packages/TensorKit/SLHMM/src/auxiliary/auxiliary.jl","110","taskforeach","InvalidStateException","90","2880","0.01"
"chemistry_like","DMRG2","pairs","operator preparation","/mnt/home/ldevos/Projects/MPSKit.jl/ld-envs/src/algorithms/derivatives/hamiltonian_derivatives.jl","732","prepare_left_AC2","/mnt/home/ldevos/.julia/packages/Strided/yVKLF/src/mapreduce.jl","200","_mapreduce_block!","NTuple{5, Int64}","59","2832","0.01"
"chemistry_like","DMRG2","pairs","operator preparation","/mnt/home/ldevos/Projects/MPSKit.jl/ld-envs/src/algorithms/derivatives/hamiltonian_derivatives.jl","764","prepare_right_AC2","/mnt/home/ldevos/.julia/packages/TensorKit/SLHMM/src/auxiliary/auxiliary.jl","110","taskforeach","Base.IntrusiveLinkedList{Task}","87","2784","0.01"
"chemistry_like","DMRG2","pairs","operator preparation","/mnt/home/ldevos/Projects/MPSKit.jl/ld-envs/src/algorithms/derivatives/hamiltonian_derivatives.jl","732","prepare_left_AC2","/mnt/home/ldevos/.julia/packages/TensorKit/SLHMM/src/tensors/indexmanipulations.jl","660","add_transform_kernel!","TensorKit.var""#add_transform_kernel!##0#add_transform_kernel!##1""{TensorKit.StridedSubblocks{Memory{Float64}, 5}, TensorKit.StridedSubblocks{Memory{Float64}, 5}, Tuple{NTuple{5, Int64}, Tuple{}}, Bool, VectorInterface.One, VectorInterface.One, TensorOperations.DefaultBackend, TensorOperations.BufferAllocator{Memory{UInt8}}}","29","2784","0.01"
"chemistry_like","DMRG2","pairs","environment transfers","/mnt/home/ldevos/Projects/MPSKit.jl/ld-envs/src/transfermatrix/transfer.jl","133","#transfer_right#319","/mnt/home/ldevos/.julia/packages/LRUCache/ZH7qB/src/LRUCache.jl","189","_unsafe_getindex","TensorKit.UniqueTreeTransformer{Int64, 4}","115","2760","0.01"
"chemistry_like","DMRG2","pairs","operator preparation","/mnt/home/ldevos/Projects/MPSKit.jl/ld-envs/src/algorithms/derivatives/hamiltonian_derivatives.jl","669","_contract_O_GR","/mnt/home/ldevos/.julia/packages/Strided/yVKLF/src/mapreduce.jl","200","_mapreduce_block!","NTuple{5, Int64}","57","2736","0.01"
"chemistry_like","DMRG2","pairs","operator preparation","/mnt/home/ldevos/Projects/MPSKit.jl/ld-envs/src/algorithms/derivatives/hamiltonian_derivatives.jl","764","prepare_right_AC2","/mnt/home/ldevos/.julia/packages/TensorKit/SLHMM/src/tensors/tensor.jl","98","TensorMap","Memory{Float64}","21","2736","0.01"
"chemistry_like","DMRG2","pairs","operator preparation","/mnt/home/ldevos/Projects/MPSKit.jl/ld-envs/src/algorithms/derivatives/hamiltonian_derivatives.jl","764","prepare_right_AC2","/mnt/home/ldevos/.julia/packages/TensorKit/SLHMM/src/auxiliary/auxiliary.jl","110","taskforeach","Channel{Any}","28","2688","0.01"
"chemistry_like","DMRG2","pairs","operator preparation","/mnt/home/ldevos/Projects/MPSKit.jl/ld-envs/src/algorithms/derivatives/hamiltonian_derivatives.jl","732","prepare_left_AC2","/mnt/home/ldevos/.julia/packages/LRUCache/ZH7qB/src/LRUCache.jl","189","_unsafe_getindex","TensorKit.Hashed{TensorKit.TensorMapSpace{TensorKit.GradedSpace{TensorKitSectors.PlanarTrivial, Tuple{Int64}}, 4, 2}, typeof(TensorKit.sectorhash), typeof(TensorKit.sectorequal)}","24","2688","0.01"
"chemistry_like","DMRG2","pairs","operator preparation","/mnt/home/ldevos/Projects/MPSKit.jl/ld-envs/src/algorithms/derivatives/hamiltonian_derivatives.jl","665","_contract_GL_O","/mnt/home/ldevos/.julia/packages/LRUCache/ZH7qB/src/LRUCache.jl","110","_unsafe_haskey","TensorKit.Hashed{TensorKit.TensorMapSpace{TensorKit.GradedSpace{TensorKitSectors.PlanarTrivial, Tuple{Int64}}, 2, 3}, typeof(TensorKit.sectorhash), typeof(TensorKit.sectorequal)}","28","2688","0.01"
"chemistry_like","DMRG2","pairs","operator preparation","/mnt/home/ldevos/Projects/MPSKit.jl/ld-envs/src/algorithms/derivatives/hamiltonian_derivatives.jl","732","prepare_left_AC2","/mnt/home/ldevos/.julia/packages/Strided/yVKLF/src/mapreduce.jl","200","_mapreduce_block!","StridedViews.StridedView{Float64, 5, Memory{Float64}, typeof(identity)}","24","2688","0.01"
"chemistry_like","DMRG2","pairs","operator preparation","/mnt/home/ldevos/Projects/MPSKit.jl/ld-envs/src/algorithms/derivatives/hamiltonian_derivatives.jl","703","#right_AC_ingredients#558","/mnt/home/ldevos/.julia/packages/TensorKit/SLHMM/src/tensors/tensor.jl","98","TensorMap","Memory{Float64}","23","2664","0.01"
"chemistry_like","DMRG2","pairs","operator preparation","/mnt/home/ldevos/Projects/MPSKit.jl/ld-envs/src/algorithms/derivatives/mpo_derivatives.jl","238","_fuse_env","/mnt/home/ldevos/.julia/packages/LRUCache/ZH7qB/src/LRUCache.jl","159","get!","Vector{Tuple{Any, Any}}","83","2656","0.01"
"chemistry_like","DMRG2","pairs","operator preparation","/mnt/home/ldevos/Projects/MPSKit.jl/ld-envs/src/algorithms/derivatives/hamiltonian_derivatives.jl","665","_contract_GL_O","/mnt/home/ldevos/.julia/packages/Strided/yVKLF/src/mapreduce.jl","200","_mapreduce_block!","NTuple{4, Int64}","55","2640","0.01"
"chemistry_like","DMRG2","pairs","environment transfers","/mnt/home/ldevos/Projects/MPSKit.jl/ld-envs/src/transfermatrix/transfer.jl","130","#transfer_left#318","/mnt/home/ldevos/.julia/packages/LRUCache/ZH7qB/src/LRUCache.jl","189","_unsafe_getindex","TensorKit.DegeneracyStructure{3}","109","2616","0.01"
"chemistry_like","DMRG2","pairs","operator preparation","/mnt/home/ldevos/Projects/MPSKit.jl/ld-envs/src/algorithms/derivatives/hamiltonian_derivatives.jl","684","left_AC_ingredients","/mnt/home/ldevos/.julia/packages/Strided/yVKLF/src/mapreduce.jl","200","_mapreduce_block!","Tuple{Int64, Int64, Int64}","80","2560","0.01"
"chemistry_like","DMRG2","pairs","operator preparation","/mnt/home/ldevos/Projects/MPSKit.jl/ld-envs/src/algorithms/derivatives/hamiltonian_derivatives.jl","706","#right_AC_ingredients#558","/mnt/home/ldevos/.julia/packages/TensorKit/SLHMM/src/auxiliary/auxiliary.jl","110","taskforeach","Base.IntrusiveLinkedList{Task}","80","2560","0.01"
"chemistry_like","DMRG2","pairs","operator preparation","/mnt/home/ldevos/Projects/MPSKit.jl/ld-envs/src/algorithms/derivatives/hamiltonian_derivatives.jl","669","_contract_O_GR","/mnt/home/ldevos/.julia/packages/LRUCache/ZH7qB/src/LRUCache.jl","189","_unsafe_getindex","TensorKit.Hashed{TensorKit.TensorMapSpace{TensorKit.GradedSpace{TensorKitSectors.PlanarTrivial, Tuple{Int64}}, 3, 1}, typeof(TensorKit.sectorhash), typeof(TensorKit.sectorequal)}","32","2560","0.01"
"chemistry_like","DMRG2","pairs","operator preparation","/mnt/home/ldevos/Projects/MPSKit.jl/ld-envs/src/algorithms/derivatives/hamiltonian_derivatives.jl","665","_contract_GL_O","/mnt/home/ldevos/.julia/packages/LRUCache/ZH7qB/src/LRUCache.jl","189","_unsafe_getindex","TensorKit.Hashed{TensorKit.TensorMapSpace{TensorKit.GradedSpace{TensorKitSectors.PlanarTrivial, Tuple{Int64}}, 1, 3}, typeof(TensorKit.sectorhash), typeof(TensorKit.sectorequal)}","32","2560","0.01"
"chemistry_like","DMRG2","pairs","operator preparation","/mnt/home/ldevos/Projects/MPSKit.jl/ld-envs/src/algorithms/derivatives/hamiltonian_derivatives.jl","706","#right_AC_ingredients#558","/mnt/home/ldevos/.julia/packages/TensorKit/SLHMM/src/tensors/indexmanipulations.jl","660","add_transform_kernel!","TensorKit.var""#add_transform_kernel!##0#add_transform_kernel!##1""{TensorKit.StridedSubblocks{Memory{Float64}, 3}, TensorKit.StridedSubblocks{Memory{Float64}, 3}, Tuple{Tuple{Int64, Int64, Int64}, Tuple{}}, Bool, VectorInterface.One, VectorInterface.Zero, TensorOperations.DefaultBackend, TensorOperations.BufferAllocator{Memory{UInt8}}}","32","2560","0.01"
"chemistry_like","DMRG2","pairs","operator preparation","/mnt/home/ldevos/Projects/MPSKit.jl/ld-envs/src/algorithms/derivatives/hamiltonian_derivatives.jl","669","_contract_O_GR","/mnt/home/ldevos/.julia/packages/Strided/yVKLF/src/mapreduce.jl","200","_mapreduce_block!","StridedViews.StridedView{Float64, 3, Memory{Float64}, typeof(identity)}","32","2560","0.01"
"chemistry_like","DMRG2","pairs","environment transfers","/mnt/home/ldevos/Projects/MPSKit.jl/ld-envs/src/transfermatrix/transfer.jl","133","#transfer_right#319","/mnt/home/ldevos/.julia/packages/TensorKit/SLHMM/src/tensors/tensor.jl","98","TensorMap","Memory{Float64}","53","2544","0.01"
"chemistry_like","DMRG2","pairs","operator preparation","/mnt/home/ldevos/Projects/MPSKit.jl/ld-envs/src/algorithms/derivatives/hamiltonian_derivatives.jl","732","prepare_left_AC2","/mnt/home/ldevos/.julia/packages/LRUCache/ZH7qB/src/LRUCache.jl","110","_unsafe_haskey","TensorKit.Hashed{TensorKit.TensorMapSpace{TensorKit.GradedSpace{TensorKitSectors.PlanarTrivial, Tuple{Int64}}, 4, 1}, typeof(TensorKit.sectorhash), typeof(TensorKit.sectorequal)}","26","2496","0.01"
"chemistry_like","DMRG2","pairs","operator preparation","/mnt/home/ldevos/Projects/MPSKit.jl/ld-envs/src/algorithms/derivatives/hamiltonian_derivatives.jl","665","_contract_GL_O","/mnt/home/ldevos/.julia/packages/TensorKit/SLHMM/src/tensors/indexmanipulations.jl","660","add_transform_kernel!","TensorKit.var""#add_transform_kernel!##0#add_transform_kernel!##1""{TensorKit.StridedSubblocks{Memory{Float64}, 5}, TensorKit.StridedSubblocks{Memory{Float64}, 5}, Tuple{NTuple{5, Int64}, Tuple{}}, Bool, VectorInterface.One, VectorInterface.Zero, TensorOperations.DefaultBackend, TensorOperations.BufferAllocator{Memory{UInt8}}}","26","2496","0.01"
"chemistry_like","DMRG2","pairs","environment transfers","/mnt/home/ldevos/Projects/MPSKit.jl/ld-envs/src/transfermatrix/transfer.jl","133","#transfer_right#319","/mnt/home/ldevos/.julia/packages/Strided/yVKLF/src/mapreduce.jl","200","_mapreduce_block!","StridedViews.StridedView{Float64, 3, Memory{Float64}, typeof(identity)}","31","2480","0.01"
"chemistry_like","DMRG2","pairs","operator preparation","/mnt/home/ldevos/Projects/MPSKit.jl/ld-envs/src/algorithms/derivatives/hamiltonian_derivatives.jl","665","_contract_GL_O","/mnt/home/ldevos/.julia/packages/TensorKit/SLHMM/src/auxiliary/auxiliary.jl","110","taskforeach","Vector{Any}","77","2464","0.01"
"chemistry_like","DMRG2","pairs","operator preparation","/mnt/home/ldevos/Projects/MPSKit.jl/ld-envs/src/algorithms/derivatives/hamiltonian_derivatives.jl","665","_contract_GL_O","/mnt/home/ldevos/.julia/packages/Strided/yVKLF/src/mapreduce.jl","200","_mapreduce_block!","Tuple{Int64, Int64}","76","2432","0.01"
"chemistry_like","DMRG2","pairs","operator preparation","/mnt/home/ldevos/Projects/MPSKit.jl/ld-envs/src/algorithms/derivatives/hamiltonian_derivatives.jl","669","_contract_O_GR","/mnt/home/ldevos/.julia/packages/Strided/yVKLF/src/mapreduce.jl","200","_mapreduce_block!","Tuple{Int64, Int64}","76","2432","0.01"
"chemistry_like","DMRG2","pairs","operator preparation","/mnt/home/ldevos/Projects/MPSKit.jl/ld-envs/src/algorithms/derivatives/hamiltonian_derivatives.jl","732","prepare_left_AC2","/mnt/home/ldevos/.julia/packages/LRUCache/ZH7qB/src/LRUCache.jl","189","_unsafe_getindex","TensorKit.Hashed{TensorKit.TensorMapSpace{TensorKit.GradedSpace{TensorKitSectors.PlanarTrivial, Tuple{Int64}}, 4, 1}, typeof(TensorKit.sectorhash), typeof(TensorKit.sectorequal)}","25","2400","0.01"
"chemistry_like","DMRG2","pairs","operator preparation","/mnt/home/ldevos/Projects/MPSKit.jl/ld-envs/src/algorithms/derivatives/mpo_derivatives.jl","238","_fuse_env","/mnt/home/ldevos/.julia/packages/LRUCache/ZH7qB/src/LRUCache.jl","110","_unsafe_haskey","TensorKit.Hashed{TensorKit.TensorMapSpace{TensorKit.GradedSpace{TensorKitSectors.PlanarTrivial, Tuple{Int64}}, 3, 2}, typeof(TensorKit.sectorhash), typeof(TensorKit.sectorequal)}","25","2400","0.01"
"chemistry_like","DMRG2","pairs","operator preparation","/mnt/home/ldevos/Projects/MPSKit.jl/ld-envs/src/algorithms/derivatives/hamiltonian_derivatives.jl","669","_contract_O_GR","/mnt/home/ldevos/.julia/packages/Strided/yVKLF/src/mapreduce.jl","200","_mapreduce_block!","Tuple{NTuple{4, Int64}, NTuple{4, Int64}}","30","2400","0.01"
"chemistry_like","DMRG2","pairs","operator preparation","/mnt/home/ldevos/Projects/MPSKit.jl/ld-envs/src/algorithms/derivatives/hamiltonian_derivatives.jl","665","_contract_GL_O","/mnt/home/ldevos/.julia/packages/Strided/yVKLF/src/mapreduce.jl","200","_mapreduce_block!","StridedViews.StridedView{Float64, 3, Memory{Float64}, typeof(identity)}","29","2320","0.01"
"chemistry_like","DMRG2","pairs","operator preparation","/mnt/home/ldevos/Projects/MPSKit.jl/ld-envs/src/algorithms/derivatives/hamiltonian_derivatives.jl","706","#right_AC_ingredients#558","/mnt/home/ldevos/.julia/packages/TensorKit/SLHMM/src/auxiliary/auxiliary.jl","110","taskforeach","Channel{Any}","24","2304","0.01"
"chemistry_like","DMRG2","pairs","operator preparation","/mnt/home/ldevos/Projects/MPSKit.jl/ld-envs/src/algorithms/derivatives/hamiltonian_derivatives.jl","665","_contract_GL_O","/mnt/home/ldevos/.julia/packages/TensorKit/SLHMM/src/auxiliary/auxiliary.jl","110","taskforeach","InvalidStateException","71","2272","0.01"
"chemistry_like","DMRG2","pairs","operator preparation","/mnt/home/ldevos/Projects/MPSKit.jl/ld-envs/src/algorithms/derivatives/hamiltonian_derivatives.jl","665","_contract_GL_O","/mnt/home/ldevos/.julia/packages/Strided/yVKLF/src/mapreduce.jl","200","_mapreduce_block!","Tuple{NTuple{4, Int64}, NTuple{4, Int64}}","28","2240","0.01"
"chemistry_like","DMRG2","pairs","operator preparation","/mnt/home/ldevos/Projects/MPSKit.jl/ld-envs/src/algorithms/derivatives/hamiltonian_derivatives.jl","665","_contract_GL_O","/mnt/home/ldevos/.julia/packages/LRUCache/ZH7qB/src/LRUCache.jl","110","_unsafe_haskey","TensorKit.Hashed{TensorKit.TensorMapSpace{TensorKit.GradedSpace{TensorKitSectors.PlanarTrivial, Tuple{Int64}}, 1, 3}, typeof(TensorKit.sectorhash), typeof(TensorKit.sectorequal)}","28","2240","0.01"
"chemistry_like","DMRG2","pairs","operator preparation","/mnt/home/ldevos/Projects/MPSKit.jl/ld-envs/src/algorithms/derivatives/mpo_derivatives.jl","238","_fuse_env","/mnt/home/ldevos/.julia/packages/LRUCache/ZH7qB/src/LRUCache.jl","189","_unsafe_getindex","TensorKit.Hashed{TensorKit.TensorMapSpace{TensorKit.GradedSpace{TensorKitSectors.PlanarTrivial, Tuple{Int64}}, 3, 2}, typeof(TensorKit.sectorhash), typeof(TensorKit.sectorequal)}","23","2208","0.01"
"chemistry_like","DMRG2","pairs","environment transfers","/mnt/home/ldevos/Projects/MPSKit.jl/ld-envs/src/transfermatrix/transfer.jl","130","#transfer_left#318","/mnt/home/ldevos/.julia/packages/TensorOperations/i1lNc/src/implementation/allocator.jl","420","unsafe_buffer_wrap","Memory{Float64}","90","2160","0.01"
"chemistry_like","DMRG2","pairs","operator preparation","/mnt/home/ldevos/Projects/MPSKit.jl/ld-envs/src/algorithms/derivatives/hamiltonian_derivatives.jl","706","#right_AC_ingredients#558","/mnt/home/ldevos/.julia/packages/BlockTensorKit/Kw0jL/src/vectorspaces/sumspace.jl","112","dual","Profile.Allocs.BufferType","1","2128","0.01"
"chemistry_like","DMRG2","pairs","operator preparation","/mnt/home/ldevos/Projects/MPSKit.jl/ld-envs/src/algorithms/derivatives/hamiltonian_derivatives.jl","665","_contract_GL_O","/mnt/home/ldevos/.julia/packages/TensorOperations/i1lNc/src/implementation/allocator.jl","453","tensoralloc","Memory{Float64}","25","2112","0.01"
"chemistry_like","DMRG2","pairs","operator preparation","/mnt/home/ldevos/Projects/MPSKit.jl/ld-envs/src/algorithms/derivatives/hamiltonian_derivatives.jl","665","_contract_GL_O","/mnt/home/ldevos/.julia/packages/Strided/yVKLF/src/mapreduce.jl","200","_mapreduce_block!","StridedViews.StridedView{Float64, 4, Memory{Float64}, typeof(identity)}","22","2112","0.01"
"chemistry_like","DMRG2","pairs","operator preparation","/mnt/home/ldevos/Projects/MPSKit.jl/ld-envs/src/algorithms/derivatives/hamiltonian_derivatives.jl","706","#right_AC_ingredients#558","/mnt/home/ldevos/.julia/packages/LRUCache/ZH7qB/src/LRUCache.jl","159","get!","Vector{Tuple{Any, Any}}","65","2080","0.01"
"chemistry_like","DMRG2","pairs","environment transfers","/mnt/home/ldevos/Projects/MPSKit.jl/ld-envs/src/transfermatrix/transfer.jl","130","#transfer_left#318","/mnt/home/ldevos/.julia/packages/LRUCache/ZH7qB/src/LRUCache.jl","189","_unsafe_getindex","TensorKit.SectorStructure{TensorKitSectors.PlanarTrivial, Tuple{TensorKit.FusionTree{TensorKitSectors.PlanarTrivial, 2, 0, 1}, TensorKit.FusionTree{TensorKitSectors.PlanarTrivial, 2, 0, 1}}}","130","2080","0.01"
"chemistry_like","DMRG2","pairs","operator preparation","/mnt/home/ldevos/Projects/MPSKit.jl/ld-envs/src/algorithms/derivatives/hamiltonian_derivatives.jl","415","prepare_operator!!","/mnt/home/ldevos/.julia/packages/TensorKit/SLHMM/src/tensors/tensor.jl","98","TensorMap","Profile.Allocs.BufferType","1","2048","0.01"
"chemistry_like","DMRG2","pairs","operator preparation","/mnt/home/ldevos/Projects/MPSKit.jl/ld-envs/src/algorithms/derivatives/hamiltonian_derivatives.jl","684","left_AC_ingredients","/mnt/home/ldevos/.julia/packages/TensorKit/SLHMM/src/auxiliary/auxiliary.jl","110","taskforeach","ReentrantLock","32","2048","0.01"
"chemistry_like","DMRG2","pairs","environment transfers","/mnt/home/ldevos/Projects/MPSKit.jl/ld-envs/src/transfermatrix/transfer.jl","133","#transfer_right#319","/mnt/home/ldevos/.julia/packages/LRUCache/ZH7qB/src/LRUCache.jl","110","_unsafe_haskey","TensorKit.Hashed{TensorKit.TensorMapSpace{TensorKit.GradedSpace{TensorKitSectors.PlanarTrivial, Tuple{Int64}}, 1, 2}, typeof(TensorKit.sectorhash), typeof(TensorKit.sectorequal)}","32","2048","0.01"
"chemistry_like","DMRG2","pairs","eigensolve","/mnt/home/ldevos/Projects/MPSKit.jl/ld-envs/src/algorithms/fixedpoint.jl","16","fixedpoint","/mnt/home/ldevos/.julia/packages/KrylovKit/bEE7W/src/dense/linalg.jl","452","stegr!","Memory{Int64}","2","2032","0.01"
"chemistry_like","DMRG2","pairs","environment transfers","/mnt/home/ldevos/Projects/MPSKit.jl/ld-envs/src/transfermatrix/transfer.jl","130","#transfer_left#318","/mnt/home/ldevos/.julia/packages/Strided/yVKLF/src/mapreduce.jl","200","_mapreduce_block!","Tuple{StridedViews.StridedView{Float64, 3, Memory{Float64}, typeof(identity)}, StridedViews.StridedView{Float64, 3, Memory{Float64}, typeof(identity)}}","14","2016","0.01"
"chemistry_like","DMRG2","pairs","operator preparation","/mnt/home/ldevos/Projects/MPSKit.jl/ld-envs/src/algorithms/derivatives/hamiltonian_derivatives.jl","669","_contract_O_GR","/mnt/home/ldevos/.julia/packages/LRUCache/ZH7qB/src/LRUCache.jl","110","_unsafe_haskey","TensorKit.Hashed{TensorKit.TensorMapSpace{TensorKit.GradedSpace{TensorKitSectors.PlanarTrivial, Tuple{Int64}}, 3, 2}, typeof(TensorKit.sectorhash), typeof(TensorKit.sectorequal)}","21","2016","0.01"
"chemistry_like","DMRG2","pairs","operator preparation","/mnt/home/ldevos/Projects/MPSKit.jl/ld-envs/src/algorithms/derivatives/hamiltonian_derivatives.jl","764","prepare_right_AC2","/mnt/home/ldevos/.julia/packages/Strided/yVKLF/src/mapreduce.jl","200","_mapreduce_block!","StridedViews.StridedView{Float64, 5, Memory{Float64}, typeof(identity)}","18","2016","0.01"
"chemistry_like","DMRG2","pairs","operator preparation","/mnt/home/ldevos/Projects/MPSKit.jl/ld-envs/src/algorithms/derivatives/hamiltonian_derivatives.jl","764","prepare_right_AC2","/mnt/home/ldevos/.julia/packages/TensorKit/SLHMM/src/tensors/indexmanipulations.jl","660","add_transform_kernel!","TensorKit.var""#add_transform_kernel!##0#add_transform_kernel!##1""{TensorKit.StridedSubblocks{Memory{Float64}, 5}, TensorKit.StridedSubblocks{Memory{Float64}, 5}, Tuple{NTuple{5, Int64}, Tuple{}}, Bool, VectorInterface.One, VectorInterface.One, TensorOperations.DefaultBackend, TensorOperations.BufferAllocator{Memory{UInt8}}}","21","2016","0.01"
"chemistry_like","DMRG2","pairs","operator preparation","/mnt/home/ldevos/Projects/MPSKit.jl/ld-envs/src/algorithms/derivatives/hamiltonian_derivatives.jl","732","prepare_left_AC2","/mnt/home/ldevos/.julia/packages/TensorKit/SLHMM/src/tensors/indexmanipulations.jl","660","add_transform_kernel!","TensorKit.var""#add_transform_kernel!##0#add_transform_kernel!##1""{TensorKit.StridedSubblocks{Memory{Float64}, 3}, TensorKit.StridedSubblocks{Memory{Float64}, 3}, Tuple{Tuple{Int64, Int64, Int64}, Tuple{}}, Bool, VectorInterface.One, VectorInterface.One, TensorOperations.DefaultBackend, TensorOperations.BufferAllocator{Memory{UInt8}}}","25","2000","0.01"
"chemistry_like","DMRG2","pairs","operator preparation","/mnt/home/ldevos/Projects/MPSKit.jl/ld-envs/src/algorithms/derivatives/hamiltonian_derivatives.jl","706","#right_AC_ingredients#558","/mnt/home/ldevos/.julia/packages/Strided/yVKLF/src/mapreduce.jl","200","_mapreduce_block!","StridedViews.StridedView{Float64, 3, Memory{Float64}, typeof(identity)}","25","2000","0.01"
"chemistry_like","DMRG2","pairs","operator preparation","/mnt/home/ldevos/Projects/MPSKit.jl/ld-envs/src/algorithms/derivatives/hamiltonian_derivatives.jl","669","_contract_O_GR","/mnt/home/ldevos/.julia/packages/TensorKit/SLHMM/src/tensors/indexmanipulations.jl","660","add_transform_kernel!","TensorKit.var""#add_transform_kernel!##0#add_transform_kernel!##1""{TensorKit.StridedSubblocks{Memory{Float64}, 3}, TensorKit.StridedSubblocks{Memory{Float64}, 3}, Tuple{Tuple{Int64, Int64, Int64}, Tuple{}}, Bool, VectorInterface.One, VectorInterface.Zero, TensorOperations.DefaultBackend, TensorOperations.BufferAllocator{Memory{UInt8}}}","25","2000","0.01"
"chemistry_like","DMRG2","pairs","environment transfers","/mnt/home/ldevos/Projects/MPSKit.jl/ld-envs/src/transfermatrix/transfer.jl","133","#transfer_right#319","/mnt/home/ldevos/.julia/packages/TensorKit/SLHMM/src/auxiliary/auxiliary.jl","109","taskforeach","Base.Threads.Atomic{Int64}","124","1984","0.01"
"chemistry_like","DMRG2","pairs","operator preparation","/mnt/home/ldevos/Projects/MPSKit.jl/ld-envs/src/algorithms/derivatives/hamiltonian_derivatives.jl","665","_contract_GL_O","/mnt/home/ldevos/.julia/packages/LRUCache/ZH7qB/src/LRUCache.jl","110","_unsafe_haskey","TensorKit.Hashed{TensorKit.TensorMapSpace{TensorKit.GradedSpace{TensorKitSectors.PlanarTrivial, Tuple{Int64}}, 2, 1}, typeof(TensorKit.sectorhash), typeof(TensorKit.sectorequal)}","31","1984","0.01"
"chemistry_like","DMRG2","pairs","operator preparation","/mnt/home/ldevos/Projects/MPSKit.jl/ld-envs/src/algorithms/derivatives/hamiltonian_derivatives.jl","706","#right_AC_ingredients#558","/mnt/home/ldevos/.julia/packages/TensorKit/SLHMM/src/auxiliary/auxiliary.jl","110","taskforeach","ReentrantLock","31","1984","0.01"
"chemistry_like","DMRG2","pairs","operator preparation","/mnt/home/ldevos/Projects/MPSKit.jl/ld-envs/src/algorithms/derivatives/hamiltonian_derivatives.jl","665","_contract_GL_O","/mnt/home/ldevos/.julia/packages/LRUCache/ZH7qB/src/LRUCache.jl","189","_unsafe_getindex","TensorKit.DegeneracyStructure{5}","82","1968","0.01"
"chemistry_like","DMRG2","pairs","environment transfers","/mnt/home/ldevos/Projects/MPSKit.jl/ld-envs/src/transfermatrix/transfer.jl","130","#transfer_left#318","/mnt/home/ldevos/.julia/packages/TensorOperations/i1lNc/src/implementation/allocator.jl","420","unsafe_buffer_wrap","Vector{Float64}","81","1944","0.01"
"chemistry_like","DMRG2","pairs","environment transfers","/mnt/home/ldevos/Projects/MPSKit.jl/ld-envs/src/transfermatrix/transfer.jl","133","#transfer_right#319","/mnt/home/ldevos/.julia/packages/Strided/yVKLF/src/mapreduce.jl","200","_mapreduce_block!","Tuple{Tuple{Int64, Int64, Int64}, Tuple{Int64, Int64, Int64}}","30","1920","0.01"
"chemistry_like","DMRG2","pairs","operator preparation","/mnt/home/ldevos/Projects/MPSKit.jl/ld-envs/src/algorithms/derivatives/hamiltonian_derivatives.jl","732","prepare_left_AC2","/mnt/home/ldevos/.julia/packages/Strided/yVKLF/src/mapreduce.jl","200","_mapreduce_block!","StridedViews.StridedView{Float64, 3, Memory{Float64}, typeof(identity)}","24","1920","0.01"
"chemistry_like","DMRG2","pairs","operator preparation","/mnt/home/ldevos/Projects/MPSKit.jl/ld-envs/src/algorithms/derivatives/hamiltonian_derivatives.jl","764","prepare_right_AC2","/mnt/home/ldevos/.julia/packages/Strided/yVKLF/src/mapreduce.jl","200","_mapreduce_block!","NTuple{5, Int64}","40","1920","0.01"
"chemistry_like","DMRG2","pairs","operator preparation","/mnt/home/ldevos/Projects/MPSKit.jl/ld-envs/src/algorithms/derivatives/hamiltonian_derivatives.jl","732","prepare_left_AC2","/mnt/home/ldevos/.julia/packages/LRUCache/ZH7qB/src/LRUCache.jl","110","_unsafe_haskey","TensorKit.Hashed{TensorKit.TensorMapSpace{TensorKit.GradedSpace{TensorKitSectors.PlanarTrivial, Tuple{Int64}}, 4, 2}, typeof(TensorKit.sectorhash), typeof(TensorKit.sectorequal)}","17","1904","0.01"
"chemistry_like","DMRG2","pairs","operator preparation","/mnt/home/ldevos/Projects/MPSKit.jl/ld-envs/src/algorithms/derivatives/hamiltonian_derivatives.jl","706","#right_AC_ingredients#558","/mnt/home/ldevos/.julia/packages/Strided/yVKLF/src/mapreduce.jl","200","_mapreduce_block!","Tuple{Int64, Int64, Int64}","57","1824","0.01"
"chemistry_like","DMRG2","pairs","operator preparation","/mnt/home/ldevos/Projects/MPSKit.jl/ld-envs/src/algorithms/derivatives/hamiltonian_derivatives.jl","669","_contract_O_GR","/mnt/home/ldevos/.julia/packages/Strided/yVKLF/src/mapreduce.jl","200","_mapreduce_block!","Tuple{NTuple{5, Int64}, NTuple{5, Int64}}","19","1824","0.01"
"chemistry_like","DMRG2","pairs","operator preparation","/mnt/home/ldevos/Projects/MPSKit.jl/ld-envs/src/algorithms/derivatives/hamiltonian_derivatives.jl","764","prepare_right_AC2","/mnt/home/ldevos/.julia/packages/TensorKit/SLHMM/src/auxiliary/auxiliary.jl","110","taskforeach","ReentrantLock","28","1792","0.01"
"chemistry_like","DMRG2","pairs","environment transfers","/mnt/home/ldevos/Projects/MPSKit.jl/ld-envs/src/transfermatrix/transfer.jl","133","#transfer_right#319","/mnt/home/ldevos/.julia/packages/TensorKit/SLHMM/src/auxiliary/auxiliary.jl","110","taskforeach","Base.Threads.SpinLock","111","1776","0.01"
"chemistry_like","DMRG2","pairs","operator preparation","/mnt/home/ldevos/Projects/MPSKit.jl/ld-envs/src/algorithms/derivatives/hamiltonian_derivatives.jl","684","left_AC_ingredients","/mnt/home/ldevos/.julia/packages/TimerOutputs/0Wski/src/macros.jl","257","macro expansion","TensorKit.var""#sectorstructure##12#sectorstructure##13""{TensorKit.Hashed{TensorKit.TensorMapSpace{TensorKit.GradedSpace{TensorKitSectors.PlanarTrivial, Tuple{Int64}}, 2, 2}, typeof(TensorKit.sectorhash), typeof(TensorKit.sectorequal)}}","22","1760","0.01"
"chemistry_like","DMRG2","pairs","operator preparation","/mnt/home/ldevos/Projects/MPSKit.jl/ld-envs/src/algorithms/derivatives/hamiltonian_derivatives.jl","669","_contract_O_GR","/mnt/home/ldevos/.julia/packages/LRUCache/ZH7qB/src/LRUCache.jl","110","_unsafe_haskey","TensorKit.Hashed{TensorKit.TensorMapSpace{TensorKit.GradedSpace{TensorKitSectors.PlanarTrivial, Tuple{Int64}}, 3, 1}, typeof(TensorKit.sectorhash), typeof(TensorKit.sectorequal)}","22","1760","0.01"
"chemistry_like","DMRG2","pairs","environment transfers","/mnt/home/ldevos/Projects/MPSKit.jl/ld-envs/src/transfermatrix/transfer.jl","133","#transfer_right#319","/mnt/home/ldevos/.julia/packages/TensorOperations/i1lNc/src/implementation/allocator.jl","453","tensoralloc","Memory{Float64}","18","1752","0.01"
"chemistry_like","DMRG2","pairs","operator preparation","/mnt/home/ldevos/Projects/MPSKit.jl/ld-envs/src/algorithms/derivatives/hamiltonian_derivatives.jl","665","_contract_GL_O","/mnt/home/ldevos/.julia/packages/Strided/yVKLF/src/mapreduce.jl","200","_mapreduce_block!","Tuple{NTuple{5, Int64}, NTuple{5, Int64}}","18","1728","0.01"
"chemistry_like","DMRG2","pairs","operator preparation","/mnt/home/ldevos/Projects/MPSKit.jl/ld-envs/src/algorithms/derivatives/hamiltonian_derivatives.jl","669","_contract_O_GR","/mnt/home/ldevos/.julia/packages/LRUCache/ZH7qB/src/LRUCache.jl","189","_unsafe_getindex","TensorKit.Hashed{TensorKit.TensorMapSpace{TensorKit.GradedSpace{TensorKitSectors.PlanarTrivial, Tuple{Int64}}, 3, 2}, typeof(TensorKit.sectorhash), typeof(TensorKit.sectorequal)}","18","1728","0.01"
"chemistry_like","DMRG2","pairs","operator preparation","/mnt/home/ldevos/Projects/MPSKit.jl/ld-envs/src/algorithms/derivatives/hamiltonian_derivatives.jl","732","prepare_left_AC2","/mnt/home/ldevos/.julia/packages/Strided/yVKLF/src/mapreduce.jl","200","_mapreduce_block!","Tuple{Tuple{Int64, Int64, Int64}, Tuple{Int64, Int64, Int64}}","27","1728","0.01"
"chemistry_like","DMRG2","pairs","operator preparation","/mnt/home/ldevos/Projects/MPSKit.jl/ld-envs/src/algorithms/derivatives/hamiltonian_derivatives.jl","732","prepare_left_AC2","/mnt/home/ldevos/.julia/packages/BlockTensorKit/Kw0jL/src/auxiliary/sparsetensorarray.jl","87","setindex!","Memory{TensorKit.TensorMap{Float64, TensorKit.GradedSpace{TensorKitSectors.PlanarTrivial, Tuple{Int64}}, 3, 3, Vector{Float64}}}","1","1680","0.01"
"chemistry_like","DMRG2","pairs","operator preparation","/mnt/home/ldevos/Projects/MPSKit.jl/ld-envs/src/algorithms/derivatives/hamiltonian_derivatives.jl","665","_contract_GL_O","/mnt/home/ldevos/.julia/packages/LRUCache/ZH7qB/src/LRUCache.jl","189","_unsafe_getindex","TensorKit.Hashed{TensorKit.TensorMapSpace{TensorKit.GradedSpace{TensorKitSectors.PlanarTrivial, Tuple{Int64}}, 2, 1}, typeof(TensorKit.sectorhash), typeof(TensorKit.sectorequal)}","26","1664","0.01"
"chemistry_like","DMRG2","pairs","operator preparation","/mnt/home/ldevos/Projects/MPSKit.jl/ld-envs/src/algorithms/derivatives/hamiltonian_derivatives.jl","669","_contract_O_GR","/mnt/home/ldevos/.julia/packages/LRUCache/ZH7qB/src/LRUCache.jl","189","_unsafe_getindex","TensorKit.DegeneracyStructure{4}","69","1656","0.01"
"chemistry_like","DMRG2","pairs","operator preparation","/mnt/home/ldevos/Projects/MPSKit.jl/ld-envs/src/algorithms/derivatives/hamiltonian_derivatives.jl","669","_contract_O_GR","/mnt/home/ldevos/.julia/packages/LRUCache/ZH7qB/src/LRUCache.jl","189","_unsafe_getindex","TensorKit.DegeneracyStructure{5}","69","1656","0.01"
"chemistry_like","DMRG2","pairs","operator preparation","/mnt/home/ldevos/Projects/MPSKit.jl/ld-envs/src/algorithms/derivatives/hamiltonian_derivatives.jl","684","left_AC_ingredients","/mnt/home/ldevos/.julia/packages/LRUCache/ZH7qB/src/LRUCache.jl","189","_unsafe_getindex","TensorKit.DegeneracyStructure{3}","68","1632","0.01"
"chemistry_like","DMRG2","pairs","operator preparation","/mnt/home/ldevos/Projects/MPSKit.jl/ld-envs/src/algorithms/derivatives/hamiltonian_derivatives.jl","764","prepare_right_AC2","/mnt/home/ldevos/.julia/packages/LRUCache/ZH7qB/src/LRUCache.jl","159","get!","Vector{Tuple{Any, Any}}","51","1632","0.01"
"chemistry_like","DMRG2","pairs","operator preparation","/mnt/home/ldevos/Projects/MPSKit.jl/ld-envs/src/algorithms/derivatives/hamiltonian_derivatives.jl","732","prepare_left_AC2","/mnt/home/ldevos/.julia/packages/LRUCache/ZH7qB/src/LRUCache.jl","110","_unsafe_haskey","TensorKit.Hashed{TensorKit.TensorMapSpace{TensorKit.GradedSpace{TensorKitSectors.PlanarTrivial, Tuple{Int64}}, 1, 2}, typeof(TensorKit.sectorhash), typeof(TensorKit.sectorequal)}","25","1600","0.01"
"chemistry_like","DMRG2","pairs","operator preparation","/mnt/home/ldevos/Projects/MPSKit.jl/ld-envs/src/algorithms/derivatives/hamiltonian_derivatives.jl","669","_contract_O_GR","/mnt/home/ldevos/.julia/packages/Strided/yVKLF/src/mapreduce.jl","200","_mapreduce_block!","Tuple{Int64, Int64, Int64}","50","1600","0.01"
"chemistry_like","DMRG2","pairs","operator preparation","/mnt/home/ldevos/Projects/MPSKit.jl/ld-envs/src/algorithms/derivatives/hamiltonian_derivatives.jl","732","prepare_left_AC2","/mnt/home/ldevos/.julia/packages/Strided/yVKLF/src/mapreduce.jl","200","_mapreduce_block!","Tuple{Int64, Int64}","50","1600","0.01"
"chemistry_like","DMRG2","pairs","environment transfers","/mnt/home/ldevos/Projects/MPSKit.jl/ld-envs/src/transfermatrix/transfer.jl","133","#transfer_right#319","/mnt/home/ldevos/.julia/packages/TensorKit/SLHMM/src/tensors/tensor.jl","98","TensorMap","Vector{Float64}","50","1600","0.01"
"chemistry_like","DMRG2","pairs","environment transfers","/mnt/home/ldevos/Projects/MPSKit.jl/ld-envs/src/transfermatrix/transfer.jl","133","#transfer_right#319","/mnt/home/ldevos/.julia/packages/LRUCache/ZH7qB/src/LRUCache.jl","189","_unsafe_getindex","TensorKit.Hashed{TensorKit.TensorMapSpace{TensorKit.GradedSpace{TensorKitSectors.PlanarTrivial, Tuple{Int64}}, 1, 2}, typeof(TensorKit.sectorhash), typeof(TensorKit.sectorequal)}","25","1600","0.01"
"chemistry_like","DMRG2","pairs","environment transfers","/mnt/home/ldevos/Projects/MPSKit.jl/ld-envs/src/transfermatrix/transfer.jl","130","#transfer_left#318","/mnt/home/ldevos/.julia/packages/TensorKit/SLHMM/src/auxiliary/auxiliary.jl","110","taskforeach","InvalidStateException","49","1568","0.01"
"chemistry_like","DMRG2","pairs","operator preparation","/mnt/home/ldevos/Projects/MPSKit.jl/ld-envs/src/algorithms/derivatives/mpo_derivatives.jl","238","_fuse_env","/mnt/home/ldevos/.julia/packages/Strided/yVKLF/src/mapreduce.jl","200","_mapreduce_block!","Tuple{Int64, Int64}","49","1568","0.01"
"chemistry_like","DMRG2","pairs","operator preparation","/mnt/home/ldevos/Projects/MPSKit.jl/ld-envs/src/algorithms/derivatives/hamiltonian_derivatives.jl","732","prepare_left_AC2","/mnt/home/ldevos/.julia/packages/TensorOperations/i1lNc/src/implementation/strided.jl","145","stridedtensoradd!","TensorOperations.Scaler{Float64}","97","1552","0.01"
"chemistry_like","DMRG2","pairs","operator preparation","/mnt/home/ldevos/Projects/MPSKit.jl/ld-envs/src/algorithms/derivatives/hamiltonian_derivatives.jl","669","_contract_O_GR","/mnt/home/ldevos/.julia/packages/TensorKit/SLHMM/src/tensors/indexmanipulations.jl","660","add_transform_kernel!","TensorKit.var""#add_transform_kernel!##0#add_transform_kernel!##1""{TensorKit.StridedSubblocks{Memory{Float64}, 5}, TensorKit.StridedSubblocks{Memory{Float64}, 5}, Tuple{NTuple{5, Int64}, Tuple{}}, Bool, VectorInterface.One, VectorInterface.Zero, TensorOperations.DefaultBackend, TensorOperations.BufferAllocator{Memory{UInt8}}}","16","1536","0.01"
"chemistry_like","DMRG2","pairs","operator preparation","/mnt/home/ldevos/Projects/MPSKit.jl/ld-envs/src/algorithms/derivatives/hamiltonian_derivatives.jl","665","_contract_GL_O","/mnt/home/ldevos/.julia/packages/TensorOperations/i1lNc/src/implementation/allocator.jl","420","unsafe_buffer_wrap","Memory{Float64}","64","1536","0.01"
"chemistry_like","DMRG2","pairs","operator preparation","/mnt/home/ldevos/Projects/MPSKit.jl/ld-envs/src/algorithms/derivatives/hamiltonian_derivatives.jl","684","left_AC_ingredients","/mnt/home/ldevos/.julia/packages/TensorKit/SLHMM/src/tensors/indexmanipulations.jl","660","add_transform_kernel!","TensorKit.var""#add_transform_kernel!##0#add_transform_kernel!##1""{TensorKit.StridedSubblocks{Memory{Float64}, 3}, TensorKit.StridedSubblocks{Memory{Float64}, 3}, Tuple{Tuple{Int64, Int64, Int64}, Tuple{}}, Bool, VectorInterface.One, VectorInterface.One, TensorOperations.DefaultBackend, TensorOperations.BufferAllocator{Memory{UInt8}}}","19","1520","0.01"
"chemistry_like","DMRG2","pairs","environment transfers","/mnt/home/ldevos/Projects/MPSKit.jl/ld-envs/src/transfermatrix/transfer.jl","133","#transfer_right#319","/mnt/home/ldevos/.julia/packages/TensorOperations/i1lNc/src/implementation/strided.jl","143","stridedtensoradd!","TensorOperations.Scaler{Float64}","95","1520","0.01"
"chemistry_like","DMRG2","pairs","operator preparation","/mnt/home/ldevos/Projects/MPSKit.jl/ld-envs/src/algorithms/derivatives/hamiltonian_derivatives.jl","684","left_AC_ingredients","/mnt/home/ldevos/.julia/packages/TensorKit/SLHMM/src/auxiliary/auxiliary.jl","110","taskforeach","Vector{Any}","47","1504","0.01"
"chemistry_like","DMRG2","pairs","operator preparation","/mnt/home/ldevos/Projects/MPSKit.jl/ld-envs/src/algorithms/derivatives/hamiltonian_derivatives.jl","669","_contract_O_GR","/mnt/home/ldevos/.julia/packages/Strided/yVKLF/src/mapreduce.jl","200","_mapreduce_block!","Tuple{Tuple{Int64, Int64, Int64}, Tuple{Int64, Int64, Int64}}","23","1472","0.01"
"chemistry_like","DMRG2","pairs","operator preparation","/mnt/home/ldevos/Projects/MPSKit.jl/ld-envs/src/algorithms/derivatives/hamiltonian_derivatives.jl","669","_contract_O_GR","/mnt/home/ldevos/.julia/packages/LRUCache/ZH7qB/src/LRUCache.jl","189","_unsafe_getindex","TensorKit.DegeneracyStructure{3}","61","1464","0.01"
"chemistry_like","DMRG2","pairs","operator preparation","/mnt/home/ldevos/Projects/MPSKit.jl/ld-envs/src/algorithms/derivatives/hamiltonian_derivatives.jl","732","prepare_left_AC2","/mnt/home/ldevos/.julia/packages/TensorKit/SLHMM/src/auxiliary/auxiliary.jl","110","taskforeach","Vector{Any}","45","1440","0.01"
"chemistry_like","DMRG2","pairs","operator preparation","/mnt/home/ldevos/Projects/MPSKit.jl/ld-envs/src/algorithms/derivatives/hamiltonian_derivatives.jl","665","_contract_GL_O","/mnt/home/ldevos/.julia/packages/LRUCache/ZH7qB/src/LRUCache.jl","189","_unsafe_getindex","TensorKit.DegeneracyStructure{4}","60","1440","0.01"
"chemistry_like","DMRG2","pairs","operator preparation","/mnt/home/ldevos/Projects/MPSKit.jl/ld-envs/src/algorithms/derivatives/hamiltonian_derivatives.jl","732","prepare_left_AC2","/mnt/home/ldevos/.julia/packages/Strided/yVKLF/src/mapreduce.jl","200","_mapreduce_block!","Tuple{Int64, Int64, Int64}","45","1440","0.01"
"chemistry_like","DMRG2","pairs","operator preparation","/mnt/home/ldevos/Projects/MPSKit.jl/ld-envs/src/algorithms/derivatives/hamiltonian_derivatives.jl","732","prepare_left_AC2","/mnt/home/ldevos/.julia/packages/TensorKit/SLHMM/src/auxiliary/auxiliary.jl","110","taskforeach","InvalidStateException","45","1440","0.01"
"chemistry_like","DMRG2","pairs","operator preparation","/mnt/home/ldevos/Projects/MPSKit.jl/ld-envs/src/algorithms/derivatives/hamiltonian_derivatives.jl","665","_contract_GL_O","/mnt/home/ldevos/.julia/packages/TensorKit/SLHMM/src/tensors/indexmanipulations.jl","660","add_transform_kernel!","TensorKit.var""#add_transform_kernel!##0#add_transform_kernel!##1""{TensorKit.StridedSubblocks{Memory{Float64}, 3}, TensorKit.StridedSubblocks{Memory{Float64}, 3}, Tuple{Tuple{Int64, Int64, Int64}, Tuple{}}, Bool, VectorInterface.One, VectorInterface.Zero, TensorOperations.DefaultBackend, TensorOperations.BufferAllocator{Memory{UInt8}}}","18","1440","0.01"
"chemistry_like","DMRG2","pairs","environment transfers","/mnt/home/ldevos/Projects/MPSKit.jl/ld-envs/src/transfermatrix/transfer.jl","130","#transfer_left#318","/mnt/home/ldevos/.julia/packages/Strided/yVKLF/src/mapreduce.jl","200","_mapreduce_block!","StridedViews.StridedView{Float64, 3, Memory{Float64}, typeof(identity)}","18","1440","0.01"
"chemistry_like","DMRG2","pairs","environment transfers","/mnt/home/ldevos/Projects/MPSKit.jl/ld-envs/src/transfermatrix/transfer.jl","133","#transfer_right#319","/mnt/home/ldevos/.julia/packages/TensorKit/SLHMM/src/tensors/indexmanipulations.jl","660","add_transform_kernel!","TensorKit.var""#add_transform_kernel!##0#add_transform_kernel!##1""{TensorKit.StridedSubblocks{Memory{Float64}, 3}, TensorKit.StridedSubblocks{Memory{Float64}, 3}, Tuple{Tuple{Int64, Int64, Int64}, Tuple{}}, Bool, VectorInterface.One, VectorInterface.Zero, TensorOperations.DefaultBackend, TensorOperations.BufferAllocator{Memory{UInt8}}}","18","1440","0.01"
"chemistry_like","DMRG2","pairs","operator preparation","/mnt/home/ldevos/Projects/MPSKit.jl/ld-envs/src/algorithms/derivatives/hamiltonian_derivatives.jl","732","prepare_left_AC2","/mnt/home/ldevos/.julia/packages/TensorKit/SLHMM/src/tensors/tensor.jl","98","TensorMap","Vector{Float64}","45","1440","0.01"
"chemistry_like","DMRG2","pairs","operator preparation","/mnt/home/ldevos/Projects/MPSKit.jl/ld-envs/src/algorithms/derivatives/hamiltonian_derivatives.jl","716","#right_AC_ingredients#558","/mnt/home/ldevos/.julia/packages/BlockTensorKit/Kw0jL/src/auxiliary/sparsetensorarray.jl","87","setindex!","Memory{TensorKit.TensorMap{Float64, TensorKit.GradedSpace{TensorKitSectors.PlanarTrivial, Tuple{Int64}}, 2, 3, Vector{Float64}}}","1","1424","0.01"
"chemistry_like","DMRG2","pairs","operator preparation","/mnt/home/ldevos/Projects/MPSKit.jl/ld-envs/src/algorithms/derivatives/hamiltonian_derivatives.jl","665","_contract_GL_O","/mnt/home/ldevos/.julia/packages/Strided/yVKLF/src/mapreduce.jl","200","_mapreduce_block!","Tuple{Tuple{Int64, Int64, Int64}, Tuple{Int64, Int64, Int64}}","22","1408","0.01"
"chemistry_like","DMRG2","pairs","operator preparation","/mnt/home/ldevos/Projects/MPSKit.jl/ld-envs/src/algorithms/derivatives/hamiltonian_derivatives.jl","669","_contract_O_GR","/mnt/home/ldevos/.julia/packages/TensorOperations/i1lNc/src/implementation/allocator.jl","420","unsafe_buffer_wrap","Memory{Float64}","58","1392","0.01"
"chemistry_like","DMRG2","pairs","environment transfers","/mnt/home/ldevos/Projects/MPSKit.jl/ld-envs/src/transfermatrix/transfer.jl","130","#transfer_left#318","/mnt/home/ldevos/.julia/packages/TensorKit/SLHMM/src/auxiliary/auxiliary.jl","110","taskforeach","Vector{Any}","43","1376","0.01"
"chemistry_like","DMRG2","pairs","operator preparation","/mnt/home/ldevos/Projects/MPSKit.jl/ld-envs/src/algorithms/derivatives/hamiltonian_derivatives.jl","665","_contract_GL_O","/mnt/home/ldevos/.julia/packages/TensorOperations/i1lNc/src/implementation/allocator.jl","420","unsafe_buffer_wrap","Vector{Float64}","56","1344","0.01"
"chemistry_like","DMRG2","pairs","operator preparation","/mnt/home/ldevos/Projects/MPSKit.jl/ld-envs/src/algorithms/derivatives/hamiltonian_derivatives.jl","669","_contract_O_GR","/mnt/home/ldevos/.julia/packages/Strided/yVKLF/src/mapreduce.jl","200","_mapreduce_block!","StridedViews.StridedView{Float64, 5, Memory{Float64}, typeof(identity)}","12","1344","0.01"
"chemistry_like","DMRG2","pairs","operator preparation","/mnt/home/ldevos/Projects/MPSKit.jl/ld-envs/src/algorithms/derivatives/hamiltonian_derivatives.jl","706","#right_AC_ingredients#558","/mnt/home/ldevos/.julia/packages/Strided/yVKLF/src/mapreduce.jl","200","_mapreduce_block!","Tuple{Tuple{Int64, Int64, Int64}, Tuple{Int64, Int64, Int64}}","21","1344","0.01"
"chemistry_like","DMRG2","pairs","operator preparation","/mnt/home/ldevos/Projects/MPSKit.jl/ld-envs/src/algorithms/derivatives/hamiltonian_derivatives.jl","764","prepare_right_AC2","/mnt/home/ldevos/.julia/packages/Strided/yVKLF/src/mapreduce.jl","200","_mapreduce_block!","Tuple{NTuple{5, Int64}, NTuple{5, Int64}}","14","1344","0.01"
"chemistry_like","DMRG2","pairs","environment transfers","/mnt/home/ldevos/Projects/MPSKit.jl/ld-envs/src/transfermatrix/transfer.jl","133","#transfer_right#319","/mnt/home/ldevos/.julia/packages/LRUCache/ZH7qB/src/LRUCache.jl","189","_unsafe_getindex","TensorKit.SectorStructure{TensorKitSectors.PlanarTrivial, Tuple{TensorKit.FusionTree{TensorKitSectors.PlanarTrivial, 2, 0, 1}, TensorKit.FusionTree{TensorKitSectors.PlanarTrivial, 1, 0, 0}}}","83","1328","0.01"
"chemistry_like","DMRG2","pairs","operator preparation","/mnt/home/ldevos/Projects/MPSKit.jl/ld-envs/src/algorithms/derivatives/hamiltonian_derivatives.jl","669","_contract_O_GR","/mnt/home/ldevos/.julia/packages/TensorKit/SLHMM/src/auxiliary/auxiliary.jl","110","taskforeach","Base.Threads.SpinLock","82","1312","0.01"
"chemistry_like","DMRG2","pairs","environment transfers","/mnt/home/ldevos/Projects/MPSKit.jl/ld-envs/src/transfermatrix/transfer.jl","133","#transfer_right#319","/mnt/home/ldevos/.julia/packages/TensorOperations/i1lNc/src/implementation/strided.jl","145","stridedtensoradd!","TensorOperations.Scaler{Float64}","81","1296","0.01"
"chemistry_like","DMRG2","pairs","operator preparation","/mnt/home/ldevos/Projects/MPSKit.jl/ld-envs/src/algorithms/derivatives/hamiltonian_derivatives.jl","684","left_AC_ingredients","/mnt/home/ldevos/.julia/packages/TimerOutputs/0Wski/src/macros.jl","257","macro expansion","TensorKit.Hashed{TensorKit.TensorMapSpace{TensorKit.GradedSpace{TensorKitSectors.PlanarTrivial, Tuple{Int64}}, 2, 2}, typeof(TensorKit.sectorhash), typeof(TensorKit.sectorequal)}","16","1280","0.01"
"chemistry_like","DMRG2","pairs","operator preparation","/mnt/home/ldevos/Projects/MPSKit.jl/ld-envs/src/algorithms/derivatives/hamiltonian_derivatives.jl","669","_contract_O_GR","/mnt/home/ldevos/.julia/packages/TensorKit/SLHMM/src/auxiliary/auxiliary.jl","109","taskforeach","Base.Threads.Atomic{Int64}","79","1264","0.01"
"chemistry_like","DMRG2","pairs","operator preparation","/mnt/home/ldevos/Projects/MPSKit.jl/ld-envs/src/algorithms/derivatives/hamiltonian_derivatives.jl","665","_contract_GL_O","/mnt/home/ldevos/.julia/packages/TensorKit/SLHMM/src/tensors/tensor.jl","98","TensorMap","Memory{Float64}","26","1248","0.01"
"chemistry_like","DMRG2","pairs","environment transfers","/mnt/home/ldevos/Projects/MPSKit.jl/ld-envs/src/transfermatrix/transfer.jl","130","#transfer_left#318","/mnt/home/ldevos/.julia/packages/Strided/yVKLF/src/mapreduce.jl","200","_mapreduce_block!","Tuple{Int64, Int64}","39","1248","0.01"
"chemistry_like","DMRG2","pairs","environment transfers","/mnt/home/ldevos/Projects/MPSKit.jl/ld-envs/src/transfermatrix/transfer.jl","133","#transfer_right#319","/mnt/home/ldevos/.julia/packages/Strided/yVKLF/src/mapreduce.jl","200","_mapreduce_block!","Tuple{Int64, Int64, Int64}","39","1248","0.01"
"chemistry_like","DMRG2","pairs","operator preparation","/mnt/home/ldevos/Projects/MPSKit.jl/ld-envs/src/algorithms/derivatives/hamiltonian_derivatives.jl","665","_contract_GL_O","/mnt/home/ldevos/.julia/packages/TensorKit/SLHMM/src/auxiliary/auxiliary.jl","110","taskforeach","Base.Threads.SpinLock","77","1232","0.01"
"chemistry_like","DMRG2","pairs","operator preparation","/mnt/home/ldevos/Projects/MPSKit.jl/ld-envs/src/algorithms/derivatives/hamiltonian_derivatives.jl","732","prepare_left_AC2","/mnt/home/ldevos/.julia/packages/LRUCache/ZH7qB/src/LRUCache.jl","189","_unsafe_getindex","TensorKit.Hashed{TensorKit.TensorMapSpace{TensorKit.GradedSpace{TensorKitSectors.PlanarTrivial, Tuple{Int64}}, 1, 2}, typeof(TensorKit.sectorhash), typeof(TensorKit.sectorequal)}","19","1216","0.01"
"chemistry_like","DMRG2","pairs","environment transfers","/mnt/home/ldevos/Projects/MPSKit.jl/ld-envs/src/transfermatrix/transfer.jl","130","#transfer_left#318","/mnt/home/ldevos/.julia/packages/Strided/yVKLF/src/mapreduce.jl","200","_mapreduce_block!","Tuple{Int64, Int64, Int64}","38","1216","0.01"
"chemistry_like","DMRG2","pairs","environment transfers","/mnt/home/ldevos/Projects/MPSKit.jl/ld-envs/src/transfermatrix/transfer.jl","130","#transfer_left#318","/mnt/home/ldevos/.julia/packages/Strided/yVKLF/src/mapreduce.jl","200","_mapreduce_block!","Tuple{Tuple{Int64, Int64, Int64}, Tuple{Int64, Int64, Int64}}","19","1216","0.01"
"chemistry_like","DMRG2","pairs","operator preparation","/mnt/home/ldevos/Projects/MPSKit.jl/ld-envs/src/algorithms/derivatives/hamiltonian_derivatives.jl","684","left_AC_ingredients","/mnt/home/ldevos/.julia/packages/LRUCache/ZH7qB/src/LRUCache.jl","110","_unsafe_haskey","TensorKit.Hashed{TensorKit.TensorMapSpace{TensorKit.GradedSpace{TensorKitSectors.PlanarTrivial, Tuple{Int64}}, 1, 2}, typeof(TensorKit.sectorhash), typeof(TensorKit.sectorequal)}","19","1216","0.01"
"chemistry_like","DMRG2","pairs","operator preparation","/mnt/home/ldevos/Projects/MPSKit.jl/ld-envs/src/algorithms/derivatives/mpo_derivatives.jl","238","_fuse_env","/mnt/home/ldevos/.julia/packages/LRUCache/ZH7qB/src/LRUCache.jl","110","_unsafe_haskey","TensorKit.Hashed{TensorKit.TensorMapSpace{TensorKit.GradedSpace{TensorKitSectors.PlanarTrivial, Tuple{Int64}}, 2, 3}, typeof(TensorKit.sectorhash), typeof(TensorKit.sectorequal)}","12","1152","0.01"
"chemistry_like","DMRG2","pairs","operator preparation","/mnt/home/ldevos/Projects/MPSKit.jl/ld-envs/src/algorithms/derivatives/hamiltonian_derivatives.jl","684","left_AC_ingredients","/mnt/home/ldevos/.julia/packages/LRUCache/ZH7qB/src/LRUCache.jl","110","_unsafe_haskey","TensorKit.Hashed{TensorKit.TensorMapSpace{TensorKit.GradedSpace{TensorKitSectors.PlanarTrivial, Tuple{Int64}}, 2, 1}, typeof(TensorKit.sectorhash), typeof(TensorKit.sectorequal)}","18","1152","0.01"
"chemistry_like","DMRG2","pairs","operator preparation","/mnt/home/ldevos/Projects/MPSKit.jl/ld-envs/src/algorithms/derivatives/mpo_derivatives.jl","238","_fuse_env","/mnt/home/ldevos/.julia/packages/LRUCache/ZH7qB/src/LRUCache.jl","189","_unsafe_getindex","TensorKit.Hashed{TensorKit.TensorMapSpace{TensorKit.GradedSpace{TensorKitSectors.PlanarTrivial, Tuple{Int64}}, 2, 3}, typeof(TensorKit.sectorhash), typeof(TensorKit.sectorequal)}","12","1152","0.01"
"chemistry_like","DMRG2","pairs","operator preparation","/mnt/home/ldevos/Projects/MPSKit.jl/ld-envs/src/algorithms/derivatives/hamiltonian_derivatives.jl","665","_contract_GL_O","/mnt/home/ldevos/.julia/packages/LRUCache/ZH7qB/src/LRUCache.jl","189","_unsafe_getindex","TensorKit.DegeneracyStructure{3}","47","1128","0.01"
"chemistry_like","DMRG2","pairs","operator preparation","/mnt/home/ldevos/Projects/MPSKit.jl/ld-envs/src/algorithms/derivatives/hamiltonian_derivatives.jl","665","_contract_GL_O","/mnt/home/ldevos/.julia/packages/TensorKit/SLHMM/src/auxiliary/auxiliary.jl","109","taskforeach","Base.Threads.Atomic{Int64}","70","1120","0.01"
"chemistry_like","DMRG2","pairs","operator preparation","/mnt/home/ldevos/Projects/MPSKit.jl/ld-envs/src/algorithms/derivatives/hamiltonian_derivatives.jl","684","left_AC_ingredients","/mnt/home/ldevos/.julia/packages/TensorKit/SLHMM/src/tensors/indexmanipulations.jl","660","add_transform_kernel!","TensorKit.var""#add_transform_kernel!##0#add_transform_kernel!##1""{TensorKit.StridedSubblocks{Memory{Float64}, 3}, TensorKit.StridedSubblocks{Memory{Float64}, 3}, Tuple{Tuple{Int64, Int64, Int64}, Tuple{}}, Bool, VectorInterface.One, VectorInterface.Zero, TensorOperations.DefaultBackend, TensorOperations.BufferAllocator{Memory{UInt8}}}","14","1120","0.01"
"chemistry_like","DMRG2","pairs","operator preparation","/mnt/home/ldevos/Projects/MPSKit.jl/ld-envs/src/algorithms/derivatives/hamiltonian_derivatives.jl","665","_contract_GL_O","/mnt/home/ldevos/.julia/packages/Strided/yVKLF/src/mapreduce.jl","200","_mapreduce_block!","Tuple{Int64, Int64, Int64}","35","1120","0.01"
"chemistry_like","DMRG2","pairs","operator preparation","/mnt/home/ldevos/Projects/MPSKit.jl/ld-envs/src/algorithms/derivatives/hamiltonian_derivatives.jl","732","prepare_left_AC2","/mnt/home/ldevos/.julia/packages/LRUCache/ZH7qB/src/LRUCache.jl","189","_unsafe_getindex","TensorKit.DegeneracyStructure{5}","46","1104","0.01"
"chemistry_like","DMRG2","pairs","operator preparation","/mnt/home/ldevos/Projects/MPSKit.jl/ld-envs/src/algorithms/derivatives/hamiltonian_derivatives.jl","669","_contract_O_GR","/mnt/home/ldevos/.julia/packages/TensorKit/SLHMM/src/tensors/tensor.jl","98","TensorMap","Memory{Float64}","23","1104","0.01"
"chemistry_like","DMRG2","pairs","operator preparation","/mnt/home/ldevos/Projects/MPSKit.jl/ld-envs/src/algorithms/derivatives/mpo_derivatives.jl","238","_fuse_env","/mnt/home/ldevos/.julia/packages/LRUCache/ZH7qB/src/LRUCache.jl","189","_unsafe_getindex","TensorKit.DegeneracyStructure{5}","45","1080","0.01"
"chemistry_like","DMRG2","pairs","environment transfers","/mnt/home/ldevos/Projects/MPSKit.jl/ld-envs/src/transfermatrix/transfer.jl","133","#transfer_right#319","/mnt/home/ldevos/.julia/packages/TensorOperations/i1lNc/src/implementation/allocator.jl","453","tensoralloc","Vector{Float64}","33","1056","0.01"
"chemistry_like","DMRG2","pairs","operator preparation","/mnt/home/ldevos/Projects/MPSKit.jl/ld-envs/src/algorithms/derivatives/hamiltonian_derivatives.jl","703","#right_AC_ingredients#558","/mnt/home/ldevos/.julia/packages/LRUCache/ZH7qB/src/LRUCache.jl","189","_unsafe_getindex","TensorKit.DegeneracyStructure{3}","44","1056","0.01"
"chemistry_like","DMRG2","pairs","operator preparation","/mnt/home/ldevos/Projects/MPSKit.jl/ld-envs/src/algorithms/derivatives/hamiltonian_derivatives.jl","706","#right_AC_ingredients#558","/mnt/home/ldevos/.julia/packages/TensorKit/SLHMM/src/auxiliary/auxiliary.jl","110","taskforeach","InvalidStateException","33","1056","0.01"
"chemistry_like","DMRG2","pairs","operator preparation","/mnt/home/ldevos/Projects/MPSKit.jl/ld-envs/src/algorithms/derivatives/hamiltonian_derivatives.jl","751","prepare_left_AC2","/mnt/home/ldevos/.julia/packages/BlockTensorKit/Kw0jL/src/auxiliary/sparsetensorarray.jl","87","setindex!","Memory{UInt8}","1","1040","0.01"
"chemistry_like","DMRG2","pairs","operator preparation","/mnt/home/ldevos/Projects/MPSKit.jl/ld-envs/src/algorithms/derivatives/hamiltonian_derivatives.jl","684","left_AC_ingredients","/mnt/home/ldevos/.julia/packages/LRUCache/ZH7qB/src/LRUCache.jl","189","_unsafe_getindex","TensorKit.Hashed{TensorKit.TensorMapSpace{TensorKit.GradedSpace{TensorKitSectors.PlanarTrivial, Tuple{Int64}}, 2, 2}, typeof(TensorKit.sectorhash), typeof(TensorKit.sectorequal)}","13","1040","0.01"
"chemistry_like","DMRG2","pairs","operator preparation","/mnt/home/ldevos/Projects/MPSKit.jl/ld-envs/src/algorithms/derivatives/hamiltonian_derivatives.jl","684","left_AC_ingredients","/mnt/home/ldevos/.julia/packages/LRUCache/ZH7qB/src/LRUCache.jl","110","_unsafe_haskey","TensorKit.Hashed{TensorKit.TensorMapSpace{TensorKit.GradedSpace{TensorKitSectors.PlanarTrivial, Tuple{Int64}}, 2, 2}, typeof(TensorKit.sectorhash), typeof(TensorKit.sectorequal)}","13","1040","0.01"
"chemistry_like","DMRG2","pairs","environment transfers","/mnt/home/ldevos/Projects/MPSKit.jl/ld-envs/src/transfermatrix/transfer.jl","130","#transfer_left#318","/mnt/home/ldevos/.julia/packages/TensorOperations/i1lNc/src/implementation/strided.jl","143","stridedtensoradd!","TensorOperations.Scaler{Float64}","65","1040","0.01"
"chemistry_like","DMRG2","pairs","operator preparation","/mnt/home/ldevos/Projects/MPSKit.jl/ld-envs/src/algorithms/derivatives/hamiltonian_derivatives.jl","684","left_AC_ingredients","/mnt/home/ldevos/.julia/packages/LRUCache/ZH7qB/src/LRUCache.jl","189","_unsafe_getindex","TensorKit.Hashed{TensorKit.TensorMapSpace{TensorKit.GradedSpace{TensorKitSectors.PlanarTrivial, Tuple{Int64}}, 1, 2}, typeof(TensorKit.sectorhash), typeof(TensorKit.sectorequal)}","16","1024","0.01"
"chemistry_like","DMRG2","pairs","operator preparation","/mnt/home/ldevos/Projects/MPSKit.jl/ld-envs/src/algorithms/derivatives/hamiltonian_derivatives.jl","764","prepare_right_AC2","/mnt/home/ldevos/.julia/packages/Strided/yVKLF/src/mapreduce.jl","200","_mapreduce_block!","Tuple{Int64, Int64}","31","992","0.01"
"chemistry_like","DMRG2","pairs","operator preparation","/mnt/home/ldevos/Projects/MPSKit.jl/ld-envs/src/algorithms/derivatives/hamiltonian_derivatives.jl","684","left_AC_ingredients","/mnt/home/ldevos/.julia/packages/LRUCache/ZH7qB/src/LRUCache.jl","189","_unsafe_getindex","TensorKit.UniqueTreeTransformer{Int64, 3}","41","984","0.01"
"chemistry_like","DMRG2","pairs","environment transfers","/mnt/home/ldevos/Projects/MPSKit.jl/ld-envs/src/transfermatrix/transfer.jl","130","#transfer_left#318","/mnt/home/ldevos/.julia/packages/LRUCache/ZH7qB/src/LRUCache.jl","189","_unsafe_getindex","TensorKit.UniqueTreeTransformer{Int64, 4}","41","984","0.01"
"chemistry_like","DMRG2","pairs","environment transfers","/mnt/home/ldevos/Projects/MPSKit.jl/ld-envs/src/transfermatrix/transfer.jl","130","#transfer_left#318","/mnt/home/ldevos/.julia/packages/LRUCache/ZH7qB/src/LRUCache.jl","189","_unsafe_getindex","TensorKit.SectorStructure{TensorKitSectors.PlanarTrivial, Tuple{TensorKit.FusionTree{TensorKitSectors.PlanarTrivial, 2, 0, 1}, TensorKit.FusionTree{TensorKitSectors.PlanarTrivial, 1, 0, 0}}}","61","976","0.01"
"chemistry_like","DMRG2","pairs","environment transfers","/mnt/home/ldevos/Projects/MPSKit.jl/ld-envs/src/transfermatrix/transfer.jl","130","#transfer_left#318","/mnt/home/ldevos/.julia/packages/LRUCache/ZH7qB/src/LRUCache.jl","110","_unsafe_haskey","TensorKit.Hashed{TensorKit.TensorMapSpace{TensorKit.GradedSpace{TensorKitSectors.PlanarTrivial, Tuple{Int64}}, 1, 2}, typeof(TensorKit.sectorhash), typeof(TensorKit.sectorequal)}","15","960","0.01"
"chemistry_like","DMRG2","pairs","operator preparation","/mnt/home/ldevos/Projects/MPSKit.jl/ld-envs/src/algorithms/derivatives/hamiltonian_derivatives.jl","684","left_AC_ingredients","/mnt/home/ldevos/.julia/packages/LRUCache/ZH7qB/src/LRUCache.jl","189","_unsafe_getindex","TensorKit.Hashed{TensorKit.TensorMapSpace{TensorKit.GradedSpace{TensorKitSectors.PlanarTrivial, Tuple{Int64}}, 2, 1}, typeof(TensorKit.sectorhash), typeof(TensorKit.sectorequal)}","15","960","0.01"
"chemistry_like","DMRG2","pairs","operator preparation","/mnt/home/ldevos/Projects/MPSKit.jl/ld-envs/src/algorithms/derivatives/hamiltonian_derivatives.jl","684","left_AC_ingredients","/mnt/home/ldevos/.julia/packages/TensorKit/SLHMM/src/auxiliary/auxiliary.jl","110","taskforeach","InvalidStateException","30","960","0.01"
"chemistry_like","DMRG2","pairs","operator preparation","/mnt/home/ldevos/Projects/MPSKit.jl/ld-envs/src/algorithms/derivatives/mpo_derivatives.jl","238","_fuse_env","/mnt/home/ldevos/.julia/packages/LRUCache/ZH7qB/src/LRUCache.jl","110","_unsafe_haskey","TensorKit.TensorMapSpace{TensorKit.GradedSpace{TensorKitSectors.PlanarTrivial, Tuple{Int64}}, 3, 2}","10","960","0.01"
"chemistry_like","DMRG2","pairs","operator preparation","/mnt/home/ldevos/Projects/MPSKit.jl/ld-envs/src/algorithms/derivatives/hamiltonian_derivatives.jl","727","prepare_left_AC2","/mnt/home/ldevos/.julia/packages/TensorKit/SLHMM/src/tensors/tensor.jl","98","TensorMap","Vector{Float64}","30","960","0.01"
"chemistry_like","DMRG2","pairs","operator preparation","/mnt/home/ldevos/Projects/MPSKit.jl/ld-envs/src/algorithms/derivatives/hamiltonian_derivatives.jl","665","_contract_GL_O","/mnt/home/ldevos/.julia/packages/TensorOperations/i1lNc/src/implementation/strided.jl","145","stridedtensoradd!","TensorOperations.Scaler{Float64}","59","944","0.01"
"chemistry_like","DMRG2","pairs","operator preparation","/mnt/home/ldevos/Projects/MPSKit.jl/ld-envs/src/algorithms/derivatives/hamiltonian_derivatives.jl","669","_contract_O_GR","/mnt/home/ldevos/.julia/packages/TensorOperations/i1lNc/src/implementation/allocator.jl","420","unsafe_buffer_wrap","Vector{Float64}","39","936","0.01"
"chemistry_like","DMRG2","pairs","operator preparation","/mnt/home/ldevos/Projects/MPSKit.jl/ld-envs/src/algorithms/derivatives/hamiltonian_derivatives.jl","732","prepare_left_AC2","/mnt/home/ldevos/.julia/packages/LRUCache/ZH7qB/src/LRUCache.jl","189","_unsafe_getindex","TensorKit.DegeneracyStructure{3}","38","912","0.01"
"chemistry_like","DMRG2","pairs","operator preparation","/mnt/home/ldevos/Projects/MPSKit.jl/ld-envs/src/algorithms/derivatives/hamiltonian_derivatives.jl","684","left_AC_ingredients","/mnt/home/ldevos/.julia/packages/BlockTensorKit/Kw0jL/src/auxiliary/sparsetensorarray.jl","87","setindex!","Memory{TensorKit.TensorMap{Float64, TensorKit.GradedSpace{TensorKitSectors.PlanarTrivial, Tuple{Int64}}, 1, 2, Vector{Float64}}}","1","912","0.01"
"chemistry_like","DMRG2","pairs","operator preparation","/mnt/home/ldevos/Projects/MPSKit.jl/ld-envs/src/algorithms/derivatives/hamiltonian_derivatives.jl","669","_contract_O_GR","/mnt/home/ldevos/.julia/packages/TensorOperations/i1lNc/src/implementation/strided.jl","145","stridedtensoradd!","TensorOperations.Scaler{Float64}","57","912","0.01"
"chemistry_like","DMRG2","pairs","operator preparation","/mnt/home/ldevos/Projects/MPSKit.jl/ld-envs/src/algorithms/derivatives/hamiltonian_derivatives.jl","706","#right_AC_ingredients#558","/mnt/home/ldevos/.julia/packages/TensorKit/SLHMM/src/auxiliary/auxiliary.jl","110","taskforeach","Vector{Any}","28","896","0.01"
"chemistry_like","DMRG2","pairs","operator preparation","/mnt/home/ldevos/Projects/MPSKit.jl/ld-envs/src/algorithms/derivatives/hamiltonian_derivatives.jl","684","left_AC_ingredients","/mnt/home/ldevos/.julia/packages/Strided/yVKLF/src/mapreduce.jl","200","_mapreduce_block!","Tuple{Int64, Int64}","28","896","0.01"
"chemistry_like","DMRG2","pairs","operator preparation","/mnt/home/ldevos/Projects/MPSKit.jl/ld-envs/src/algorithms/derivatives/hamiltonian_derivatives.jl","665","_contract_GL_O","/mnt/home/ldevos/.julia/packages/TensorOperations/i1lNc/src/implementation/allocator.jl","453","tensoralloc","Vector{Float64}","28","896","0.01"
"chemistry_like","DMRG2","pairs","operator preparation","/mnt/home/ldevos/Projects/MPSKit.jl/ld-envs/src/algorithms/derivatives/hamiltonian_derivatives.jl","703","#right_AC_ingredients#558","/mnt/home/ldevos/.julia/packages/TensorKit/SLHMM/src/tensors/tensor.jl","98","TensorMap","Vector{Float64}","28","896","0.01"
"chemistry_like","DMRG2","pairs","environment transfers","/mnt/home/ldevos/Projects/MPSKit.jl/ld-envs/src/transfermatrix/transfer.jl","130","#transfer_left#318","/mnt/home/ldevos/.julia/packages/TensorKit/SLHMM/src/auxiliary/auxiliary.jl","109","taskforeach","Base.Threads.Atomic{Int64}","56","896","0.01"
"chemistry_like","DMRG2","pairs","environment transfers","/mnt/home/ldevos/Projects/MPSKit.jl/ld-envs/src/transfermatrix/transfer.jl","130","#transfer_left#318","/mnt/home/ldevos/.julia/packages/TensorKit/SLHMM/src/tensors/indexmanipulations.jl","660","add_transform_kernel!","TensorKit.var""#add_transform_kernel!##0#add_transform_kernel!##1""{TensorKit.StridedSubblocks{Memory{Float64}, 3}, TensorKit.StridedSubblocks{Memory{Float64}, 3}, Tuple{Tuple{Int64, Int64, Int64}, Tuple{}}, Bool, VectorInterface.One, VectorInterface.Zero, TensorOperations.DefaultBackend, TensorOperations.BufferAllocator{Memory{UInt8}}}","11","880","0.01"
"chemistry_like","DMRG2","pairs","operator preparation","/mnt/home/ldevos/Projects/MPSKit.jl/ld-envs/src/algorithms/derivatives/hamiltonian_derivatives.jl","732","prepare_left_AC2","/mnt/home/ldevos/.julia/packages/LRUCache/ZH7qB/src/LRUCache.jl","189","_unsafe_getindex","TensorKit.UniqueTreeTransformer{Int64, 5}","36","864","0.01"
"chemistry_like","DMRG2","pairs","operator preparation","/mnt/home/ldevos/Projects/MPSKit.jl/ld-envs/src/algorithms/derivatives/hamiltonian_derivatives.jl","684","left_AC_ingredients","/mnt/home/ldevos/.julia/packages/TensorKit/SLHMM/src/tensors/tensor.jl","98","TensorMap","Vector{Float64}","27","864","0.01"
"chemistry_like","DMRG2","pairs","operator preparation","/mnt/home/ldevos/Projects/MPSKit.jl/ld-envs/src/algorithms/derivatives/hamiltonian_derivatives.jl","665","_contract_GL_O","/mnt/home/ldevos/.julia/packages/TensorOperations/i1lNc/src/implementation/strided.jl","143","stridedtensoradd!","TensorOperations.Scaler{Float64}","53","848","0.01"
"chemistry_like","DMRG2","pairs","operator preparation","/mnt/home/ldevos/Projects/MPSKit.jl/ld-envs/src/algorithms/derivatives/hamiltonian_derivatives.jl","665","_contract_GL_O","/mnt/home/ldevos/.julia/packages/LRUCache/ZH7qB/src/LRUCache.jl","189","_unsafe_getindex","TensorKit.UniqueTreeTransformer{Int64, 4}","35","840","0.01"
"chemistry_like","DMRG2","pairs","environment transfers","/mnt/home/ldevos/Projects/MPSKit.jl/ld-envs/src/transfermatrix/transfer.jl","130","#transfer_left#318","/mnt/home/ldevos/.julia/packages/LRUCache/ZH7qB/src/LRUCache.jl","189","_unsafe_getindex","TensorKit.Hashed{TensorKit.TensorMapSpace{TensorKit.GradedSpace{TensorKitSectors.PlanarTrivial, Tuple{Int64}}, 1, 2}, typeof(TensorKit.sectorhash), typeof(TensorKit.sectorequal)}","13","832","0.01"
"chemistry_like","DMRG2","pairs","environment transfers","/mnt/home/ldevos/Projects/MPSKit.jl/ld-envs/src/transfermatrix/transfer.jl","130","#transfer_left#318","/mnt/home/ldevos/.julia/packages/TensorKit/SLHMM/src/auxiliary/auxiliary.jl","110","taskforeach","Base.Threads.SpinLock","52","832","0.01"
"chemistry_like","DMRG2","pairs","environment transfers","/mnt/home/ldevos/Projects/MPSKit.jl/ld-envs/src/transfermatrix/transfer.jl","130","#transfer_left#318","/mnt/home/ldevos/.julia/packages/TensorOperations/i1lNc/src/implementation/allocator.jl","453","tensoralloc","Vector{Float64}","26","832","0.01"
"chemistry_like","DMRG2","pairs","operator preparation","/mnt/home/ldevos/Projects/MPSKit.jl/ld-envs/src/algorithms/derivatives/hamiltonian_derivatives.jl","669","_contract_O_GR","/mnt/home/ldevos/.julia/packages/TensorOperations/i1lNc/src/implementation/strided.jl","143","stridedtensoradd!","TensorOperations.Scaler{Float64}","52","832","0.01"
"chemistry_like","DMRG2","pairs","operator preparation","/mnt/home/ldevos/Projects/MPSKit.jl/ld-envs/src/algorithms/derivatives/hamiltonian_derivatives.jl","665","_contract_GL_O","/mnt/home/ldevos/.julia/packages/LRUCache/ZH7qB/src/LRUCache.jl","189","_unsafe_getindex","TensorKit.UniqueTreeTransformer{Int64, 5}","34","816","0.01"
"chemistry_like","DMRG2","pairs","operator preparation","/mnt/home/ldevos/Projects/MPSKit.jl/ld-envs/src/algorithms/derivatives/hamiltonian_derivatives.jl","669","_contract_O_GR","/mnt/home/ldevos/.julia/packages/LRUCache/ZH7qB/src/LRUCache.jl","189","_unsafe_getindex","TensorKit.UniqueTreeTransformer{Int64, 4}","34","816","0.01"
"chemistry_like","DMRG2","pairs","operator preparation","/mnt/home/ldevos/Projects/MPSKit.jl/ld-envs/src/algorithms/derivatives/hamiltonian_derivatives.jl","764","prepare_right_AC2","/mnt/home/ldevos/.julia/packages/TensorOperations/i1lNc/src/implementation/strided.jl","145","stridedtensoradd!","TensorOperations.Scaler{Float64}","50","800","0.01"
"chemistry_like","DMRG2","pairs","operator preparation","/mnt/home/ldevos/Projects/MPSKit.jl/ld-envs/src/algorithms/derivatives/hamiltonian_derivatives.jl","732","prepare_left_AC2","/mnt/home/ldevos/.julia/packages/BlockTensorKit/Kw0jL/src/auxiliary/sparsetensorarray.jl","87","setindex!","Memory{CartesianIndex{6}}","1","784","0.01"
"chemistry_like","DMRG2","pairs","environment transfers","/mnt/home/ldevos/Projects/MPSKit.jl/ld-envs/src/transfermatrix/transfer.jl","133","#transfer_right#319","/mnt/home/ldevos/.julia/packages/LRUCache/ZH7qB/src/LRUCache.jl","189","_unsafe_getindex","TensorKit.UniqueTreeTransformer{Int64, 3}","32","768","0.01"
"chemistry_like","DMRG2","pairs","operator preparation","/mnt/home/ldevos/Projects/MPSKit.jl/ld-envs/src/algorithms/derivatives/hamiltonian_derivatives.jl","681","left_AC_ingredients","/mnt/home/ldevos/.julia/packages/LRUCache/ZH7qB/src/LRUCache.jl","159","get!","Vector{Tuple{Any, Any}}","24","768","0.01"
"chemistry_like","DMRG2","pairs","operator preparation","/mnt/home/ldevos/Projects/MPSKit.jl/ld-envs/src/algorithms/derivatives/hamiltonian_derivatives.jl","665","_contract_GL_O","/mnt/home/ldevos/.julia/packages/TensorKit/SLHMM/src/tensors/tensor.jl","98","TensorMap","Vector{Float64}","24","768","0.01"
"chemistry_like","DMRG2","pairs","operator preparation","/mnt/home/ldevos/Projects/MPSKit.jl/ld-envs/src/algorithms/derivatives/hamiltonian_derivatives.jl","706","#right_AC_ingredients#558","/mnt/home/ldevos/.julia/packages/Strided/yVKLF/src/mapreduce.jl","200","_mapreduce_block!","Tuple{Int64, Int64}","24","768","0.01"
"chemistry_like","DMRG2","pairs","eigensolve","/mnt/home/ldevos/Projects/MPSKit.jl/ld-envs/src/algorithms/fixedpoint.jl","16","fixedpoint","/mnt/home/ldevos/.julia/packages/KrylovKit/bEE7W/src/dense/linalg.jl","422","stegr!","Memory{Int64}","3","752","0.01"
"chemistry_like","DMRG2","pairs","operator preparation","/mnt/home/ldevos/Projects/MPSKit.jl/ld-envs/src/algorithms/derivatives/hamiltonian_derivatives.jl","732","prepare_left_AC2","/mnt/home/ldevos/.julia/packages/TensorKit/SLHMM/src/auxiliary/auxiliary.jl","109","taskforeach","Base.Threads.Atomic{Int64}","46","736","0.01"
"chemistry_like","DMRG2","pairs","operator preparation","/mnt/home/ldevos/Projects/MPSKit.jl/ld-envs/src/algorithms/derivatives/hamiltonian_derivatives.jl","764","prepare_right_AC2","/mnt/home/ldevos/.julia/packages/TensorKit/SLHMM/src/tensors/tensor.jl","98","TensorMap","Vector{Float64}","23","736","0.01"
"chemistry_like","DMRG2","pairs","operator preparation","/mnt/home/ldevos/Projects/MPSKit.jl/ld-envs/src/algorithms/derivatives/hamiltonian_derivatives.jl","732","prepare_left_AC2","/mnt/home/ldevos/.julia/packages/LRUCache/ZH7qB/src/LRUCache.jl","189","_unsafe_getindex","TensorKit.DegeneracyStructure{6}","30","720","0.01"
"chemistry_like","DMRG2","pairs","operator preparation","/mnt/home/ldevos/Projects/MPSKit.jl/ld-envs/src/algorithms/derivatives/hamiltonian_derivatives.jl","669","_contract_O_GR","/mnt/home/ldevos/.julia/packages/LRUCache/ZH7qB/src/LRUCache.jl","189","_unsafe_getindex","TensorKit.UniqueTreeTransformer{Int64, 3}","30","720","0.01"
"chemistry_like","DMRG2","pairs","operator preparation","/mnt/home/ldevos/Projects/MPSKit.jl/ld-envs/src/algorithms/derivatives/hamiltonian_derivatives.jl","732","prepare_left_AC2","/mnt/home/ldevos/.julia/packages/LRUCache/ZH7qB/src/LRUCache.jl","189","_unsafe_getindex","TensorKit.UniqueTreeTransformer{Int64, 3}","30","720","0.01"
"chemistry_like","DMRG2","pairs","operator preparation","/mnt/home/ldevos/Projects/MPSKit.jl/ld-envs/src/algorithms/derivatives/hamiltonian_derivatives.jl","732","prepare_left_AC2","/mnt/home/ldevos/.julia/packages/TensorKit/SLHMM/src/auxiliary/auxiliary.jl","110","taskforeach","Base.Threads.SpinLock","44","704","0.01"
"chemistry_like","DMRG2","pairs","operator preparation","/mnt/home/ldevos/Projects/MPSKit.jl/ld-envs/src/algorithms/derivatives/hamiltonian_derivatives.jl","669","_contract_O_GR","/mnt/home/ldevos/.julia/packages/TensorKit/SLHMM/src/tensors/tensor.jl","98","TensorMap","Vector{Float64}","22","704","0.01"
"chemistry_like","DMRG2","pairs","operator preparation","/mnt/home/ldevos/Projects/MPSKit.jl/ld-envs/src/algorithms/derivatives/hamiltonian_derivatives.jl","703","#right_AC_ingredients#558","/mnt/home/ldevos/.julia/packages/LRUCache/ZH7qB/src/LRUCache.jl","159","get!","Vector{Tuple{Any, Any}}","22","704","0.01"
"chemistry_like","DMRG2","pairs","operator preparation","/mnt/home/ldevos/Projects/MPSKit.jl/ld-envs/src/algorithms/derivatives/hamiltonian_derivatives.jl","758","prepare_right_AC2","/mnt/home/ldevos/.julia/packages/LRUCache/ZH7qB/src/LRUCache.jl","189","_unsafe_getindex","TensorKit.DegeneracyStructure{3}","29","696","0.01"
"chemistry_like","DMRG2","pairs","operator preparation","/mnt/home/ldevos/Projects/MPSKit.jl/ld-envs/src/algorithms/derivatives/hamiltonian_derivatives.jl","684","left_AC_ingredients","/mnt/home/ldevos/.julia/packages/TensorKit/SLHMM/src/auxiliary/auxiliary.jl","109","taskforeach","Base.Threads.Atomic{Int64}","43","688","0.01"
"chemistry_like","DMRG2","pairs","eigensolve","/mnt/home/ldevos/Projects/MPSKit.jl/ld-envs/src/algorithms/derivatives/hamiltonian_derivatives.jl","494","JordanMPO_AC2_Hamiltonian","/mnt/home/ldevos/.julia/packages/Strided/yVKLF/src/mapreduce.jl","200","_mapreduce_block!","StridedViews.StridedView{Float64, 4, Memory{Float64}, typeof(identity)}","7","672","0.01"
"chemistry_like","DMRG2","pairs","operator preparation","/mnt/home/ldevos/Projects/MPSKit.jl/ld-envs/src/algorithms/derivatives/hamiltonian_derivatives.jl","764","prepare_right_AC2","/mnt/home/ldevos/.julia/packages/LRUCache/ZH7qB/src/LRUCache.jl","189","_unsafe_getindex","TensorKit.DegeneracyStructure{5}","28","672","0.01"
"chemistry_like","DMRG2","pairs","operator preparation","/mnt/home/ldevos/Projects/MPSKit.jl/ld-envs/src/algorithms/derivatives/hamiltonian_derivatives.jl","665","_contract_GL_O","/mnt/home/ldevos/.julia/packages/LRUCache/ZH7qB/src/LRUCache.jl","189","_unsafe_getindex","TensorKit.TensorMapSpace{TensorKit.GradedSpace{TensorKitSectors.PlanarTrivial, Tuple{Int64}}, 3, 2}","7","672","0.01"
"chemistry_like","DMRG2","pairs","gauge","/mnt/home/ldevos/Projects/MPSKit.jl/ld-envs/src/states/orthoview.jl","407","#gauge2!#104","/mnt/home/ldevos/.julia/packages/TensorKit/SLHMM/src/tensors/blockiterators.jl","35","#foreachblock#173","Tuple{TensorKit.TensorMap{Float64, TensorKit.GradedSpace{TensorKitSectors.PlanarTrivial, Tuple{Int64}}, 2, 2, Vector{Float64}}, TensorKit.TensorMap{Float64, TensorKit.GradedSpace{TensorKitSectors.PlanarTrivial, Tuple{Int64}}, 2, 1, Vector{Float64}}, TensorKit.DiagonalTensorMap{Float64, TensorKit.GradedSpace{TensorKitSectors.PlanarTrivial, Tuple{Int64}}, Vector{Float64}}, TensorKit.TensorMap{Float64, TensorKit.GradedSpace{TensorKitSectors.PlanarTrivial, Tuple{Int64}}, 1, 2, Vector{Float64}}}","3","672","0.01"
"chemistry_like","DMRG2","pairs","operator preparation","/mnt/home/ldevos/Projects/MPSKit.jl/ld-envs/src/algorithms/derivatives/hamiltonian_derivatives.jl","780","prepare_right_AC2","/mnt/home/ldevos/.julia/packages/BlockTensorKit/Kw0jL/src/auxiliary/sparsetensorarray.jl","87","setindex!","Memory{CartesianIndex{5}}","1","656","0.01"
"chemistry_like","DMRG2","pairs","eigensolve","/mnt/home/ldevos/Projects/MPSKit.jl/ld-envs/src/algorithms/fixedpoint.jl","16","fixedpoint","/mnt/home/ldevos/.julia/packages/KrylovKit/bEE7W/src/eigsolve/lanczos.jl","57","#eigsolve#54","Memory{Any}","4","656","0.01"
"chemistry_like","DMRG2","pairs","operator preparation","/mnt/home/ldevos/Projects/MPSKit.jl/ld-envs/src/algorithms/derivatives/hamiltonian_derivatives.jl","751","prepare_left_AC2","/mnt/home/ldevos/.julia/packages/BlockTensorKit/Kw0jL/src/auxiliary/sparsetensorarray.jl","87","setindex!","Memory{CartesianIndex{5}}","1","656","0.01"
"chemistry_like","DMRG2","pairs","operator preparation","/mnt/home/ldevos/Projects/MPSKit.jl/ld-envs/src/algorithms/derivatives/hamiltonian_derivatives.jl","764","prepare_right_AC2","/mnt/home/ldevos/.julia/packages/LRUCache/ZH7qB/src/LRUCache.jl","189","_unsafe_getindex","TensorKit.UniqueTreeTransformer{Int64, 5}","27","648","0.01"
"chemistry_like","DMRG2","pairs","operator preparation","/mnt/home/ldevos/Projects/MPSKit.jl/ld-envs/src/algorithms/derivatives/hamiltonian_derivatives.jl","669","_contract_O_GR","/mnt/home/ldevos/.julia/packages/TensorOperations/i1lNc/src/implementation/allocator.jl","453","tensoralloc","Vector{Float64}","20","640","0.01"
"chemistry_like","DMRG2","pairs","eigensolve","/mnt/home/ldevos/Projects/MPSKit.jl/ld-envs/src/algorithms/derivatives/hamiltonian_derivatives.jl","494","JordanMPO_AC2_Hamiltonian","/mnt/home/ldevos/.julia/packages/LRUCache/ZH7qB/src/LRUCache.jl","159","get!","Vector{Tuple{Any, Any}}","20","640","0.01"
"chemistry_like","DMRG2","pairs","operator preparation","/mnt/home/ldevos/Projects/MPSKit.jl/ld-envs/src/algorithms/derivatives/hamiltonian_derivatives.jl","706","#right_AC_ingredients#558","/mnt/home/ldevos/.julia/packages/LRUCache/ZH7qB/src/LRUCache.jl","189","_unsafe_getindex","TensorKit.UniqueTreeTransformer{Int64, 3}","26","624","0.01"
"chemistry_like","DMRG2","pairs","operator preparation","/mnt/home/ldevos/Projects/MPSKit.jl/ld-envs/src/algorithms/derivatives/hamiltonian_derivatives.jl","706","#right_AC_ingredients#558","/mnt/home/ldevos/.julia/packages/TensorOperations/i1lNc/src/implementation/allocator.jl","420","unsafe_buffer_wrap","Memory{Float64}","25","600","0.01"
"chemistry_like","DMRG2","pairs","operator preparation","/mnt/home/ldevos/Projects/MPSKit.jl/ld-envs/src/algorithms/derivatives/hamiltonian_derivatives.jl","764","prepare_right_AC2","/mnt/home/ldevos/.julia/packages/TensorKit/SLHMM/src/auxiliary/auxiliary.jl","110","taskforeach","Vector{Any}","18","576","0.01"
"chemistry_like","DMRG2","pairs","operator preparation","/mnt/home/ldevos/Projects/MPSKit.jl/ld-envs/src/algorithms/derivatives/hamiltonian_derivatives.jl","684","left_AC_ingredients","/mnt/home/ldevos/.julia/packages/TensorKit/SLHMM/src/tensors/tensor.jl","98","TensorMap","Memory{Float64}","12","576","0.01"
"chemistry_like","DMRG2","pairs","operator preparation","/mnt/home/ldevos/Projects/MPSKit.jl/ld-envs/src/algorithms/derivatives/hamiltonian_derivatives.jl","727","prepare_left_AC2","/mnt/home/ldevos/.julia/packages/LRUCache/ZH7qB/src/LRUCache.jl","159","get!","Vector{Tuple{Any, Any}}","18","576","0.01"
"chemistry_like","DMRG2","pairs","eigensolve","/mnt/home/ldevos/Projects/MPSKit.jl/ld-envs/src/algorithms/derivatives/hamiltonian_derivatives.jl","494","JordanMPO_AC2_Hamiltonian","/mnt/home/ldevos/.julia/packages/TensorKit/SLHMM/src/auxiliary/auxiliary.jl","110","taskforeach","Channel{Any}","6","576","0.01"
"chemistry_like","DMRG2","pairs","operator preparation","/mnt/home/ldevos/Projects/MPSKit.jl/ld-envs/src/algorithms/derivatives/hamiltonian_derivatives.jl","684","left_AC_ingredients","/mnt/home/ldevos/.julia/packages/TensorOperations/i1lNc/src/implementation/allocator.jl","420","unsafe_buffer_wrap","Vector{Float64}","24","576","0.01"
"chemistry_like","DMRG2","pairs","environment transfers","/mnt/home/ldevos/Projects/MPSKit.jl/ld-envs/src/transfermatrix/transfer.jl","133","#transfer_right#319","/mnt/home/ldevos/.julia/packages/BlockTensorKit/Kw0jL/src/vectorspaces/sumspace.jl","112","dual","Memory{TensorKit.GradedSpace{TensorKitSectors.PlanarTrivial, Tuple{Int64}}}","9","568","0.01"
"chemistry_like","DMRG2","pairs","environment transfers","/mnt/home/ldevos/Projects/MPSKit.jl/ld-envs/src/transfermatrix/transfer.jl","133","#transfer_right#319","/mnt/home/ldevos/.julia/packages/LRUCache/ZH7qB/src/LRUCache.jl","189","_unsafe_getindex","TensorKit.SectorStructure{TensorKitSectors.PlanarTrivial, Tuple{TensorKit.FusionTree{TensorKitSectors.PlanarTrivial, 1, 0, 0}, TensorKit.FusionTree{TensorKitSectors.PlanarTrivial, 2, 0, 1}}}","35","560","0.01"
"chemistry_like","DMRG2","pairs","eigensolve","/mnt/home/ldevos/Projects/MPSKit.jl/ld-envs/src/algorithms/derivatives/hamiltonian_derivatives.jl","494","JordanMPO_AC2_Hamiltonian","/mnt/home/ldevos/.julia/packages/LRUCache/ZH7qB/src/LRUCache.jl","189","_unsafe_getindex","TensorKit.Hashed{TensorKit.TensorMapSpace{TensorKit.GradedSpace{TensorKitSectors.PlanarTrivial, Tuple{Int64}}, 3, 1}, typeof(TensorKit.sectorhash), typeof(TensorKit.sectorequal)}","7","560","0.01"
"chemistry_like","DMRG2","pairs","operator preparation","/mnt/home/ldevos/Projects/MPSKit.jl/ld-envs/src/algorithms/derivatives/hamiltonian_derivatives.jl","706","#right_AC_ingredients#558","/mnt/home/ldevos/.julia/packages/TensorOperations/i1lNc/src/implementation/allocator.jl","420","unsafe_buffer_wrap","Vector{Float64}","23","552","0.01"
"chemistry_like","DMRG2","pairs","operator preparation","/mnt/home/ldevos/Projects/MPSKit.jl/ld-envs/src/algorithms/derivatives/hamiltonian_derivatives.jl","681","left_AC_ingredients","/mnt/home/ldevos/.julia/packages/LRUCache/ZH7qB/src/LRUCache.jl","189","_unsafe_getindex","TensorKit.DegeneracyStructure{3}","23","552","0.01"
"chemistry_like","DMRG2","pairs","operator preparation","/mnt/home/ldevos/Projects/MPSKit.jl/ld-envs/src/algorithms/derivatives/hamiltonian_derivatives.jl","758","prepare_right_AC2","/mnt/home/ldevos/.julia/packages/TensorKit/SLHMM/src/tensors/tensor.jl","98","TensorMap","Vector{Float64}","17","544","0.01"
"chemistry_like","DMRG2","pairs","operator preparation","/mnt/home/ldevos/Projects/MPSKit.jl/ld-envs/src/algorithms/derivatives/hamiltonian_derivatives.jl","758","prepare_right_AC2","/mnt/home/ldevos/.julia/packages/LRUCache/ZH7qB/src/LRUCache.jl","159","get!","Vector{Tuple{Any, Any}}","17","544","0.01"
"chemistry_like","DMRG2","pairs","operator preparation","/mnt/home/ldevos/Projects/MPSKit.jl/ld-envs/src/algorithms/derivatives/hamiltonian_derivatives.jl","706","#right_AC_ingredients#558","/mnt/home/ldevos/.julia/packages/TensorOperations/i1lNc/src/implementation/strided.jl","143","stridedtensoradd!","TensorOperations.Scaler{Float64}","34","544","0.01"
"chemistry_like","DMRG2","pairs","operator preparation","/mnt/home/ldevos/Projects/MPSKit.jl/ld-envs/src/algorithms/derivatives/hamiltonian_derivatives.jl","758","prepare_right_AC2","/mnt/home/ldevos/.julia/packages/BlockTensorKit/Kw0jL/src/vectorspaces/sumspace.jl","63","getindex","Memory{TensorKit.GradedSpace{TensorKitSectors.PlanarTrivial, Tuple{Int64}}}","1","528","0.01"
"chemistry_like","DMRG2","pairs","eigensolve","/mnt/home/ldevos/Projects/MPSKit.jl/ld-envs/src/algorithms/derivatives/hamiltonian_derivatives.jl","494","JordanMPO_AC2_Hamiltonian","/mnt/home/ldevos/.julia/packages/Strided/yVKLF/src/mapreduce.jl","200","_mapreduce_block!","Tuple{StridedViews.StridedView{Float64, 4, Memory{Float64}, typeof(identity)}, StridedViews.StridedView{Float64, 4, Memory{Float64}, typeof(identity)}}","3","528","0.01"
"chemistry_like","DMRG2","pairs","operator preparation","/mnt/home/ldevos/Projects/MPSKit.jl/ld-envs/src/algorithms/derivatives/hamiltonian_derivatives.jl","665","_contract_GL_O","/mnt/home/ldevos/.julia/packages/LRUCache/ZH7qB/src/LRUCache.jl","189","_unsafe_getindex","TensorKit.SectorStructure{TensorKitSectors.PlanarTrivial, Tuple{TensorKit.FusionTree{TensorKitSectors.PlanarTrivial, 1, 0, 0}, TensorKit.FusionTree{TensorKitSectors.PlanarTrivial, 3, 1, 2}}}","33","528","0.01"
"chemistry_like","DMRG2","pairs","gauge","/mnt/home/ldevos/Projects/MPSKit.jl/ld-envs/src/states/orthoview.jl","407","#gauge2!#104","/mnt/home/ldevos/.julia/packages/TensorKit/SLHMM/src/factorizations/truncation.jl","73","truncate_domain!","Memory{Int64}","1","528","0.01"
"chemistry_like","DMRG2","pairs","gauge","/mnt/home/ldevos/Projects/MPSKit.jl/ld-envs/src/states/orthoview.jl","407","#gauge2!#104","/mnt/home/ldevos/.julia/packages/TensorKit/SLHMM/src/tensors/diagonal.jl","11","DiagonalTensorMap","Memory{Float64}","1","528","0.01"
"chemistry_like","DMRG2","pairs","eigensolve","/mnt/home/ldevos/Projects/MPSKit.jl/ld-envs/src/algorithms/derivatives/hamiltonian_derivatives.jl","493","JordanMPO_AC2_Hamiltonian","/mnt/home/ldevos/.julia/packages/Strided/yVKLF/src/mapreduce.jl","200","_mapreduce_block!","Tuple{StridedViews.StridedView{Float64, 4, Memory{Float64}, typeof(identity)}, StridedViews.StridedView{Float64, 4, Memory{Float64}, typeof(identity)}}","3","528","0.01"
"chemistry_like","DMRG2","pairs","operator preparation","/mnt/home/ldevos/Projects/MPSKit.jl/ld-envs/src/algorithms/derivatives/hamiltonian_derivatives.jl","764","prepare_right_AC2","/mnt/home/ldevos/.julia/packages/TensorKit/SLHMM/src/auxiliary/auxiliary.jl","110","taskforeach","InvalidStateException","16","512","0.01"
"chemistry_like","DMRG2","pairs","operator preparation","/mnt/home/ldevos/Projects/MPSKit.jl/ld-envs/src/algorithms/derivatives/hamiltonian_derivatives.jl","706","#right_AC_ingredients#558","/mnt/home/ldevos/.julia/packages/TensorKit/SLHMM/src/auxiliary/auxiliary.jl","109","taskforeach","Base.Threads.Atomic{Int64}","32","512","0.01"
"chemistry_like","DMRG2","pairs","eigensolve","/mnt/home/ldevos/Projects/MPSKit.jl/ld-envs/src/algorithms/derivatives/hamiltonian_derivatives.jl","493","JordanMPO_AC2_Hamiltonian","/mnt/home/ldevos/.julia/packages/TensorKit/SLHMM/src/auxiliary/auxiliary.jl","110","taskforeach","ReentrantLock","8","512","0.01"
"chemistry_like","DMRG2","pairs","eigensolve","/mnt/home/ldevos/Projects/MPSKit.jl/ld-envs/src/utility/utility.jl","293","mul_front!","/mnt/home/ldevos/.julia/packages/LRUCache/ZH7qB/src/LRUCache.jl","110","_unsafe_haskey","TensorKit.Hashed{TensorKit.TensorMapSpace{TensorKit.GradedSpace{TensorKitSectors.PlanarTrivial, Tuple{Int64}}, 2, 1}, typeof(TensorKit.sectorhash), typeof(TensorKit.sectorequal)}","8","512","0.01"
"chemistry_like","DMRG2","pairs","operator preparation","/mnt/home/ldevos/Projects/MPSKit.jl/ld-envs/src/algorithms/derivatives/hamiltonian_derivatives.jl","727","prepare_left_AC2","/mnt/home/ldevos/.julia/packages/LRUCache/ZH7qB/src/LRUCache.jl","189","_unsafe_getindex","TensorKit.DegeneracyStructure{3}","21","504","0.01"
"chemistry_like","DMRG2","pairs","operator preparation","/mnt/home/ldevos/Projects/MPSKit.jl/ld-envs/src/algorithms/derivatives/hamiltonian_derivatives.jl","706","#right_AC_ingredients#558","/mnt/home/ldevos/.julia/packages/LRUCache/ZH7qB/src/LRUCache.jl","189","_unsafe_getindex","TensorKit.DegeneracyStructure{3}","21","504","0.01"
"chemistry_like","DMRG2","pairs","environment transfers","/mnt/home/ldevos/Projects/MPSKit.jl/ld-envs/src/transfermatrix/transfer.jl","130","#transfer_left#318","/mnt/home/ldevos/.julia/packages/LRUCache/ZH7qB/src/LRUCache.jl","189","_unsafe_getindex","TensorKit.UniqueTreeTransformer{Int64, 3}","21","504","0.01"
"chemistry_like","DMRG2","pairs","eigensolve","/mnt/home/ldevos/Projects/MPSKit.jl/ld-envs/src/algorithms/derivatives/hamiltonian_derivatives.jl","494","JordanMPO_AC2_Hamiltonian","/mnt/home/ldevos/.julia/packages/LRUCache/ZH7qB/src/LRUCache.jl","110","_unsafe_haskey","TensorKit.Hashed{TensorKit.TensorMapSpace{TensorKit.GradedSpace{TensorKitSectors.PlanarTrivial, Tuple{Int64}}, 3, 1}, typeof(TensorKit.sectorhash), typeof(TensorKit.sectorequal)}","6","480","0.01"
"chemistry_like","DMRG2","pairs","eigensolve","/mnt/home/ldevos/Projects/MPSKit.jl/ld-envs/src/algorithms/derivatives/hamiltonian_derivatives.jl","493","JordanMPO_AC2_Hamiltonian","/mnt/home/ldevos/.julia/packages/Strided/yVKLF/src/mapreduce.jl","200","_mapreduce_block!","StridedViews.StridedView{Float64, 4, Memory{Float64}, typeof(identity)}","5","480","0.01"
"chemistry_like","DMRG2","pairs","operator preparation","/mnt/home/ldevos/Projects/MPSKit.jl/ld-envs/src/algorithms/derivatives/hamiltonian_derivatives.jl","665","_contract_GL_O","/mnt/home/ldevos/.julia/packages/LRUCache/ZH7qB/src/LRUCache.jl","110","_unsafe_haskey","TensorKit.TensorMapSpace{TensorKit.GradedSpace{TensorKitSectors.PlanarTrivial, Tuple{Int64}}, 3, 2}","5","480","0.01"
"chemistry_like","DMRG2","pairs","operator preparation","/mnt/home/ldevos/Projects/MPSKit.jl/ld-envs/src/algorithms/derivatives/hamiltonian_derivatives.jl","684","left_AC_ingredients","/mnt/home/ldevos/.julia/packages/TensorKit/SLHMM/src/auxiliary/auxiliary.jl","110","taskforeach","Base.Threads.SpinLock","29","464","0.01"
"chemistry_like","DMRG2","pairs","operator preparation","/mnt/home/ldevos/Projects/MPSKit.jl/ld-envs/src/algorithms/derivatives/hamiltonian_derivatives.jl","669","_contract_O_GR","/mnt/home/ldevos/.julia/packages/LRUCache/ZH7qB/src/LRUCache.jl","189","_unsafe_getindex","TensorKit.SectorStructure{TensorKitSectors.PlanarTrivial, Tuple{TensorKit.FusionTree{TensorKitSectors.PlanarTrivial, 3, 1, 2}, TensorKit.FusionTree{TensorKitSectors.PlanarTrivial, 1, 0, 0}}}","29","464","0.01"
"chemistry_like","DMRG2","pairs","operator preparation","/mnt/home/ldevos/Projects/MPSKit.jl/ld-envs/src/algorithms/derivatives/hamiltonian_derivatives.jl","665","_contract_GL_O","/mnt/home/ldevos/.julia/packages/LRUCache/ZH7qB/src/LRUCache.jl","189","_unsafe_getindex","TensorKit.UniqueTreeTransformer{Int64, 3}","19","456","0.01"
"chemistry_like","DMRG2","pairs","eigensolve","/mnt/home/ldevos/Projects/MPSKit.jl/ld-envs/src/algorithms/derivatives/hamiltonian_derivatives.jl","493","JordanMPO_AC2_Hamiltonian","/mnt/home/ldevos/.julia/packages/TensorKit/SLHMM/src/auxiliary/auxiliary.jl","110","taskforeach","Base.IntrusiveLinkedList{Task}","14","448","0.01"
"chemistry_like","DMRG2","pairs","operator preparation","/mnt/home/ldevos/Projects/MPSKit.jl/ld-envs/src/algorithms/derivatives/hamiltonian_derivatives.jl","681","left_AC_ingredients","/mnt/home/ldevos/.julia/packages/TensorKit/SLHMM/src/tensors/tensor.jl","98","TensorMap","Vector{Float64}","14","448","0.01"
"chemistry_like","DMRG2","pairs","eigensolve","/mnt/home/ldevos/Projects/MPSKit.jl/ld-envs/src/algorithms/derivatives/hamiltonian_derivatives.jl","493","JordanMPO_AC2_Hamiltonian","/mnt/home/ldevos/.julia/packages/LRUCache/ZH7qB/src/LRUCache.jl","159","get!","Vector{Tuple{Any, Any}}","14","448","0.01"
"chemistry_like","DMRG2","pairs","eigensolve","/mnt/home/ldevos/Projects/MPSKit.jl/ld-envs/src/algorithms/fixedpoint.jl","16","fixedpoint","/mnt/home/ldevos/.julia/packages/KrylovKit/bEE7W/src/eigsolve/lanczos.jl","61","#eigsolve#54","Memory{Int64}","3","432","0.01"
"chemistry_like","DMRG2","pairs","operator preparation","/mnt/home/ldevos/Projects/MPSKit.jl/ld-envs/src/algorithms/derivatives/hamiltonian_derivatives.jl","732","prepare_left_AC2","/mnt/home/ldevos/.julia/packages/LRUCache/ZH7qB/src/LRUCache.jl","189","_unsafe_getindex","TensorKit.SectorStructure{TensorKitSectors.PlanarTrivial, Tuple{TensorKit.FusionTree{TensorKitSectors.PlanarTrivial, 4, 2, 3}, TensorKit.FusionTree{TensorKitSectors.PlanarTrivial, 2, 0, 1}}}","26","416","0.01"
"chemistry_like","DMRG2","pairs","gauge","/mnt/home/ldevos/Projects/MPSKit.jl/ld-envs/src/states/orthoview.jl","407","#gauge2!#104","/mnt/home/ldevos/.julia/packages/TensorKit/SLHMM/src/tensors/blockiterators.jl","34","#foreachblock#173","Tuple{TensorKit.TensorMap{Float64, TensorKit.GradedSpace{TensorKitSectors.PlanarTrivial, Tuple{Int64}}, 2, 2, Vector{Float64}}, TensorKit.TensorMap{Float64, TensorKit.GradedSpace{TensorKitSectors.PlanarTrivial, Tuple{Int64}}, 2, 1, Vector{Float64}}, TensorKit.DiagonalTensorMap{Float64, TensorKit.GradedSpace{TensorKitSectors.PlanarTrivial, Tuple{Int64}}, Vector{Float64}}, TensorKit.TensorMap{Float64, TensorKit.GradedSpace{TensorKitSectors.PlanarTrivial, Tuple{Int64}}, 1, 2, Vector{Float64}}}","2","416","0.01"
"chemistry_like","DMRG2","pairs","operator preparation","/mnt/home/ldevos/Projects/MPSKit.jl/ld-envs/src/algorithms/derivatives/hamiltonian_derivatives.jl","684","left_AC_ingredients","/mnt/home/ldevos/.julia/packages/TensorOperations/i1lNc/src/implementation/strided.jl","145","stridedtensoradd!","TensorOperations.Scaler{Float64}","25","400","0.01"
"chemistry_like","DMRG2","pairs","operator preparation","/mnt/home/ldevos/Projects/MPSKit.jl/ld-envs/src/algorithms/derivatives/hamiltonian_derivatives.jl","665","_contract_GL_O","/mnt/home/ldevos/.julia/packages/LRUCache/ZH7qB/src/LRUCache.jl","189","_unsafe_getindex","TensorKit.SectorStructure{TensorKitSectors.PlanarTrivial, Tuple{TensorKit.FusionTree{TensorKitSectors.PlanarTrivial, 2, 0, 1}, TensorKit.FusionTree{TensorKitSectors.PlanarTrivial, 3, 1, 2}}}","25","400","0.01"
"chemistry_like","DMRG2","pairs","operator preparation","/mnt/home/ldevos/Projects/MPSKit.jl/ld-envs/src/algorithms/derivatives/mpo_derivatives.jl","238","_fuse_env","/mnt/home/ldevos/.julia/packages/LRUCache/ZH7qB/src/LRUCache.jl","189","_unsafe_getindex","TensorKit.SectorStructure{TensorKitSectors.PlanarTrivial, Tuple{TensorKit.FusionTree{TensorKitSectors.PlanarTrivial, 2, 0, 1}, TensorKit.FusionTree{TensorKitSectors.PlanarTrivial, 3, 1, 2}}}","24","384","0.01"
"chemistry_like","DMRG2","pairs","eigensolve","/mnt/home/ldevos/Projects/MPSKit.jl/ld-envs/src/algorithms/derivatives/hamiltonian_derivatives.jl","494","JordanMPO_AC2_Hamiltonian","/mnt/home/ldevos/.julia/packages/Strided/yVKLF/src/mapreduce.jl","200","_mapreduce_block!","NTuple{4, Int64}","8","384","0.01"
"chemistry_like","DMRG2","pairs","operator preparation","/mnt/home/ldevos/Projects/MPSKit.jl/ld-envs/src/algorithms/derivatives/hamiltonian_derivatives.jl","684","left_AC_ingredients","/mnt/home/ldevos/.julia/packages/TensorOperations/i1lNc/src/implementation/strided.jl","143","stridedtensoradd!","TensorOperations.Scaler{Float64}","24","384","0.01"
"chemistry_like","DMRG2","pairs","eigensolve","/mnt/home/ldevos/Projects/MPSKit.jl/ld-envs/src/algorithms/derivatives/hamiltonian_derivatives.jl","493","JordanMPO_AC2_Hamiltonian","/mnt/home/ldevos/.julia/packages/Strided/yVKLF/src/mapreduce.jl","200","_mapreduce_block!","NTuple{4, Int64}","8","384","0.01"
"chemistry_like","DMRG2","pairs","eigensolve","/mnt/home/ldevos/Projects/MPSKit.jl/ld-envs/src/utility/utility.jl","285","mul_front!","/mnt/home/ldevos/.julia/packages/LRUCache/ZH7qB/src/LRUCache.jl","189","_unsafe_getindex","TensorKit.Hashed{TensorKit.TensorMapSpace{TensorKit.GradedSpace{TensorKitSectors.PlanarTrivial, Tuple{Int64}}, 2, 1}, typeof(TensorKit.sectorhash), typeof(TensorKit.sectorequal)}","6","384","0.01"
"chemistry_like","DMRG2","pairs","eigensolve","/mnt/home/ldevos/Projects/MPSKit.jl/ld-envs/src/algorithms/derivatives/hamiltonian_derivatives.jl","493","JordanMPO_AC2_Hamiltonian","/mnt/home/ldevos/.julia/packages/TensorKit/SLHMM/src/auxiliary/auxiliary.jl","110","taskforeach","Channel{Any}","4","384","0.01"
"chemistry_like","DMRG2","pairs","operator preparation","/mnt/home/ldevos/Projects/MPSKit.jl/ld-envs/src/algorithms/derivatives/hamiltonian_derivatives.jl","706","#right_AC_ingredients#558","/mnt/home/ldevos/.julia/packages/TensorKit/SLHMM/src/auxiliary/auxiliary.jl","110","taskforeach","Base.Threads.SpinLock","23","368","0.01"
"chemistry_like","DMRG2","pairs","operator preparation","/mnt/home/ldevos/Projects/MPSKit.jl/ld-envs/src/algorithms/derivatives/hamiltonian_derivatives.jl","665","_contract_GL_O","/mnt/home/ldevos/.julia/packages/LRUCache/ZH7qB/src/LRUCache.jl","189","_unsafe_getindex","TensorKit.SectorStructure{TensorKitSectors.PlanarTrivial, Tuple{TensorKit.FusionTree{TensorKitSectors.PlanarTrivial, 2, 0, 1}, TensorKit.FusionTree{TensorKitSectors.PlanarTrivial, 1, 0, 0}}}","23","368","0.01"
"chemistry_like","DMRG2","pairs","operator preparation","/mnt/home/ldevos/Projects/MPSKit.jl/ld-envs/src/algorithms/derivatives/hamiltonian_derivatives.jl","665","_contract_GL_O","/mnt/home/ldevos/.julia/packages/BlockTensorKit/Kw0jL/src/vectorspaces/sumspace.jl","112","dual","Memory{TensorKit.GradedSpace{TensorKitSectors.PlanarTrivial, Tuple{Int64}}}","7","360","0.01"
"chemistry_like","DMRG2","pairs","operator preparation","/mnt/home/ldevos/Projects/MPSKit.jl/ld-envs/src/algorithms/derivatives/hamiltonian_derivatives.jl","684","left_AC_ingredients","/mnt/home/ldevos/.julia/packages/TensorOperations/i1lNc/src/implementation/allocator.jl","420","unsafe_buffer_wrap","Memory{Float64}","15","360","0.01"
"chemistry_like","DMRG2","pairs","operator preparation","/mnt/home/ldevos/Projects/MPSKit.jl/ld-envs/src/algorithms/derivatives/mpo_derivatives.jl","238","_fuse_env","/mnt/home/ldevos/.julia/packages/LRUCache/ZH7qB/src/LRUCache.jl","189","_unsafe_getindex","TensorKit.SectorStructure{TensorKitSectors.PlanarTrivial, Tuple{TensorKit.FusionTree{TensorKitSectors.PlanarTrivial, 3, 1, 2}, TensorKit.FusionTree{TensorKitSectors.PlanarTrivial, 2, 0, 1}}}","22","352","0.01"
"chemistry_like","DMRG2","pairs","operator preparation","/mnt/home/ldevos/Projects/MPSKit.jl/ld-envs/src/algorithms/derivatives/hamiltonian_derivatives.jl","764","prepare_right_AC2","/mnt/home/ldevos/.julia/packages/TensorKit/SLHMM/src/auxiliary/auxiliary.jl","109","taskforeach","Base.Threads.Atomic{Int64}","22","352","0.01"
"chemistry_like","DMRG2","pairs","operator preparation","/mnt/home/ldevos/Projects/MPSKit.jl/ld-envs/src/algorithms/derivatives/hamiltonian_derivatives.jl","669","_contract_O_GR","/mnt/home/ldevos/.julia/packages/LRUCache/ZH7qB/src/LRUCache.jl","189","_unsafe_getindex","TensorKit.SectorStructure{TensorKitSectors.PlanarTrivial, Tuple{TensorKit.FusionTree{TensorKitSectors.PlanarTrivial, 1, 0, 0}, TensorKit.FusionTree{TensorKitSectors.PlanarTrivial, 2, 0, 1}}}","22","352","0.01"
"chemistry_like","DMRG2","pairs","eigensolve","/mnt/home/ldevos/Projects/MPSKit.jl/ld-envs/src/algorithms/fixedpoint.jl","16","fixedpoint","/mnt/home/ldevos/.julia/packages/KrylovKit/bEE7W/src/dense/reflector.jl","117","rmul!","Memory{Float64}","2","352","0.01"
"chemistry_like","DMRG2","pairs","eigensolve","/mnt/home/ldevos/Projects/MPSKit.jl/ld-envs/src/algorithms/fixedpoint.jl","16","fixedpoint","/mnt/home/ldevos/.julia/packages/KrylovKit/bEE7W/src/eigsolve/lanczos.jl","57","#eigsolve#54","Memory{Float64}","2","352","0.01"
"chemistry_like","DMRG2","pairs","gauge","/mnt/home/ldevos/Projects/MPSKit.jl/ld-envs/src/states/orthoview.jl","407","#gauge2!#104","/mnt/home/ldevos/.julia/packages/LRUCache/ZH7qB/src/LRUCache.jl","159","get!","Vector{Tuple{Any, Any}}","11","352","0.01"
"chemistry_like","DMRG2","pairs","environment transfers","/mnt/home/ldevos/Projects/MPSKit.jl/ld-envs/src/transfermatrix/transfer.jl","133","#transfer_right#319","/mnt/home/ldevos/.julia/packages/BlockTensorKit/Kw0jL/src/vectorspaces/sumspace.jl","112","dual","Vector{TensorKit.GradedSpace{TensorKitSectors.PlanarTrivial, Tuple{Int64}}}","11","352","0.01"
"chemistry_like","DMRG2","pairs","eigensolve","/mnt/home/ldevos/Projects/MPSKit.jl/ld-envs/src/algorithms/derivatives/hamiltonian_derivatives.jl","493","JordanMPO_AC2_Hamiltonian","/mnt/home/ldevos/.julia/packages/LRUCache/ZH7qB/src/LRUCache.jl","110","_unsafe_haskey","TensorKit.Hashed{TensorKit.TensorMapSpace{TensorKit.GradedSpace{TensorKitSectors.PlanarTrivial, Tuple{Int64}}, 3, 3}, typeof(TensorKit.sectorhash), typeof(TensorKit.sectorequal)}","3","336","0.01"
"chemistry_like","DMRG2","pairs","operator preparation","/mnt/home/ldevos/Projects/MPSKit.jl/ld-envs/src/algorithms/derivatives/hamiltonian_derivatives.jl","684","left_AC_ingredients","/mnt/home/ldevos/.julia/packages/LRUCache/ZH7qB/src/LRUCache.jl","189","_unsafe_getindex","TensorKit.DegeneracyStructure{4}","14","336","0.01"
"chemistry_like","DMRG2","pairs","eigensolve","/mnt/home/ldevos/Projects/MPSKit.jl/ld-envs/src/algorithms/derivatives/hamiltonian_derivatives.jl","493","JordanMPO_AC2_Hamiltonian","/mnt/home/ldevos/.julia/packages/TensorKit/SLHMM/src/tensors/indexmanipulations.jl","660","add_transform_kernel!","TensorKit.var""#add_transform_kernel!##0#add_transform_kernel!##1""{TensorKit.StridedSubblocks{Memory{Float64}, 6}, TensorKit.StridedSubblocks{Memory{Float64}, 6}, Tuple{NTuple{6, Int64}, Tuple{}}, Bool, VectorInterface.One, VectorInterface.Zero, TensorOperations.DefaultBackend, TensorOperations.BufferAllocator{Memory{UInt8}}}","3","336","0.01"
"chemistry_like","DMRG2","pairs","environment transfers","/mnt/home/ldevos/Projects/MPSKit.jl/ld-envs/src/transfermatrix/transfer.jl","130","#transfer_left#318","/mnt/home/ldevos/.julia/packages/BlockTensorKit/Kw0jL/src/vectorspaces/sumspace.jl","112","dual","Memory{TensorKit.GradedSpace{TensorKitSectors.PlanarTrivial, Tuple{Int64}}}","6","336","0.01"
"chemistry_like","DMRG2","pairs","operator preparation","/mnt/home/ldevos/Projects/MPSKit.jl/ld-envs/src/algorithms/derivatives/hamiltonian_derivatives.jl","669","_contract_O_GR","/mnt/home/ldevos/.julia/packages/LRUCache/ZH7qB/src/LRUCache.jl","189","_unsafe_getindex","TensorKit.UniqueTreeTransformer{Int64, 5}","14","336","0.01"
"chemistry_like","DMRG2","pairs","eigensolve","/mnt/home/ldevos/Projects/MPSKit.jl/ld-envs/src/algorithms/fixedpoint.jl","16","fixedpoint","/mnt/home/ldevos/.julia/packages/KrylovKit/bEE7W/src/dense/linalg.jl","421","stegr!","Memory{Float64}","2","328","0.01"
"chemistry_like","DMRG2","pairs","eigensolve","/mnt/home/ldevos/Projects/MPSKit.jl/ld-envs/src/algorithms/derivatives/hamiltonian_derivatives.jl","493","JordanMPO_AC2_Hamiltonian","/mnt/home/ldevos/.julia/packages/LRUCache/ZH7qB/src/LRUCache.jl","110","_unsafe_haskey","TensorKit.Hashed{TensorKit.TensorMapSpace{TensorKit.GradedSpace{TensorKitSectors.PlanarTrivial, Tuple{Int64}}, 1, 3}, typeof(TensorKit.sectorhash), typeof(TensorKit.sectorequal)}","4","320","0.01"
"chemistry_like","DMRG2","pairs","eigensolve","/mnt/home/ldevos/Projects/MPSKit.jl/ld-envs/src/algorithms/derivatives/hamiltonian_derivatives.jl","493","JordanMPO_AC2_Hamiltonian","/mnt/home/ldevos/.julia/packages/LRUCache/ZH7qB/src/LRUCache.jl","189","_unsafe_getindex","TensorKit.Hashed{TensorKit.TensorMapSpace{TensorKit.GradedSpace{TensorKitSectors.PlanarTrivial, Tuple{Int64}}, 1, 3}, typeof(TensorKit.sectorhash), typeof(TensorKit.sectorequal)}","4","320","0.01"
"chemistry_like","DMRG2","pairs","operator preparation","/mnt/home/ldevos/Projects/MPSKit.jl/ld-envs/src/algorithms/derivatives/hamiltonian_derivatives.jl","764","prepare_right_AC2","/mnt/home/ldevos/.julia/packages/BlockTensorKit/Kw0jL/src/vectorspaces/sumspace.jl","112","dual","Memory{TensorKit.GradedSpace{TensorKitSectors.PlanarTrivial, Tuple{Int64}}}","10","320","0.01"
"chemistry_like","DMRG2","pairs","operator preparation","/mnt/home/ldevos/Projects/MPSKit.jl/ld-envs/src/algorithms/derivatives/hamiltonian_derivatives.jl","669","_contract_O_GR","/mnt/home/ldevos/.julia/packages/LRUCache/ZH7qB/src/LRUCache.jl","189","_unsafe_getindex","TensorKit.SectorStructure{TensorKitSectors.PlanarTrivial, Tuple{TensorKit.FusionTree{TensorKitSectors.PlanarTrivial, 3, 1, 2}, TensorKit.FusionTree{TensorKitSectors.PlanarTrivial, 2, 0, 1}}}","19","304","0.01"
"chemistry_like","DMRG2","pairs","operator preparation","/mnt/home/ldevos/Projects/MPSKit.jl/ld-envs/src/algorithms/derivatives/hamiltonian_derivatives.jl","732","prepare_left_AC2","/mnt/home/ldevos/.julia/packages/LRUCache/ZH7qB/src/LRUCache.jl","189","_unsafe_getindex","TensorKit.SectorStructure{TensorKitSectors.PlanarTrivial, Tuple{TensorKit.FusionTree{TensorKitSectors.PlanarTrivial, 4, 2, 3}, TensorKit.FusionTree{TensorKitSectors.PlanarTrivial, 1, 0, 0}}}","19","304","0.01"
"chemistry_like","DMRG2","pairs","operator preparation","/mnt/home/ldevos/Projects/MPSKit.jl/ld-envs/src/algorithms/derivatives/mpo_derivatives.jl","238","_fuse_env","/mnt/home/ldevos/.julia/packages/LRUCache/ZH7qB/src/LRUCache.jl","189","_unsafe_getindex","TensorKit.TensorMapSpace{TensorKit.GradedSpace{TensorKitSectors.PlanarTrivial, Tuple{Int64}}, 3, 2}","3","288","0.01"
"chemistry_like","DMRG2","pairs","eigensolve","/mnt/home/ldevos/Projects/MPSKit.jl/ld-envs/src/algorithms/derivatives/hamiltonian_derivatives.jl","493","JordanMPO_AC2_Hamiltonian","/mnt/home/ldevos/.julia/packages/TensorKit/SLHMM/src/tensors/indexmanipulations.jl","660","add_transform_kernel!","TensorKit.var""#add_transform_kernel!##0#add_transform_kernel!##1""{TensorKit.StridedSubblocks{Memory{Float64}, 4}, TensorKit.StridedSubblocks{Memory{Float64}, 4}, Tuple{NTuple{4, Int64}, Tuple{}}, Bool, VectorInterface.One, VectorInterface.One, TensorOperations.DefaultBackend, TensorOperations.BufferAllocator{Memory{UInt8}}}","3","288","0.01"
"chemistry_like","DMRG2","pairs","eigensolve","/mnt/home/ldevos/Projects/MPSKit.jl/ld-envs/src/algorithms/fixedpoint.jl","16","fixedpoint","/mnt/home/ldevos/.julia/packages/KrylovKit/bEE7W/src/dense/linalg.jl","405","stegr!","Memory{Float64}","2","288","0.01"
"chemistry_like","DMRG2","pairs","operator preparation","/mnt/home/ldevos/Projects/MPSKit.jl/ld-envs/src/algorithms/derivatives/hamiltonian_derivatives.jl","732","prepare_left_AC2","/mnt/home/ldevos/.julia/packages/LRUCache/ZH7qB/src/LRUCache.jl","189","_unsafe_getindex","TensorKit.SectorStructure{TensorKitSectors.PlanarTrivial, Tuple{TensorKit.FusionTree{TensorKitSectors.PlanarTrivial, 1, 0, 0}, TensorKit.FusionTree{TensorKitSectors.PlanarTrivial, 2, 0, 1}}}","18","288","0.01"
"chemistry_like","DMRG2","pairs","operator preparation","/mnt/home/ldevos/Projects/MPSKit.jl/ld-envs/src/algorithms/derivatives/hamiltonian_derivatives.jl","764","prepare_right_AC2","/mnt/home/ldevos/.julia/packages/TensorKit/SLHMM/src/auxiliary/auxiliary.jl","110","taskforeach","Base.Threads.SpinLock","18","288","0.01"
"chemistry_like","DMRG2","pairs","gauge","/mnt/home/ldevos/Projects/MPSKit.jl/ld-envs/src/states/orthoview.jl","407","#gauge2!#104","/mnt/home/ldevos/.julia/packages/TensorKit/SLHMM/src/factorizations/truncation.jl","204","findtruncated","Memory{Int64}","1","272","0.01"
"chemistry_like","DMRG2","pairs","eigensolve","/mnt/home/ldevos/Projects/MPSKit.jl/ld-envs/src/utility/utility.jl","293","mul_front!","/mnt/home/ldevos/.julia/packages/LRUCache/ZH7qB/src/LRUCache.jl","189","_unsafe_getindex","TensorKit.Hashed{TensorKit.TensorMapSpace{TensorKit.GradedSpace{TensorKitSectors.PlanarTrivial, Tuple{Int64}}, 2, 1}, typeof(TensorKit.sectorhash), typeof(TensorKit.sectorequal)}","4","256","0.01"
"chemistry_like","DMRG2","pairs","operator preparation","/mnt/home/ldevos/Projects/MPSKit.jl/ld-envs/src/algorithms/derivatives/hamiltonian_derivatives.jl","732","prepare_left_AC2","/mnt/home/ldevos/.julia/packages/BlockTensorKit/Kw0jL/src/vectorspaces/sumspace.jl","112","dual","Vector{TensorKit.GradedSpace{TensorKitSectors.PlanarTrivial, Tuple{Int64}}}","8","256","0.01"
"chemistry_like","DMRG2","pairs","operator preparation","/mnt/home/ldevos/Projects/MPSKit.jl/ld-envs/src/algorithms/derivatives/hamiltonian_derivatives.jl","684","left_AC_ingredients","/mnt/home/ldevos/.julia/packages/LRUCache/ZH7qB/src/LRUCache.jl","189","_unsafe_getindex","TensorKit.SectorStructure{TensorKitSectors.PlanarTrivial, Tuple{TensorKit.FusionTree{TensorKitSectors.PlanarTrivial, 1, 0, 0}, TensorKit.FusionTree{TensorKitSectors.PlanarTrivial, 2, 0, 1}}}","16","256","0.01"
"chemistry_like","DMRG2","pairs","eigensolve","/mnt/home/ldevos/Projects/MPSKit.jl/ld-envs/src/algorithms/derivatives/mpo_derivatives.jl","321","PrecomputedDerivative","/mnt/home/ldevos/.julia/packages/LRUCache/ZH7qB/src/LRUCache.jl","159","get!","Vector{Tuple{Any, Any}}","8","256","0.01"
"chemistry_like","DMRG2","pairs","eigensolve","/mnt/home/ldevos/Projects/MPSKit.jl/ld-envs/src/algorithms/derivatives/hamiltonian_derivatives.jl","494","JordanMPO_AC2_Hamiltonian","/mnt/home/ldevos/.julia/packages/TensorKit/SLHMM/src/auxiliary/auxiliary.jl","110","taskforeach","ReentrantLock","4","256","0.01"
"chemistry_like","DMRG2","pairs","eigensolve","/mnt/home/ldevos/Projects/MPSKit.jl/ld-envs/src/algorithms/derivatives/hamiltonian_derivatives.jl","493","JordanMPO_AC2_Hamiltonian","/mnt/home/ldevos/.julia/packages/Strided/yVKLF/src/mapreduce.jl","200","_mapreduce_block!","Tuple{NTuple{4, Int64}, NTuple{4, Int64}}","3","240","0.01"
"chemistry_like","DMRG2","pairs","operator preparation","/mnt/home/ldevos/Projects/MPSKit.jl/ld-envs/src/algorithms/derivatives/hamiltonian_derivatives.jl","403","prepare_operator!!","/mnt/home/ldevos/.julia/packages/Strided/yVKLF/src/mapreduce.jl","200","_mapreduce_block!","Tuple{StridedViews.StridedView{Float64, 6, Memory{Float64}, typeof(identity)}, StridedViews.StridedView{Float64, 6, Memory{Float64}, typeof(identity)}}","1","240","0.01"
"chemistry_like","DMRG2","pairs","environment transfers","/mnt/home/ldevos/Projects/MPSKit.jl/ld-envs/src/operators/jordanmpotensor.jl","198","_identity_tensor","/mnt/home/ldevos/.julia/packages/TimerOutputs/0Wski/src/macros.jl","257","macro expansion","TensorKit.Hashed{TensorKit.TensorMapSpace{TensorKit.GradedSpace{TensorKitSectors.PlanarTrivial, Tuple{Int64}}, 2, 2}, typeof(TensorKit.sectorhash), typeof(TensorKit.sectorequal)}","3","240","0.01"
"chemistry_like","DMRG2","pairs","operator preparation","/mnt/home/ldevos/Projects/MPSKit.jl/ld-envs/src/algorithms/derivatives/hamiltonian_derivatives.jl","732","prepare_left_AC2","/mnt/home/ldevos/.julia/packages/Strided/yVKLF/src/mapreduce.jl","200","_mapreduce_block!","Tuple{StridedViews.StridedView{Float64, 6, Memory{Float64}, typeof(identity)}, StridedViews.StridedView{Float64, 6, Memory{Float64}, typeof(identity)}}","1","240","0.01"
"chemistry_like","DMRG2","pairs","eigensolve","/mnt/home/ldevos/Projects/MPSKit.jl/ld-envs/src/utility/utility.jl","295","mul_front!","/mnt/home/ldevos/.julia/packages/TensorOperations/i1lNc/src/implementation/blascontract.jl","100","makeblascontractable","StridedViews.StridedView{Float64, 3, Memory{Float64}, typeof(identity)}","3","240","0.01"
"chemistry_like","DMRG2","pairs","eigensolve","/mnt/home/ldevos/Projects/MPSKit.jl/ld-envs/src/algorithms/derivatives/hamiltonian_derivatives.jl","494","JordanMPO_AC2_Hamiltonian","/mnt/home/ldevos/.julia/packages/LRUCache/ZH7qB/src/LRUCache.jl","189","_unsafe_getindex","TensorKit.Hashed{TensorKit.TensorMapSpace{TensorKit.GradedSpace{TensorKitSectors.PlanarTrivial, Tuple{Int64}}, 3, 3}, typeof(TensorKit.sectorhash), typeof(TensorKit.sectorequal)}","2","224","0.01"
"chemistry_like","DMRG2","pairs","operator preparation","/mnt/home/ldevos/Projects/MPSKit.jl/ld-envs/src/algorithms/derivatives/hamiltonian_derivatives.jl","684","left_AC_ingredients","/mnt/home/ldevos/.julia/packages/LRUCache/ZH7qB/src/LRUCache.jl","189","_unsafe_getindex","TensorKit.SectorStructure{TensorKitSectors.PlanarTrivial, Tuple{TensorKit.FusionTree{TensorKitSectors.PlanarTrivial, 2, 0, 1}, TensorKit.FusionTree{TensorKitSectors.PlanarTrivial, 2, 0, 1}}}","14","224","0.01"
"chemistry_like","DMRG2","pairs","operator preparation","/mnt/home/ldevos/Projects/MPSKit.jl/ld-envs/src/algorithms/derivatives/hamiltonian_derivatives.jl","432","prepare_operator!!","/mnt/home/ldevos/.julia/packages/Strided/yVKLF/src/mapreduce.jl","200","_mapreduce_block!","Tuple{StridedViews.StridedView{Float64, 2, Memory{Float64}, typeof(identity)}, StridedViews.StridedView{Float64, 2, Memory{Float64}, typeof(identity)}}","2","224","0.01"
"chemistry_like","DMRG2","pairs","operator preparation","/mnt/home/ldevos/Projects/MPSKit.jl/ld-envs/src/algorithms/derivatives/hamiltonian_derivatives.jl","764","prepare_right_AC2","/mnt/home/ldevos/.julia/packages/BlockTensorKit/Kw0jL/src/vectorspaces/sumspace.jl","112","dual","Vector{TensorKit.GradedSpace{TensorKitSectors.PlanarTrivial, Tuple{Int64}}}","7","224","0.01"
"chemistry_like","DMRG2","pairs","eigensolve","/mnt/home/ldevos/Projects/MPSKit.jl/ld-envs/src/utility/utility.jl","295","mul_front!","/mnt/home/ldevos/.julia/packages/TensorOperations/i1lNc/src/implementation/blascontract.jl","111","makeblascontractable","Tuple{StridedViews.StridedView{Float64, 2, Memory{Float64}, typeof(identity)}, Tuple{Tuple{Int64}, Tuple{Int64}}, Bool}","3","216","0.01"
"chemistry_like","DMRG2","pairs","gauge","/mnt/home/ldevos/Projects/MPSKit.jl/ld-envs/src/states/orthoview.jl","407","#gauge2!#104","/mnt/home/ldevos/.julia/packages/TensorKit/SLHMM/src/tensors/blockiterators.jl","36","#foreachblock#173","TensorKit.var""#175#176""{TensorKit.Factorizations.var""#86#87""{MatrixAlgebraKit.SafeDivideAndConquer{@NamedTuple{}}}, Tuple{TensorKit.TensorMap{Float64, TensorKit.GradedSpace{TensorKitSectors.PlanarTrivial, Tuple{Int64}}, 2, 2, Vector{Float64}}, TensorKit.TensorMap{Float64, TensorKit.GradedSpace{TensorKitSectors.PlanarTrivial, Tuple{Int64}}, 2, 1, Vector{Float64}}, TensorKit.DiagonalTensorMap{Float64, TensorKit.GradedSpace{TensorKitSectors.PlanarTrivial, Tuple{Int64}}, Vector{Float64}}, TensorKit.TensorMap{Float64, TensorKit.GradedSpace{TensorKitSectors.PlanarTrivial, Tuple{Int64}}, 1, 2, Vector{Float64}}}}","1","208","0.01"
"chemistry_like","DMRG2","pairs","environment transfers","/mnt/home/ldevos/Projects/MPSKit.jl/ld-envs/src/transfermatrix/transfer.jl","130","#transfer_left#318","/mnt/home/ldevos/.julia/packages/LRUCache/ZH7qB/src/LRUCache.jl","189","_unsafe_getindex","TensorKit.SectorStructure{TensorKitSectors.PlanarTrivial, Tuple{TensorKit.FusionTree{TensorKitSectors.PlanarTrivial, 1, 0, 0}, TensorKit.FusionTree{TensorKitSectors.PlanarTrivial, 2, 0, 1}}}","12","192","0.01"
"chemistry_like","DMRG2","pairs","eigensolve","/mnt/home/ldevos/Projects/MPSKit.jl/ld-envs/src/utility/utility.jl","284","mul_front!","/mnt/home/ldevos/.julia/packages/LRUCache/ZH7qB/src/LRUCache.jl","189","_unsafe_getindex","TensorKit.Hashed{TensorKit.TensorMapSpace{TensorKit.GradedSpace{TensorKitSectors.PlanarTrivial, Tuple{Int64}}, 2, 1}, typeof(TensorKit.sectorhash), typeof(TensorKit.sectorequal)}","3","192","0.01"
"chemistry_like","DMRG2","pairs","gauge","/mnt/home/ldevos/Projects/MPSKit.jl/ld-envs/src/states/orthoview.jl","407","#gauge2!#104","/mnt/home/ldevos/.julia/packages/LRUCache/ZH7qB/src/LRUCache.jl","110","_unsafe_haskey","TensorKit.Hashed{TensorKit.TensorMapSpace{TensorKit.GradedSpace{TensorKitSectors.PlanarTrivial, Tuple{Int64}}, 2, 1}, typeof(TensorKit.sectorhash), typeof(TensorKit.sectorequal)}","3","192","0.01"
"chemistry_like","DMRG2","pairs","eigensolve","/mnt/home/ldevos/Projects/MPSKit.jl/ld-envs/src/algorithms/derivatives/mpo_derivatives.jl","321","PrecomputedDerivative","/mnt/home/ldevos/.julia/packages/LRUCache/ZH7qB/src/LRUCache.jl","189","_unsafe_getindex","TensorKit.Hashed{TensorKit.TensorMapSpace{TensorKit.GradedSpace{TensorKitSectors.PlanarTrivial, Tuple{Int64}}, 1, 1}, typeof(TensorKit.sectorhash), typeof(TensorKit.sectorequal)}","4","192","0.01"
"chemistry_like","DMRG2","pairs","eigensolve","/mnt/home/ldevos/Projects/MPSKit.jl/ld-envs/src/utility/utility.jl","285","mul_front!","/mnt/home/ldevos/.julia/packages/LRUCache/ZH7qB/src/LRUCache.jl","110","_unsafe_haskey","TensorKit.Hashed{TensorKit.TensorMapSpace{TensorKit.GradedSpace{TensorKitSectors.PlanarTrivial, Tuple{Int64}}, 2, 1}, typeof(TensorKit.sectorhash), typeof(TensorKit.sectorequal)}","3","192","0.01"
"chemistry_like","DMRG2","pairs","eigensolve","/mnt/home/ldevos/Projects/MPSKit.jl/ld-envs/src/algorithms/derivatives/hamiltonian_derivatives.jl","494","JordanMPO_AC2_Hamiltonian","/mnt/home/ldevos/.julia/packages/TensorKit/SLHMM/src/auxiliary/auxiliary.jl","110","taskforeach","Base.IntrusiveLinkedList{Task}","6","192","0.01"
"chemistry_like","DMRG2","pairs","eigensolve","/mnt/home/ldevos/Projects/MPSKit.jl/ld-envs/src/utility/utility.jl","295","mul_front!","/mnt/home/ldevos/.julia/packages/TensorOperations/i1lNc/src/implementation/blascontract.jl","100","makeblascontractable","StridedViews.StridedView{Float64, 2, Memory{Float64}, typeof(identity)}","3","192","0.01"
"chemistry_like","DMRG2","pairs","operator preparation","/mnt/home/ldevos/Projects/MPSKit.jl/ld-envs/src/algorithms/derivatives/hamiltonian_derivatives.jl","684","left_AC_ingredients","/mnt/home/ldevos/.julia/packages/BlockTensorKit/Kw0jL/src/vectorspaces/sumspace.jl","112","dual","Memory{TensorKit.GradedSpace{TensorKitSectors.PlanarTrivial, Tuple{Int64}}}","6","192","0.01"
"chemistry_like","DMRG2","pairs","operator preparation","/mnt/home/ldevos/Projects/MPSKit.jl/ld-envs/src/algorithms/derivatives/hamiltonian_derivatives.jl","684","left_AC_ingredients","/mnt/home/ldevos/.julia/packages/LRUCache/ZH7qB/src/LRUCache.jl","189","_unsafe_getindex","TensorKit.SectorStructure{TensorKitSectors.PlanarTrivial, Tuple{TensorKit.FusionTree{TensorKitSectors.PlanarTrivial, 2, 0, 1}, TensorKit.FusionTree{TensorKitSectors.PlanarTrivial, 1, 0, 0}}}","12","192","0.01"
"chemistry_like","DMRG2","pairs","environment transfers","/mnt/home/ldevos/Projects/MPSKit.jl/ld-envs/src/transfermatrix/transfer.jl","130","#transfer_left#318","/mnt/home/ldevos/.julia/packages/BlockTensorKit/Kw0jL/src/linalg/linalg.jl","46","mul!","Memory{CartesianIndex{4}}","1","176","0.01"
"chemistry_like","DMRG2","pairs","eigensolve","/mnt/home/ldevos/Projects/MPSKit.jl/ld-envs/src/algorithms/fixedpoint.jl","16","fixedpoint","/mnt/home/ldevos/.julia/packages/KrylovKit/bEE7W/src/eigsolve/lanczos.jl","57","#eigsolve#54","LinearAlgebra.SymTridiagonal{Float64, SubArray{Float64, 1, Vector{Float64}, Tuple{UnitRange{Int64}}, true}}","2","176","0.01"
"chemistry_like","DMRG2","pairs","gauge","/mnt/home/ldevos/Projects/MPSKit.jl/ld-envs/src/states/orthoview.jl","407","#gauge2!#104","/mnt/home/ldevos/.julia/packages/MatrixAlgebraKit/AbU5a/src/algorithms.jl","536","macro expansion","Memory{UInt8}","7","168","0.01"
"chemistry_like","DMRG2","pairs","gauge","/mnt/home/ldevos/Projects/MPSKit.jl/ld-envs/src/states/orthoview.jl","325","left_gauge","/mnt/home/ldevos/.julia/packages/TensorKit/SLHMM/src/tensors/blockiterators.jl","35","#foreachblock#173","Base.Broadcast.Broadcasted{Base.Broadcast.Style{Tuple}, Nothing, typeof(TensorKit.blocksectors), Tuple{Tuple{TensorKit.TensorMap{Float64, TensorKit.GradedSpace{TensorKitSectors.PlanarTrivial, Tuple{Int64}}, 2, 1, Vector{Float64}}, TensorKit.TensorMap{Float64, TensorKit.GradedSpace{TensorKitSectors.PlanarTrivial, Tuple{Int64}}, 2, 1, Vector{Float64}}, TensorKit.TensorMap{Float64, TensorKit.GradedSpace{TensorKitSectors.PlanarTrivial, Tuple{Int64}}, 1, 1, Vector{Float64}}}}}","1","160","0.01"
"chemistry_like","DMRG2","pairs","gauge","/mnt/home/ldevos/Projects/MPSKit.jl/ld-envs/src/states/orthoview.jl","407","#gauge2!#104","/mnt/home/ldevos/.julia/packages/TensorKit/SLHMM/src/factorizations/matrixalgebrakit.jl","50","macro expansion","Tuple{Base.ReshapedArray{Float64, 2, SubArray{Float64, 1, Vector{Float64}, Tuple{UnitRange{Int64}}, true}, Tuple{}}, LinearAlgebra.Diagonal{Float64, SubArray{Float64, 1, Vector{Float64}, Tuple{UnitRange{Int64}}, true}}, Base.ReshapedArray{Float64, 2, SubArray{Float64, 1, Vector{Float64}, Tuple{UnitRange{Int64}}, true}, Tuple{}}}","1","160","0.01"
"chemistry_like","DMRG2","pairs","other","/mnt/home/ldevos/Projects/MPSKit.jl/ld-envs/src/utility/utility.jl","22","project_complement!","/mnt/home/ldevos/.julia/packages/LRUCache/ZH7qB/src/LRUCache.jl","110","_unsafe_haskey","TensorKit.Hashed{TensorKit.TensorMapSpace{TensorKit.GradedSpace{TensorKitSectors.PlanarTrivial, Tuple{Int64}}, 2, 2}, typeof(TensorKit.sectorhash), typeof(TensorKit.sectorequal)}","2","160","0.01"
"chemistry_like","DMRG2","pairs","eigensolve","/mnt/home/ldevos/Projects/MPSKit.jl/ld-envs/src/algorithms/derivatives/hamiltonian_derivatives.jl","493","JordanMPO_AC2_Hamiltonian","/mnt/home/ldevos/.julia/packages/TensorKit/SLHMM/src/auxiliary/auxiliary.jl","110","taskforeach","InvalidStateException","5","160","0.01"
"chemistry_like","DMRG2","pairs","other","/mnt/home/ldevos/Projects/MPSKit.jl/ld-envs/src/utility/utility.jl","22","project_complement!","/mnt/home/ldevos/.julia/packages/LRUCache/ZH7qB/src/LRUCache.jl","189","_unsafe_getindex","TensorKit.Hashed{TensorKit.TensorMapSpace{TensorKit.GradedSpace{TensorKitSectors.PlanarTrivial, Tuple{Int64}}, 2, 2}, typeof(TensorKit.sectorhash), typeof(TensorKit.sectorequal)}","2","160","0.01"
"chemistry_like","DMRG2","pairs","other","/mnt/home/ldevos/Projects/MPSKit.jl/ld-envs/src/algorithms/groundstate/dmrg.jl","261","local_update!","/mnt/home/ldevos/Projects/MPSKit.jl/ld-envs/src/algorithms/groundstate/dmrg.jl","261","local_update!","TensorKit.TensorMap{Float64, TensorKit.GradedSpace{TensorKitSectors.PlanarTrivial, Tuple{Int64}}, 2, 2, Vector{Float64}}","2","160","0.01"
"chemistry_like","DMRG2","pairs","eigensolve","/mnt/home/ldevos/Projects/MPSKit.jl/ld-envs/src/algorithms/derivatives/hamiltonian_derivatives.jl","494","JordanMPO_AC2_Hamiltonian","/mnt/home/ldevos/.julia/packages/Strided/yVKLF/src/mapreduce.jl","200","_mapreduce_block!","Tuple{NTuple{4, Int64}, NTuple{4, Int64}}","2","160","0.01"
"chemistry_like","DMRG2","pairs","eigensolve","/mnt/home/ldevos/Projects/MPSKit.jl/ld-envs/src/algorithms/fixedpoint.jl","16","fixedpoint","/mnt/home/ldevos/.julia/packages/KrylovKit/bEE7W/src/eigsolve/lanczos.jl","57","#eigsolve#54","Vector{Any}","5","160","0.01"
"chemistry_like","DMRG2","pairs","operator preparation","/mnt/home/ldevos/Projects/MPSKit.jl/ld-envs/src/algorithms/derivatives/mpo_derivatives.jl","240","_fuse_env","/mnt/home/ldevos/.julia/packages/TensorKit/SLHMM/src/tensors/indexmanipulations.jl","482","#repartition#276","TensorKit.TensorMap{Float64, TensorKit.GradedSpace{TensorKitSectors.PlanarTrivial, Tuple{Int64}}, 1, 3, Vector{Float64}}","2","160","0.01"
"chemistry_like","DMRG2","pairs","eigensolve","/mnt/home/ldevos/Projects/MPSKit.jl/ld-envs/src/utility/utility.jl","283","mul_front!","/mnt/home/ldevos/.julia/packages/LRUCache/ZH7qB/src/LRUCache.jl","159","get!","Vector{Tuple{Any, Any}}","5","160","0.01"
"chemistry_like","DMRG2","pairs","eigensolve","/mnt/home/ldevos/Projects/MPSKit.jl/ld-envs/src/algorithms/derivatives/hamiltonian_derivatives.jl","493","JordanMPO_AC2_Hamiltonian","/mnt/home/ldevos/.julia/packages/Strided/yVKLF/src/mapreduce.jl","200","_mapreduce_block!","Tuple{Int64, Int64}","5","160","0.01"
"chemistry_like","DMRG2","pairs","eigensolve","/mnt/home/ldevos/Projects/MPSKit.jl/ld-envs/src/algorithms/derivatives/hamiltonian_derivatives.jl","493","JordanMPO_AC2_Hamiltonian","/mnt/home/ldevos/.julia/packages/TensorKit/SLHMM/src/auxiliary/auxiliary.jl","110","taskforeach","Vector{Any}","5","160","0.01"
"chemistry_like","DMRG2","pairs","other","/mnt/home/ldevos/Projects/MPSKit.jl/ld-envs/src/algorithms/derivatives/hamiltonian_derivatives.jl","494","JordanMPO_AC2_Hamiltonian","/mnt/home/ldevos/.julia/packages/LRUCache/ZH7qB/src/LRUCache.jl","189","_unsafe_getindex","TensorKit.Hashed{TensorKit.TensorMapSpace{TensorKit.GradedSpace{TensorKitSectors.PlanarTrivial, Tuple{Int64}}, 3, 1}, typeof(TensorKit.sectorhash), typeof(TensorKit.sectorequal)}","2","160","0.01"
"chemistry_like","DMRG2","pairs","gauge","/mnt/home/ldevos/Projects/MPSKit.jl/ld-envs/src/states/orthoview.jl","407","#gauge2!#104","/mnt/home/ldevos/.julia/packages/LRUCache/ZH7qB/src/LRUCache.jl","189","_unsafe_getindex","TensorKit.Hashed{TensorKit.TensorMapSpace{TensorKit.GradedSpace{TensorKitSectors.PlanarTrivial, Tuple{Int64}}, 2, 2}, typeof(TensorKit.sectorhash), typeof(TensorKit.sectorequal)}","2","160","0.01"
"chemistry_like","DMRG2","pairs","operator preparation","/mnt/home/ldevos/Projects/MPSKit.jl/ld-envs/src/algorithms/derivatives/hamiltonian_derivatives.jl","417","prepare_operator!!","/mnt/home/ldevos/.julia/packages/TensorKit/SLHMM/src/tensors/indexmanipulations.jl","660","add_transform_kernel!","TensorKit.var""#add_transform_kernel!##0#add_transform_kernel!##1""{TensorKit.StridedSubblocks{Memory{Float64}, 2}, TensorKit.StridedSubblocks{Memory{Float64}, 2}, Tuple{Tuple{Int64, Int64}, Tuple{}}, Bool, VectorInterface.One, VectorInterface.Zero, TensorOperations.DefaultBackend, TensorOperations.BufferAllocator{Memory{UInt8}}}","2","160","0.01"
"chemistry_like","DMRG2","pairs","other","/mnt/home/ldevos/Projects/MPSKit.jl/ld-envs/src/algorithms/derivatives/hamiltonian_derivatives.jl","494","JordanMPO_AC2_Hamiltonian","/mnt/home/ldevos/.julia/packages/LRUCache/ZH7qB/src/LRUCache.jl","110","_unsafe_haskey","TensorKit.Hashed{TensorKit.TensorMapSpace{TensorKit.GradedSpace{TensorKitSectors.PlanarTrivial, Tuple{Int64}}, 3, 1}, typeof(TensorKit.sectorhash), typeof(TensorKit.sectorequal)}","2","160","0.01"
"chemistry_like","DMRG2","pairs","eigensolve","/mnt/home/ldevos/Projects/MPSKit.jl/ld-envs/src/utility/utility.jl","284","mul_front!","/mnt/home/ldevos/.julia/packages/LRUCache/ZH7qB/src/LRUCache.jl","159","get!","Vector{Tuple{Any, Any}}","5","160","0.01"
"chemistry_like","DMRG2","pairs","operator preparation","/mnt/home/ldevos/Projects/MPSKit.jl/ld-envs/src/algorithms/derivatives/hamiltonian_derivatives.jl","654","copy_operator_side","/mnt/home/ldevos/.julia/packages/TensorKit/SLHMM/src/tensors/tensor.jl","431","copy","Memory{Float64}","1","144","0.01"
"chemistry_like","DMRG2","pairs","eigensolve","/mnt/home/ldevos/Projects/MPSKit.jl/ld-envs/src/algorithms/derivatives/mpo_derivatives.jl","321","PrecomputedDerivative","/mnt/home/ldevos/.julia/packages/LRUCache/ZH7qB/src/LRUCache.jl","189","_unsafe_getindex","TensorKit.DegeneracyStructure{2}","6","144","0.01"
"chemistry_like","DMRG2","pairs","gauge","/mnt/home/ldevos/Projects/MPSKit.jl/ld-envs/src/utility/utility.jl","2","#_transpose_front#8","/mnt/home/ldevos/.julia/packages/Strided/yVKLF/src/mapreduce.jl","200","_mapreduce_block!","Tuple{StridedViews.StridedView{Float64, 3, Memory{Float64}, typeof(identity)}, StridedViews.StridedView{Float64, 3, Memory{Float64}, typeof(identity)}}","1","144","0.01"
"chemistry_like","DMRG2","pairs","gauge","/mnt/home/ldevos/Projects/MPSKit.jl/ld-envs/src/states/orthoview.jl","407","#gauge2!#104","/mnt/home/ldevos/.julia/packages/TensorKit/SLHMM/src/tensors/blockiterators.jl","33","#foreachblock#173","Tuple{TensorKit.TensorMap{Float64, TensorKit.GradedSpace{TensorKitSectors.PlanarTrivial, Tuple{Int64}}, 2, 1, Vector{Float64}}, TensorKit.DiagonalTensorMap{Float64, TensorKit.GradedSpace{TensorKitSectors.PlanarTrivial, Tuple{Int64}}, Vector{Float64}}, TensorKit.TensorMap{Float64, TensorKit.GradedSpace{TensorKitSectors.PlanarTrivial, Tuple{Int64}}, 1, 2, Vector{Float64}}}","1","136","0.01"
"chemistry_like","DMRG2","pairs","other","/mnt/home/ldevos/Projects/MPSKit.jl/ld-envs/src/utility/utility.jl","284","mul_front!","/mnt/home/ldevos/.julia/packages/LRUCache/ZH7qB/src/LRUCache.jl","189","_unsafe_getindex","TensorKit.Hashed{TensorKit.TensorMapSpace{TensorKit.GradedSpace{TensorKitSectors.PlanarTrivial, Tuple{Int64}}, 2, 1}, typeof(TensorKit.sectorhash), typeof(TensorKit.sectorequal)}","2","128","0.01"
"chemistry_like","DMRG2","pairs","operator preparation","/mnt/home/ldevos/Projects/MPSKit.jl/ld-envs/src/algorithms/derivatives/hamiltonian_derivatives.jl","706","#right_AC_ingredients#558","/mnt/home/ldevos/.julia/packages/LRUCache/ZH7qB/src/LRUCache.jl","189","_unsafe_getindex","TensorKit.Hashed{TensorKit.TensorMapSpace{TensorKit.GradedSpace{TensorKitSectors.PlanarTrivial, Tuple{Int64}}, 1, 2}, typeof(TensorKit.sectorhash), typeof(TensorKit.sectorequal)}","2","128","0.01"
"chemistry_like","DMRG2","pairs","operator preparation","/mnt/home/ldevos/Projects/MPSKit.jl/ld-envs/src/algorithms/derivatives/hamiltonian_derivatives.jl","706","#right_AC_ingredients#558","/mnt/home/ldevos/.julia/packages/BlockTensorKit/Kw0jL/src/vectorspaces/sumspace.jl","112","dual","Vector{TensorKit.GradedSpace{TensorKitSectors.PlanarTrivial, Tuple{Int64}}}","4","128","0.01"
"chemistry_like","DMRG2","pairs","eigensolve","/mnt/home/ldevos/Projects/MPSKit.jl/ld-envs/src/algorithms/derivatives/hamiltonian_derivatives.jl","494","JordanMPO_AC2_Hamiltonian","/mnt/home/ldevos/.julia/packages/TensorKit/SLHMM/src/auxiliary/auxiliary.jl","110","taskforeach","InvalidStateException","4","128","0.01"
"chemistry_like","DMRG2","pairs","other","/mnt/home/ldevos/Projects/MPSKit.jl/ld-envs/src/algorithms/derivatives/hamiltonian_derivatives.jl","494","JordanMPO_AC2_Hamiltonian","/mnt/home/ldevos/.julia/packages/LRUCache/ZH7qB/src/LRUCache.jl","159","get!","Vector{Tuple{Any, Any}}","4","128","0.01"
"chemistry_like","DMRG2","pairs","operator preparation","/mnt/home/ldevos/Projects/MPSKit.jl/ld-envs/src/algorithms/derivatives/hamiltonian_derivatives.jl","732","prepare_left_AC2","/mnt/home/ldevos/.julia/packages/BlockTensorKit/Kw0jL/src/vectorspaces/sumspace.jl","112","dual","Memory{TensorKit.GradedSpace{TensorKitSectors.PlanarTrivial, Tuple{Int64}}}","4","128","0.01"
"chemistry_like","DMRG2","pairs","operator preparation","/mnt/home/ldevos/Projects/MPSKit.jl/ld-envs/src/algorithms/derivatives/hamiltonian_derivatives.jl","458","prepare_operator!!","/mnt/home/ldevos/.julia/packages/Strided/yVKLF/src/mapreduce.jl","200","_mapreduce_block!","NTuple{6, Int64}","2","128","0.01"
"chemistry_like","DMRG2","pairs","other","/mnt/home/ldevos/Projects/MPSKit.jl/ld-envs/src/utility/utility.jl","328","mul_tail!","/mnt/home/ldevos/.julia/packages/LRUCache/ZH7qB/src/LRUCache.jl","189","_unsafe_getindex","TensorKit.Hashed{TensorKit.TensorMapSpace{TensorKit.GradedSpace{TensorKitSectors.PlanarTrivial, Tuple{Int64}}, 2, 1}, typeof(TensorKit.sectorhash), typeof(TensorKit.sectorequal)}","2","128","0.01"
"chemistry_like","DMRG2","pairs","other","/mnt/home/ldevos/Projects/MPSKit.jl/ld-envs/src/utility/utility.jl","22","project_complement!","/mnt/home/ldevos/.julia/packages/LRUCache/ZH7qB/src/LRUCache.jl","189","_unsafe_getindex","TensorKit.Hashed{TensorKit.TensorMapSpace{TensorKit.GradedSpace{TensorKitSectors.PlanarTrivial, Tuple{Int64}}, 2, 1}, typeof(TensorKit.sectorhash), typeof(TensorKit.sectorequal)}","2","128","0.01"
"chemistry_like","DMRG2","pairs","eigensolve","/mnt/home/ldevos/Projects/MPSKit.jl/ld-envs/src/algorithms/derivatives/hamiltonian_derivatives.jl","493","JordanMPO_AC2_Hamiltonian","/mnt/home/ldevos/.julia/packages/Strided/yVKLF/src/mapreduce.jl","200","_mapreduce_block!","NTuple{6, Int64}","2","128","0.01"
"chemistry_like","DMRG2","pairs","eigensolve","/mnt/home/ldevos/Projects/MPSKit.jl/ld-envs/src/algorithms/fixedpoint.jl","16","fixedpoint","/mnt/home/ldevos/.julia/packages/LRUCache/ZH7qB/src/LRUCache.jl","159","get!","Vector{Tuple{Any, Any}}","4","128","0.01"
"chemistry_like","DMRG2","pairs","operator preparation","/mnt/home/ldevos/Projects/MPSKit.jl/ld-envs/src/algorithms/derivatives/hamiltonian_derivatives.jl","665","_contract_GL_O","/mnt/home/ldevos/.julia/packages/BlockTensorKit/Kw0jL/src/vectorspaces/sumspace.jl","112","dual","Vector{TensorKit.GradedSpace{TensorKitSectors.PlanarTrivial, Tuple{Int64}}}","4","128","0.01"
"chemistry_like","DMRG2","pairs","other","/mnt/home/ldevos/Projects/MPSKit.jl/ld-envs/src/algorithms/derivatives/mpo_derivatives.jl","321","PrecomputedDerivative","/mnt/home/ldevos/.julia/packages/LRUCache/ZH7qB/src/LRUCache.jl","159","get!","Vector{Tuple{Any, Any}}","4","128","0.01"
"chemistry_like","DMRG2","pairs","gauge","/mnt/home/ldevos/Projects/MPSKit.jl/ld-envs/src/utility/utility.jl","2","#_transpose_front#8","/mnt/home/ldevos/.julia/packages/TensorKit/SLHMM/src/auxiliary/auxiliary.jl","110","taskforeach","ReentrantLock","2","128","0.01"
"chemistry_like","DMRG2","pairs","eigensolve","/mnt/home/ldevos/Projects/MPSKit.jl/ld-envs/src/algorithms/fixedpoint.jl","16","fixedpoint","/mnt/home/ldevos/.julia/packages/KrylovKit/bEE7W/src/eigsolve/lanczos.jl","57","#eigsolve#54","MemoryRef{Float64}","4","128","0.01"
"chemistry_like","DMRG2","pairs","eigensolve","/mnt/home/ldevos/Projects/MPSKit.jl/ld-envs/src/algorithms/derivatives/mpo_derivatives.jl","321","PrecomputedDerivative","/mnt/home/ldevos/.julia/packages/LRUCache/ZH7qB/src/LRUCache.jl","110","_unsafe_haskey","TensorKit.Hashed{TensorKit.TensorMapSpace{TensorKit.GradedSpace{TensorKitSectors.PlanarTrivial, Tuple{Int64}}, 1, 2}, typeof(TensorKit.sectorhash), typeof(TensorKit.sectorequal)}","2","128","0.01"
"chemistry_like","DMRG2","pairs","environment transfers","/mnt/home/ldevos/Projects/MPSKit.jl/ld-envs/src/operators/jordanmpotensor.jl","198","_identity_tensor","/mnt/home/ldevos/.julia/packages/LRUCache/ZH7qB/src/LRUCache.jl","159","get!","Vector{Tuple{Any, Any}}","4","128","0.01"
"chemistry_like","DMRG2","pairs","eigensolve","/mnt/home/ldevos/Projects/MPSKit.jl/ld-envs/src/algorithms/derivatives/hamiltonian_derivatives.jl","494","JordanMPO_AC2_Hamiltonian","/mnt/home/ldevos/.julia/packages/Strided/yVKLF/src/mapreduce.jl","200","_mapreduce_block!","Tuple{Int64, Int64}","4","128","0.01"
"chemistry_like","DMRG2","pairs","gauge","/mnt/home/ldevos/Projects/MPSKit.jl/ld-envs/src/states/orthoview.jl","407","#gauge2!#104","/mnt/home/ldevos/.julia/packages/TensorKit/SLHMM/src/factorizations/matrixalgebrakit.jl","45","#86","Base.ReshapedArray{Float64, 2, SubArray{Float64, 1, Vector{Float64}, Tuple{UnitRange{Int64}}, true}, Tuple{}}","2","128","0.01"
"chemistry_like","DMRG2","pairs","operator preparation","/mnt/home/ldevos/Projects/MPSKit.jl/ld-envs/src/algorithms/derivatives/hamiltonian_derivatives.jl","417","prepare_operator!!","/mnt/home/ldevos/.julia/packages/LRUCache/ZH7qB/src/LRUCache.jl","159","get!","Vector{Tuple{Any, Any}}","4","128","0.01"
"chemistry_like","DMRG2","pairs","eigensolve","/mnt/home/ldevos/Projects/MPSKit.jl/ld-envs/src/algorithms/derivatives/mpo_derivatives.jl","321","PrecomputedDerivative","/mnt/home/ldevos/.julia/packages/LRUCache/ZH7qB/src/LRUCache.jl","110","_unsafe_haskey","TensorKit.Hashed{TensorKit.TensorMapSpace{TensorKit.GradedSpace{TensorKitSectors.PlanarTrivial, Tuple{Int64}}, 2, 1}, typeof(TensorKit.sectorhash), typeof(TensorKit.sectorequal)}","2","128","0.01"
"chemistry_like","DMRG2","pairs","eigensolve","/mnt/home/ldevos/Projects/MPSKit.jl/ld-envs/src/algorithms/derivatives/hamiltonian_derivatives.jl","494","JordanMPO_AC2_Hamiltonian","/mnt/home/ldevos/.julia/packages/LRUCache/ZH7qB/src/LRUCache.jl","189","_unsafe_getindex","TensorKit.UniqueTreeTransformer{Int64, 4}","5","120","0.01"
"chemistry_like","DMRG2","pairs","eigensolve","/mnt/home/ldevos/Projects/MPSKit.jl/ld-envs/src/algorithms/derivatives/hamiltonian_derivatives.jl","494","JordanMPO_AC2_Hamiltonian","/mnt/home/ldevos/.julia/packages/LRUCache/ZH7qB/src/LRUCache.jl","189","_unsafe_getindex","TensorKit.DegeneracyStructure{4}","5","120","0.01"
"chemistry_like","DMRG2","pairs","eigensolve","/mnt/home/ldevos/Projects/MPSKit.jl/ld-envs/src/algorithms/derivatives/hamiltonian_derivatives.jl","493","JordanMPO_AC2_Hamiltonian","/mnt/home/ldevos/.julia/packages/TensorOperations/i1lNc/src/implementation/allocator.jl","420","unsafe_buffer_wrap","Vector{Float64}","5","120","0.01"
"chemistry_like","DMRG2","pairs","environment transfers","/mnt/home/ldevos/Projects/MPSKit.jl/ld-envs/src/transfermatrix/transfer.jl","130","#transfer_left#318","/mnt/home/ldevos/.julia/packages/TensorOperations/i1lNc/src/implementation/allocator.jl","449","tensoralloc","Memory{Float64}","5","120","0.01"
"chemistry_like","DMRG2","pairs","eigensolve","/mnt/home/ldevos/Projects/MPSKit.jl/ld-envs/src/algorithms/fixedpoint.jl","16","fixedpoint","/mnt/home/ldevos/.julia/packages/KrylovKit/bEE7W/src/eigsolve/lanczos.jl","57","#eigsolve#54","SubArray{Float64, 1, Vector{Float64}, Tuple{UnitRange{Int64}}, true}","3","120","0.01"
"chemistry_like","DMRG2","pairs","operator preparation","/mnt/home/ldevos/Projects/MPSKit.jl/ld-envs/src/algorithms/derivatives/hamiltonian_derivatives.jl","381","prepare_operator!!","/mnt/home/ldevos/.julia/packages/TensorKit/SLHMM/src/tensors/indexmanipulations.jl","660","add_transform_kernel!","TensorKit.var""#add_transform_kernel!##0#add_transform_kernel!##1""{TensorKit.StridedSubblocks{Memory{Float64}, 6}, TensorKit.StridedSubblocks{Memory{Float64}, 6}, Tuple{NTuple{6, Int64}, Tuple{}}, Bool, VectorInterface.One, VectorInterface.One, TensorOperations.DefaultBackend, TensorOperations.BufferAllocator{Memory{UInt8}}}","1","112","0.01"
"chemistry_like","DMRG2","pairs","eigensolve","/mnt/home/ldevos/Projects/MPSKit.jl/ld-envs/src/algorithms/derivatives/hamiltonian_derivatives.jl","493","JordanMPO_AC2_Hamiltonian","/mnt/home/ldevos/.julia/packages/LRUCache/ZH7qB/src/LRUCache.jl","189","_unsafe_getindex","TensorKit.Hashed{TensorKit.TensorMapSpace{TensorKit.GradedSpace{TensorKitSectors.PlanarTrivial, Tuple{Int64}}, 3, 3}, typeof(TensorKit.sectorhash), typeof(TensorKit.sectorequal)}","1","112","0.01"
"chemistry_like","DMRG2","pairs","operator preparation","/mnt/home/ldevos/Projects/MPSKit.jl/ld-envs/src/algorithms/derivatives/hamiltonian_derivatives.jl","764","prepare_right_AC2","/mnt/home/ldevos/.julia/packages/LRUCache/ZH7qB/src/LRUCache.jl","110","_unsafe_haskey","TensorKit.Hashed{TensorKit.TensorMapSpace{TensorKit.GradedSpace{TensorKitSectors.PlanarTrivial, Tuple{Int64}}, 2, 4}, typeof(TensorKit.sectorhash), typeof(TensorKit.sectorequal)}","1","112","0.01"
"chemistry_like","DMRG2","pairs","other","/mnt/home/ldevos/Projects/MPSKit.jl/ld-envs/src/algorithms/derivatives/hamiltonian_derivatives.jl","494","JordanMPO_AC2_Hamiltonian","/mnt/home/ldevos/.julia/packages/LRUCache/ZH7qB/src/LRUCache.jl","189","_unsafe_getindex","TensorKit.Hashed{TensorKit.TensorMapSpace{TensorKit.GradedSpace{TensorKitSectors.PlanarTrivial, Tuple{Int64}}, 3, 3}, typeof(TensorKit.sectorhash), typeof(TensorKit.sectorequal)}","1","112","0.01"
"chemistry_like","DMRG2","pairs","operator preparation","/mnt/home/ldevos/Projects/MPSKit.jl/ld-envs/src/algorithms/derivatives/hamiltonian_derivatives.jl","417","prepare_operator!!","/mnt/home/ldevos/.julia/packages/TensorOperations/i1lNc/src/implementation/allocator.jl","226","tensoralloc_contract","TensorKit.TensorMapSpace{TensorKit.GradedSpace{TensorKitSectors.PlanarTrivial, Tuple{Int64}}, 2, 4}","1","112","0.01"
"chemistry_like","DMRG2","pairs","operator preparation","/mnt/home/ldevos/Projects/MPSKit.jl/ld-envs/src/algorithms/derivatives/hamiltonian_derivatives.jl","417","prepare_operator!!","/mnt/home/ldevos/.julia/packages/LRUCache/ZH7qB/src/LRUCache.jl","110","_unsafe_haskey","TensorKit.Hashed{TensorKit.TensorMapSpace{TensorKit.GradedSpace{TensorKitSectors.PlanarTrivial, Tuple{Int64}}, 2, 4}, typeof(TensorKit.sectorhash), typeof(TensorKit.sectorequal)}","1","112","0.01"
"chemistry_like","DMRG2","pairs","operator preparation","/mnt/home/ldevos/Projects/MPSKit.jl/ld-envs/src/algorithms/derivatives/mpo_derivatives.jl","238","_fuse_env","/mnt/home/ldevos/.julia/packages/TensorKit/SLHMM/src/auxiliary/dicts.jl","43","SortedVectorDict","Memory{Int64}","4","112","0.01"
"chemistry_like","DMRG2","pairs","operator preparation","/mnt/home/ldevos/Projects/MPSKit.jl/ld-envs/src/algorithms/derivatives/hamiltonian_derivatives.jl","381","prepare_operator!!","/mnt/home/ldevos/.julia/packages/TensorOperations/i1lNc/src/implementation/allocator.jl","226","tensoralloc_contract","TensorKit.TensorMap{Float64, TensorKit.GradedSpace{TensorKitSectors.PlanarTrivial, Tuple{Int64}}, 4, 2, Vector{Float64}}","1","112","0.01"
"chemistry_like","DMRG2","pairs","environment transfers","/mnt/home/ldevos/Projects/MPSKit.jl/ld-envs/src/transfermatrix/transfer.jl","133","#transfer_right#319","/mnt/home/ldevos/.julia/packages/BlockTensorKit/Kw0jL/src/tensors/indexmanipulations.jl","92","transpose!","Tuple{Dict{CartesianIndex{4}, TensorKit.TensorMap{Float64, TensorKit.GradedSpace{TensorKitSectors.PlanarTrivial, Tuple{Int64}}, 2, 2, Vector{Float64}}}, Base.Generator{Dict{CartesianIndex{4}, Float64}, MPSKit.var""#195#196""{MPSKit.JordanMPOTensor{Float64, TensorKit.GradedSpace{TensorKitSectors.PlanarTrivial, Tuple{Int64}}, Vector{Float64}}}}}","1","112","0.01"
"chemistry_like","DMRG2","pairs","operator preparation","/mnt/home/ldevos/Projects/MPSKit.jl/ld-envs/src/algorithms/derivatives/hamiltonian_derivatives.jl","732","prepare_left_AC2","/mnt/home/ldevos/.julia/packages/BlockTensorKit/Kw0jL/src/auxiliary/sparsetensorarray.jl","87","setindex!","Memory{UInt8}","2","112","0.01"
"chemistry_like","DMRG2","pairs","operator preparation","/mnt/home/ldevos/Projects/MPSKit.jl/ld-envs/src/algorithms/derivatives/hamiltonian_derivatives.jl","703","#right_AC_ingredients#558","/mnt/home/ldevos/.julia/packages/BlockTensorKit/Kw0jL/src/vectorspaces/sumspace.jl","63","getindex","Memory{TensorKit.GradedSpace{TensorKitSectors.PlanarTrivial, Tuple{Int64}}}","4","112","0.01"
"chemistry_like","DMRG2","pairs","operator preparation","/mnt/home/ldevos/Projects/MPSKit.jl/ld-envs/src/algorithms/derivatives/hamiltonian_derivatives.jl","381","prepare_operator!!","/mnt/home/ldevos/.julia/packages/TensorKit/SLHMM/src/auxiliary/auxiliary.jl","110","taskforeach","Base.IntrusiveLinkedList{Task}","3","96","0.01"
"chemistry_like","DMRG2","pairs","eigensolve","/mnt/home/ldevos/Projects/MPSKit.jl/ld-envs/src/algorithms/derivatives/hamiltonian_derivatives.jl","494","JordanMPO_AC2_Hamiltonian","/mnt/home/ldevos/.julia/packages/TensorKit/SLHMM/src/tensors/indexmanipulations.jl","660","add_transform_kernel!","TensorKit.var""#add_transform_kernel!##0#add_transform_kernel!##1""{TensorKit.StridedSubblocks{Memory{Float64}, 4}, TensorKit.StridedSubblocks{Memory{Float64}, 4}, Tuple{NTuple{4, Int64}, Tuple{}}, Bool, VectorInterface.One, VectorInterface.Zero, TensorOperations.DefaultBackend, TensorOperations.BufferAllocator{Memory{UInt8}}}","1","96","0.01"
"chemistry_like","DMRG2","pairs","other","/mnt/home/ldevos/Projects/MPSKit.jl/ld-envs/src/algorithms/derivatives/hamiltonian_derivatives.jl","496","JordanMPO_AC2_Hamiltonian","/mnt/home/ldevos/.julia/packages/TensorKit/SLHMM/src/tensors/indexmanipulations.jl","660","add_transform_kernel!","TensorKit.var""#add_transform_kernel!##0#add_transform_kernel!##1""{TensorKit.StridedSubblocks{Memory{Float64}, 4}, TensorKit.StridedSubblocks{Memory{Float64}, 4}, Tuple{NTuple{4, Int64}, Tuple{}}, Bool, VectorInterface.One, VectorInterface.One, TensorOperations.DefaultBackend, TensorOperations.BufferAllocator{Memory{UInt8}}}","1","96","0.01"
"chemistry_like","DMRG2","pairs","operator preparation","/mnt/home/ldevos/Projects/MPSKit.jl/ld-envs/src/algorithms/derivatives/hamiltonian_derivatives.jl","760","prepare_right_AC2","/mnt/home/ldevos/.julia/packages/TensorKit/SLHMM/src/auxiliary/auxiliary.jl","110","taskforeach","Channel{Any}","1","96","0.01"
"chemistry_like","DMRG2","pairs","eigensolve","/mnt/home/ldevos/Projects/MPSKit.jl/ld-envs/src/utility/utility.jl","295","mul_front!","/mnt/home/ldevos/.julia/packages/TensorOperations/i1lNc/src/implementation/blascontract.jl","111","makeblascontractable","Tuple{StridedViews.StridedView{Float64, 3, Memory{Float64}, typeof(identity)}, Tuple{Tuple{Int64}, Tuple{Int64, Int64}}, Bool}","1","96","0.01"
"chemistry_like","DMRG2","pairs","eigensolve","/mnt/home/ldevos/Projects/MPSKit.jl/ld-envs/src/algorithms/fixedpoint.jl","16","fixedpoint","/mnt/home/ldevos/.julia/packages/TensorKit/SLHMM/src/tensors/tensor.jl","98","TensorMap","Memory{Float64}","4","96","0.01"
"chemistry_like","DMRG2","pairs","eigensolve","/mnt/home/ldevos/Projects/MPSKit.jl/ld-envs/src/algorithms/derivatives/hamiltonian_derivatives.jl","493","JordanMPO_AC2_Hamiltonian","/mnt/home/ldevos/.julia/packages/TensorKit/SLHMM/src/tensors/indexmanipulations.jl","660","add_transform_kernel!","TensorKit.var""#add_transform_kernel!##0#add_transform_kernel!##1""{TensorKit.StridedSubblocks{Memory{Float64}, 4}, TensorKit.StridedSubblocks{Memory{Float64}, 4}, Tuple{NTuple{4, Int64}, Tuple{}}, Bool, VectorInterface.One, VectorInterface.Zero, TensorOperations.DefaultBackend, TensorOperations.BufferAllocator{Memory{UInt8}}}","1","96","0.01"
"chemistry_like","DMRG2","pairs","operator preparation","/mnt/home/ldevos/Projects/MPSKit.jl/ld-envs/src/algorithms/derivatives/hamiltonian_derivatives.jl","458","prepare_operator!!","/mnt/home/ldevos/.julia/packages/TensorKit/SLHMM/src/auxiliary/auxiliary.jl","110","taskforeach","Channel{Any}","1","96","0.01"
"chemistry_like","DMRG2","pairs","operator preparation","/mnt/home/ldevos/Projects/MPSKit.jl/ld-envs/src/algorithms/derivatives/hamiltonian_derivatives.jl","381","prepare_operator!!","/mnt/home/ldevos/.julia/packages/TensorKit/SLHMM/src/tensors/indexmanipulations.jl","660","add_transform_kernel!","TensorKit.var""#add_transform_kernel!##0#add_transform_kernel!##1""{TensorKit.StridedSubblocks{Memory{Float64}, 4}, TensorKit.StridedSubblocks{Memory{Float64}, 4}, Tuple{NTuple{4, Int64}, Tuple{}}, Bool, VectorInterface.One, VectorInterface.Zero, TensorOperations.DefaultBackend, TensorOperations.BufferAllocator{Memory{UInt8}}}","1","96","0.01"
"chemistry_like","DMRG2","pairs","other","/mnt/home/ldevos/Projects/MPSKit.jl/ld-envs/src/utility/utility.jl","295","mul_front!","/mnt/home/ldevos/.julia/packages/TensorOperations/i1lNc/src/implementation/blascontract.jl","111","makeblascontractable","Tuple{StridedViews.StridedView{Float64, 3, Memory{Float64}, typeof(identity)}, Tuple{Tuple{Int64}, Tuple{Int64, Int64}}, Bool}","1","96","0.01"
"chemistry_like","DMRG2","pairs","operator preparation","/mnt/home/ldevos/Projects/MPSKit.jl/ld-envs/src/algorithms/derivatives/hamiltonian_derivatives.jl","417","prepare_operator!!","/mnt/home/ldevos/.julia/packages/TensorKit/SLHMM/src/auxiliary/auxiliary.jl","110","taskforeach","Base.IntrusiveLinkedList{Task}","3","96","0.01"
"chemistry_like","DMRG2","pairs","other","/mnt/home/ldevos/Projects/MPSKit.jl/ld-envs/src/algorithms/derivatives/hamiltonian_derivatives.jl","493","JordanMPO_AC2_Hamiltonian","/mnt/home/ldevos/.julia/packages/TensorKit/SLHMM/src/tensors/indexmanipulations.jl","660","add_transform_kernel!","TensorKit.var""#add_transform_kernel!##0#add_transform_kernel!##1""{TensorKit.StridedSubblocks{Memory{Float64}, 4}, TensorKit.StridedSubblocks{Memory{Float64}, 4}, Tuple{NTuple{4, Int64}, Tuple{}}, Bool, VectorInterface.One, VectorInterface.One, TensorOperations.DefaultBackend, TensorOperations.BufferAllocator{Memory{UInt8}}}","1","96","0.01"
"chemistry_like","DMRG2","pairs","eigensolve","/mnt/home/ldevos/Projects/MPSKit.jl/ld-envs/src/utility/utility.jl","295","mul_front!","/mnt/home/ldevos/.julia/packages/TensorOperations/i1lNc/src/implementation/blascontract.jl","111","makeblascontractable","Tuple{Tuple{Int64}, Tuple{Int64}}","3","96","0.01"
"chemistry_like","DMRG2","pairs","gauge","/mnt/home/ldevos/Projects/MPSKit.jl/ld-envs/src/states/orthoview.jl","174","setindex!","/mnt/home/ldevos/.julia/packages/LRUCache/ZH7qB/src/LRUCache.jl","189","_unsafe_getindex","TensorKit.Hashed{TensorKit.TensorMapSpace{TensorKit.GradedSpace{TensorKitSectors.PlanarTrivial, Tuple{Int64}}, 1, 1}, typeof(TensorKit.sectorhash), typeof(TensorKit.sectorequal)}","2","96","0.01"
"chemistry_like","DMRG2","pairs","eigensolve","/mnt/home/ldevos/Projects/MPSKit.jl/ld-envs/src/algorithms/fixedpoint.jl","16","fixedpoint","/mnt/home/ldevos/.julia/packages/TensorKit/SLHMM/src/tensors/tensor.jl","98","TensorMap","Vector{Float64}","3","96","0.01"
"chemistry_like","DMRG2","pairs","operator preparation","/mnt/home/ldevos/Projects/MPSKit.jl/ld-envs/src/algorithms/derivatives/hamiltonian_derivatives.jl","432","prepare_operator!!","/mnt/home/ldevos/.julia/packages/TensorKit/SLHMM/src/auxiliary/auxiliary.jl","110","taskforeach","Base.IntrusiveLinkedList{Task}","3","96","0.01"
"chemistry_like","DMRG2","pairs","gauge","/mnt/home/ldevos/Projects/MPSKit.jl/ld-envs/src/states/orthoview.jl","325","left_gauge","/mnt/home/ldevos/.julia/packages/LRUCache/ZH7qB/src/LRUCache.jl","159","get!","Vector{Tuple{Any, Any}}","3","96","0.01"
"chemistry_like","DMRG2","pairs","environment transfers","/mnt/home/ldevos/Projects/MPSKit.jl/ld-envs/src/transfermatrix/transfer.jl","130","#transfer_left#318","/mnt/home/ldevos/.julia/packages/BlockTensorKit/Kw0jL/src/vectorspaces/sumspace.jl","16","#SumSpace#1","Memory{TensorKit.GradedSpace{TensorKitSectors.PlanarTrivial, Tuple{Int64}}}","2","96","0.01"
"chemistry_like","DMRG2","pairs","eigensolve","/mnt/home/ldevos/Projects/MPSKit.jl/ld-envs/src/utility/utility.jl","283","mul_front!","/mnt/home/ldevos/.julia/packages/LRUCache/ZH7qB/src/LRUCache.jl","110","_unsafe_haskey","TensorKit.Hashed{TensorKit.TensorMapSpace{TensorKit.GradedSpace{TensorKitSectors.PlanarTrivial, Tuple{Int64}}, 1, 1}, typeof(TensorKit.sectorhash), typeof(TensorKit.sectorequal)}","2","96","0.01"
"chemistry_like","DMRG2","pairs","operator preparation","/mnt/home/ldevos/Projects/MPSKit.jl/ld-envs/src/algorithms/derivatives/hamiltonian_derivatives.jl","381","prepare_operator!!","/mnt/home/ldevos/.julia/packages/Strided/yVKLF/src/mapreduce.jl","200","_mapreduce_block!","StridedViews.StridedView{Float64, 4, Memory{Float64}, typeof(identity)}","1","96","0.01"
"chemistry_like","DMRG2","pairs","operator preparation","/mnt/home/ldevos/Projects/MPSKit.jl/ld-envs/src/algorithms/derivatives/hamiltonian_derivatives.jl","669","_contract_O_GR","/mnt/home/ldevos/.julia/packages/BlockTensorKit/Kw0jL/src/vectorspaces/sumspace.jl","112","dual","Vector{TensorKit.GradedSpace{TensorKitSectors.PlanarTrivial, Tuple{Int64}}}","3","96","0.01"
"chemistry_like","DMRG2","pairs","operator preparation","/mnt/home/ldevos/Projects/MPSKit.jl/ld-envs/src/algorithms/derivatives/hamiltonian_derivatives.jl","417","prepare_operator!!","/mnt/home/ldevos/.julia/packages/TensorKit/SLHMM/src/auxiliary/auxiliary.jl","110","taskforeach","Channel{Any}","1","96","0.01"
"chemistry_like","DMRG2","pairs","eigensolve","/mnt/home/ldevos/Projects/MPSKit.jl/ld-envs/src/algorithms/derivatives/hamiltonian_derivatives.jl","493","JordanMPO_AC2_Hamiltonian","/mnt/home/ldevos/.julia/packages/TensorOperations/i1lNc/src/implementation/allocator.jl","420","unsafe_buffer_wrap","Memory{Float64}","4","96","0.01"
"chemistry_like","DMRG2","pairs","eigensolve","/mnt/home/ldevos/Projects/MPSKit.jl/ld-envs/src/algorithms/derivatives/hamiltonian_derivatives.jl","493","JordanMPO_AC2_Hamiltonian","/mnt/home/ldevos/.julia/packages/LRUCache/ZH7qB/src/LRUCache.jl","189","_unsafe_getindex","TensorKit.DegeneracyStructure{4}","4","96","0.01"
"chemistry_like","DMRG2","pairs","gauge","/mnt/home/ldevos/Projects/MPSKit.jl/ld-envs/src/states/orthoview.jl","407","#gauge2!#104","/mnt/home/ldevos/.julia/packages/MatrixAlgebraKit/AbU5a/src/algorithms.jl","536","macro expansion","String","3","93","0.01"
"chemistry_like","DMRG2","pairs","operator preparation","/mnt/home/ldevos/Projects/MPSKit.jl/ld-envs/src/algorithms/derivatives/hamiltonian_derivatives.jl","751","prepare_left_AC2","/mnt/home/ldevos/.julia/packages/BlockTensorKit/Kw0jL/src/vectorspaces/sumspace.jl","63","getindex","Memory{TensorKit.GradedSpace{TensorKitSectors.PlanarTrivial, Tuple{Int64}}}","3","88","0.01"
"chemistry_like","DMRG2","pairs","operator preparation","/mnt/home/ldevos/Projects/MPSKit.jl/ld-envs/src/algorithms/derivatives/hamiltonian_derivatives.jl","706","#right_AC_ingredients#558","/mnt/home/ldevos/.julia/packages/BlockTensorKit/Kw0jL/src/vectorspaces/sumspace.jl","112","dual","Memory{TensorKit.GradedSpace{TensorKitSectors.PlanarTrivial, Tuple{Int64}}}","3","88","0.01"
"chemistry_like","DMRG2","pairs","operator preparation","/mnt/home/ldevos/Projects/MPSKit.jl/ld-envs/src/algorithms/derivatives/hamiltonian_derivatives.jl","684","left_AC_ingredients","/mnt/home/ldevos/.julia/packages/BlockTensorKit/Kw0jL/src/tensors/blocktensor.jl","16","BlockTensorMap","Memory{TensorKit.TensorMap{Float64, TensorKit.GradedSpace{TensorKitSectors.PlanarTrivial, Tuple{Int64}}, 2, 2, Vector{Float64}}}","1","88","0.01"
"chemistry_like","DMRG2","pairs","operator preparation","/mnt/home/ldevos/Projects/MPSKit.jl/ld-envs/src/algorithms/derivatives/hamiltonian_derivatives.jl","706","#right_AC_ingredients#558","/mnt/home/ldevos/.julia/packages/LRUCache/ZH7qB/src/LRUCache.jl","110","_unsafe_haskey","TensorKit.Hashed{TensorKit.TensorMapSpace{TensorKit.GradedSpace{TensorKitSectors.PlanarTrivial, Tuple{Int64}}, 2, 2}, typeof(TensorKit.sectorhash), typeof(TensorKit.sectorequal)}","1","80","0.01"
"chemistry_like","DMRG2","pairs","operator preparation","/mnt/home/ldevos/Projects/MPSKit.jl/ld-envs/src/algorithms/derivatives/hamiltonian_derivatives.jl","403","prepare_operator!!","/mnt/home/ldevos/.julia/packages/TensorKit/SLHMM/src/tensors/tensoroperations.jl","161","tensorcontract_type","TensorKit.TensorMap{Float64, TensorKit.GradedSpace{TensorKitSectors.PlanarTrivial, Tuple{Int64}}, 2, 2, Vector{Float64}}","1","80","0.01"
"chemistry_like","DMRG2","pairs","operator preparation","/mnt/home/ldevos/Projects/MPSKit.jl/ld-envs/src/algorithms/derivatives/hamiltonian_derivatives.jl","432","prepare_operator!!","/mnt/home/ldevos/.julia/packages/TensorKit/SLHMM/src/tensors/indexmanipulations.jl","660","add_transform_kernel!","TensorKit.var""#add_transform_kernel!##0#add_transform_kernel!##1""{TensorKit.StridedSubblocks{Memory{Float64}, 2}, TensorKit.StridedSubblocks{Memory{Float64}, 2}, Tuple{Tuple{Int64, Int64}, Tuple{}}, Bool, VectorInterface.One, VectorInterface.Zero, TensorOperations.DefaultBackend, TensorOperations.BufferAllocator{Memory{UInt8}}}","1","80","0.01"
"chemistry_like","DMRG2","pairs","operator preparation","/mnt/home/ldevos/Projects/MPSKit.jl/ld-envs/src/algorithms/derivatives/hamiltonian_derivatives.jl","458","prepare_operator!!","/mnt/home/ldevos/.julia/packages/LRUCache/ZH7qB/src/LRUCache.jl","189","_unsafe_getindex","TensorKit.Hashed{TensorKit.TensorMapSpace{TensorKit.GradedSpace{TensorKitSectors.PlanarTrivial, Tuple{Int64}}, 0, 4}, typeof(TensorKit.sectorhash), typeof(TensorKit.sectorequal)}","1","80","0.01"
"chemistry_like","DMRG2","pairs","other","/mnt/home/ldevos/Projects/MPSKit.jl/ld-envs/src/states/finitemps.jl","380","#AC2#71","/mnt/home/ldevos/.julia/packages/TimerOutputs/0Wski/src/macros.jl","257","macro expansion","TensorKit.var""#sectorstructure##12#sectorstructure##13""{TensorKit.Hashed{TensorKit.TensorMapSpace{TensorKit.GradedSpace{TensorKitSectors.PlanarTrivial, Tuple{Int64}}, 2, 2}, typeof(TensorKit.sectorhash), typeof(TensorKit.sectorequal)}}","1","80","0.01"
"chemistry_like","DMRG2","pairs","other","/mnt/home/ldevos/Projects/MPSKit.jl/ld-envs/src/algorithms/derivatives/hamiltonian_derivatives.jl","494","JordanMPO_AC2_Hamiltonian","/mnt/home/ldevos/.julia/packages/Strided/yVKLF/src/mapreduce.jl","200","_mapreduce_block!","Tuple{NTuple{4, Int64}, NTuple{4, Int64}}","1","80","0.01"
"chemistry_like","DMRG2","pairs","operator preparation","/mnt/home/ldevos/Projects/MPSKit.jl/ld-envs/src/algorithms/derivatives/hamiltonian_derivatives.jl","458","prepare_operator!!","/mnt/home/ldevos/.julia/packages/TensorKit/SLHMM/src/tensors/tensoroperations.jl","161","tensorcontract_type","TensorKit.TensorMap{Float64, TensorKit.GradedSpace{TensorKitSectors.PlanarTrivial, Tuple{Int64}}, 2, 2, Vector{Float64}}","1","80","0.01"
"chemistry_like","DMRG2","pairs","gauge","/mnt/home/ldevos/Projects/MPSKit.jl/ld-envs/src/states/orthoview.jl","407","#gauge2!#104","/mnt/home/ldevos/.julia/packages/TimerOutputs/0Wski/src/macros.jl","257","macro expansion","TensorKit.var""#sectorstructure##12#sectorstructure##13""{TensorKit.Hashed{TensorKit.TensorMapSpace{TensorKit.GradedSpace{TensorKitSectors.PlanarTrivial, Tuple{Int64}}, 2, 2}, typeof(TensorKit.sectorhash), typeof(TensorKit.sectorequal)}}","1","80","0.01"
"chemistry_like","DMRG2","pairs","other","/mnt/home/ldevos/Projects/MPSKit.jl/ld-envs/src/algorithms/groundstate/dmrg.jl","268","macro expansion","/mnt/home/ldevos/Projects/MPSKit.jl/ld-envs/src/algorithms/groundstate/dmrg.jl","268","macro expansion","TensorKit.TensorMap{Float64, TensorKit.GradedSpace{TensorKitSectors.PlanarTrivial, Tuple{Int64}}, 2, 2, Vector{Float64}}","1","80","0.01"
"chemistry_like","DMRG2","pairs","operator preparation","/mnt/home/ldevos/Projects/MPSKit.jl/ld-envs/src/algorithms/derivatives/hamiltonian_derivatives.jl","764","prepare_right_AC2","/mnt/home/ldevos/.julia/packages/TensorKit/SLHMM/src/tensors/indexmanipulations.jl","660","add_transform_kernel!","TensorKit.var""#add_transform_kernel!##0#add_transform_kernel!##1""{TensorKit.StridedSubblocks{Memory{Float64}, 3}, TensorKit.StridedSubblocks{Memory{Float64}, 3}, Tuple{Tuple{Int64, Int64, Int64}, Tuple{}}, Bool, VectorInterface.One, VectorInterface.One, TensorOperations.DefaultBackend, TensorOperations.BufferAllocator{Memory{UInt8}}}","1","80","0.01"
"chemistry_like","DMRG2","pairs","other","/mnt/home/ldevos/Projects/MPSKit.jl/ld-envs/src/utility/utility.jl","295","mul_front!","/mnt/home/ldevos/.julia/packages/TensorOperations/i1lNc/src/implementation/blascontract.jl","100","makeblascontractable","StridedViews.StridedView{Float64, 3, Memory{Float64}, typeof(identity)}","1","80","0.01"
"chemistry_like","DMRG2","pairs","operator preparation","/mnt/home/ldevos/Projects/MPSKit.jl/ld-envs/src/algorithms/derivatives/hamiltonian_derivatives.jl","458","prepare_operator!!","/mnt/home/ldevos/.julia/packages/LRUCache/ZH7qB/src/LRUCache.jl","110","_unsafe_haskey","TensorKit.Hashed{TensorKit.TensorMapSpace{TensorKit.GradedSpace{TensorKitSectors.PlanarTrivial, Tuple{Int64}}, 0, 4}, typeof(TensorKit.sectorhash), typeof(TensorKit.sectorequal)}","1","80","0.01"
"chemistry_like","DMRG2","pairs","operator preparation","/mnt/home/ldevos/Projects/MPSKit.jl/ld-envs/src/algorithms/derivatives/mpo_derivatives.jl","238","_fuse_env","/mnt/home/ldevos/.julia/packages/BlockTensorKit/Kw0jL/src/vectorspaces/sumspace.jl","129","_sectors","Dict{TensorKitSectors.PlanarTrivial, Nothing}","1","80","0.01"
"chemistry_like","DMRG2","pairs","operator preparation","/mnt/home/ldevos/Projects/MPSKit.jl/ld-envs/src/algorithms/derivatives/hamiltonian_derivatives.jl","445","prepare_operator!!","/mnt/home/ldevos/.julia/packages/TensorKit/SLHMM/src/tensors/tensoroperations.jl","161","tensorcontract_type","TensorKit.TensorMap{Float64, TensorKit.GradedSpace{TensorKitSectors.PlanarTrivial, Tuple{Int64}}, 2, 2, Vector{Float64}}","1","80","0.01"
"chemistry_like","DMRG2","pairs","operator preparation","/mnt/home/ldevos/Projects/MPSKit.jl/ld-envs/src/algorithms/derivatives/hamiltonian_derivatives.jl","381","prepare_operator!!","/mnt/home/ldevos/.julia/packages/TensorKit/SLHMM/src/tensors/indexmanipulations.jl","660","add_transform_kernel!","TensorKit.var""#add_transform_kernel!##0#add_transform_kernel!##1""{TensorKit.StridedSubblocks{Memory{Float64}, 2}, TensorKit.StridedSubblocks{Memory{Float64}, 2}, Tuple{Tuple{Int64, Int64}, Tuple{}}, Bool, VectorInterface.One, VectorInterface.Zero, TensorOperations.DefaultBackend, TensorOperations.BufferAllocator{Memory{UInt8}}}","1","80","0.01"
"chemistry_like","DMRG2","pairs","operator preparation","/mnt/home/ldevos/Projects/MPSKit.jl/ld-envs/src/algorithms/derivatives/hamiltonian_derivatives.jl","458","prepare_operator!!","/mnt/home/ldevos/.julia/packages/Strided/yVKLF/src/mapreduce.jl","200","_mapreduce_block!","Tuple{NTuple{4, Int64}, NTuple{4, Int64}}","1","80","0.01"
"chemistry_like","DMRG2","pairs","operator preparation","/mnt/home/ldevos/Projects/MPSKit.jl/ld-envs/src/algorithms/derivatives/hamiltonian_derivatives.jl","764","prepare_right_AC2","/mnt/home/ldevos/.julia/packages/Strided/yVKLF/src/mapreduce.jl","200","_mapreduce_block!","StridedViews.StridedView{Float64, 3, Memory{Float64}, typeof(identity)}","1","80","0.01"
"chemistry_like","DMRG2","pairs","environment transfers","/mnt/home/ldevos/Projects/MPSKit.jl/ld-envs/src/operators/jordanmpotensor.jl","198","_identity_tensor","/mnt/home/ldevos/.julia/packages/TimerOutputs/0Wski/src/macros.jl","257","macro expansion","TensorKit.var""#sectorstructure##12#sectorstructure##13""{TensorKit.Hashed{TensorKit.TensorMapSpace{TensorKit.GradedSpace{TensorKitSectors.PlanarTrivial, Tuple{Int64}}, 2, 2}, typeof(TensorKit.sectorhash), typeof(TensorKit.sectorequal)}}","1","80","0.01"
"chemistry_like","DMRG2","pairs","eigensolve","/mnt/home/ldevos/Projects/MPSKit.jl/ld-envs/src/algorithms/derivatives/hamiltonian_derivatives.jl","493","JordanMPO_AC2_Hamiltonian","/mnt/home/ldevos/.julia/packages/TensorKit/SLHMM/src/auxiliary/auxiliary.jl","109","taskforeach","Base.Threads.Atomic{Int64}","5","80","0.01"
"chemistry_like","DMRG2","pairs","operator preparation","/mnt/home/ldevos/Projects/MPSKit.jl/ld-envs/src/algorithms/derivatives/hamiltonian_derivatives.jl","417","prepare_operator!!","/mnt/home/ldevos/.julia/packages/LRUCache/ZH7qB/src/LRUCache.jl","189","_unsafe_getindex","TensorKit.Hashed{TensorKit.TensorMapSpace{TensorKit.GradedSpace{TensorKitSectors.PlanarTrivial, Tuple{Int64}}, 0, 4}, typeof(TensorKit.sectorhash), typeof(TensorKit.sectorequal)}","1","80","0.01"
"chemistry_like","DMRG2","pairs","gauge","/mnt/home/ldevos/Projects/MPSKit.jl/ld-envs/src/states/orthoview.jl","407","#gauge2!#104","/mnt/home/ldevos/.julia/packages/TensorKit/SLHMM/src/factorizations/truncation.jl","82","truncate_codomain!","Memory{Int64}","1","80","0.01"
"chemistry_like","DMRG2","pairs","operator preparation","/mnt/home/ldevos/Projects/MPSKit.jl/ld-envs/src/algorithms/derivatives/hamiltonian_derivatives.jl","432","prepare_operator!!","/mnt/home/ldevos/.julia/packages/Strided/yVKLF/src/mapreduce.jl","200","_mapreduce_block!","Tuple{NTuple{4, Int64}, NTuple{4, Int64}}","1","80","0.01"
"chemistry_like","DMRG2","pairs","operator preparation","/mnt/home/ldevos/Projects/MPSKit.jl/ld-envs/src/algorithms/derivatives/hamiltonian_derivatives.jl","417","prepare_operator!!","/mnt/home/ldevos/.julia/packages/TimerOutputs/0Wski/src/macros.jl","257","macro expansion","TensorKit.Hashed{TensorKit.TensorMapSpace{TensorKit.GradedSpace{TensorKitSectors.PlanarTrivial, Tuple{Int64}}, 2, 2}, typeof(TensorKit.sectorhash), typeof(TensorKit.sectorequal)}","1","80","0.01"
"chemistry_like","DMRG2","pairs","operator preparation","/mnt/home/ldevos/Projects/MPSKit.jl/ld-envs/src/algorithms/derivatives/hamiltonian_derivatives.jl","732","prepare_left_AC2","/mnt/home/ldevos/.julia/packages/BlockTensorKit/Kw0jL/src/tensors/sparseblocktensor.jl","16","SparseBlockTensorMap","Dict{CartesianIndex{3}, TensorKit.TensorMap{Float64, TensorKit.GradedSpace{TensorKitSectors.PlanarTrivial, Tuple{Int64}}, 1, 2, Vector{Float64}}}","1","80","0.01"
"chemistry_like","DMRG2","pairs","operator preparation","/mnt/home/ldevos/Projects/MPSKit.jl/ld-envs/src/algorithms/derivatives/hamiltonian_derivatives.jl","665","_contract_GL_O","/mnt/home/ldevos/.julia/packages/BlockTensorKit/Kw0jL/src/tensors/tensoroperations.jl","58","tensoradd_type","BlockTensorKit.SparseBlockTensorMap{TensorKit.TensorMap{Float64, TensorKit.GradedSpace{TensorKitSectors.PlanarTrivial, Tuple{Int64}}, 2, 2, Vector{Float64}}, Float64, TensorKit.GradedSpace{TensorKitSectors.PlanarTrivial, Tuple{Int64}}, 2, 2, 4}","1","80","0.01"
"chemistry_like","DMRG2","pairs","operator preparation","/mnt/home/ldevos/Projects/MPSKit.jl/ld-envs/src/algorithms/derivatives/hamiltonian_derivatives.jl","694","left_AC_ingredients","/mnt/home/ldevos/.julia/packages/BlockTensorKit/Kw0jL/src/tensors/sparseblocktensor.jl","16","SparseBlockTensorMap","Dict{CartesianIndex{5}, TensorKit.TensorMap{Float64, TensorKit.GradedSpace{TensorKitSectors.PlanarTrivial, Tuple{Int64}}, 3, 2, Vector{Float64}}}","1","80","0.01"
"chemistry_like","DMRG2","pairs","eigensolve","/mnt/home/ldevos/Projects/MPSKit.jl/ld-envs/src/algorithms/derivatives/hamiltonian_derivatives.jl","493","JordanMPO_AC2_Hamiltonian","/mnt/home/ldevos/.julia/packages/LRUCache/ZH7qB/src/LRUCache.jl","189","_unsafe_getindex","TensorKit.SectorStructure{TensorKitSectors.PlanarTrivial, Tuple{TensorKit.FusionTree{TensorKitSectors.PlanarTrivial, 1, 0, 0}, TensorKit.FusionTree{TensorKitSectors.PlanarTrivial, 3, 1, 2}}}","5","80","0.01"
"chemistry_like","DMRG2","pairs","eigensolve","/mnt/home/ldevos/Projects/MPSKit.jl/ld-envs/src/algorithms/derivatives/hamiltonian_derivatives.jl","494","JordanMPO_AC2_Hamiltonian","/mnt/home/ldevos/.julia/packages/TensorOperations/i1lNc/src/implementation/allocator.jl","420","unsafe_buffer_wrap","Vector{Float64}","3","72","0.01"
"chemistry_like","DMRG2","pairs","eigensolve","/mnt/home/ldevos/Projects/MPSKit.jl/ld-envs/src/algorithms/derivatives/hamiltonian_derivatives.jl","493","JordanMPO_AC2_Hamiltonian","/mnt/home/ldevos/.julia/packages/LRUCache/ZH7qB/src/LRUCache.jl","189","_unsafe_getindex","TensorKit.UniqueTreeTransformer{Int64, 4}","3","72","0.01"
"chemistry_like","DMRG2","pairs","eigensolve","/mnt/home/ldevos/Projects/MPSKit.jl/ld-envs/src/algorithms/derivatives/mpo_derivatives.jl","317","PrecomputedDerivative","/mnt/home/ldevos/.julia/packages/LRUCache/ZH7qB/src/LRUCache.jl","189","_unsafe_getindex","TensorKit.DegeneracyStructure{3}","3","72","0.01"
"chemistry_like","DMRG2","pairs","environment transfers","/mnt/home/ldevos/Projects/MPSKit.jl/ld-envs/src/transfermatrix/transfer.jl","130","#transfer_left#318","/mnt/home/ldevos/.julia/packages/BlockTensorKit/Kw0jL/src/tensors/blocktensor.jl","209","convert","Memory{TensorKit.TensorMap{Float64, TensorKit.GradedSpace{TensorKitSectors.PlanarTrivial, Tuple{Int64}}, 1, 2, Vector{Float64}}}","1","72","0.01"
"chemistry_like","DMRG2","pairs","eigensolve","/mnt/home/ldevos/Projects/MPSKit.jl/ld-envs/src/algorithms/derivatives/hamiltonian_derivatives.jl","494","JordanMPO_AC2_Hamiltonian","/mnt/home/ldevos/.julia/packages/TensorOperations/i1lNc/src/implementation/allocator.jl","420","unsafe_buffer_wrap","Memory{Float64}","3","72","0.01"
"chemistry_like","DMRG2","pairs","eigensolve","/mnt/home/ldevos/Projects/MPSKit.jl/ld-envs/src/algorithms/fixedpoint.jl","16","fixedpoint","/mnt/home/ldevos/.julia/packages/LRUCache/ZH7qB/src/LRUCache.jl","189","_unsafe_getindex","TensorKit.DegeneracyStructure{4}","3","72","0.01"
"chemistry_like","DMRG2","pairs","eigensolve","/mnt/home/ldevos/Projects/MPSKit.jl/ld-envs/src/algorithms/derivatives/hamiltonian_derivatives.jl","494","JordanMPO_AC2_Hamiltonian","/mnt/home/ldevos/.julia/packages/LRUCache/ZH7qB/src/LRUCache.jl","189","_unsafe_getindex","TensorKit.DegeneracyStructure{6}","3","72","0.01"
"chemistry_like","DMRG2","pairs","operator preparation","/mnt/home/ldevos/Projects/MPSKit.jl/ld-envs/src/algorithms/derivatives/hamiltonian_derivatives.jl","706","#right_AC_ingredients#558","/mnt/home/ldevos/.julia/packages/LRUCache/ZH7qB/src/LRUCache.jl","110","_unsafe_haskey","TensorKit.Hashed{TensorKit.TensorMapSpace{TensorKit.GradedSpace{TensorKitSectors.PlanarTrivial, Tuple{Int64}}, 1, 2}, typeof(TensorKit.sectorhash), typeof(TensorKit.sectorequal)}","1","64","0.01"
"chemistry_like","DMRG2","pairs","environment transfers","/mnt/home/ldevos/Projects/MPSKit.jl/ld-envs/src/transfermatrix/transfer.jl","133","#transfer_right#319","/mnt/home/ldevos/.julia/packages/BlockTensorKit/Kw0jL/src/vectorspaces/sumspace.jl","16","#SumSpace#1","Vector{TensorKit.GradedSpace{TensorKitSectors.PlanarTrivial, Tuple{Int64}}}","2","64","0.01"
"chemistry_like","DMRG2","pairs","other","/mnt/home/ldevos/Projects/MPSKit.jl/ld-envs/src/utility/utility.jl","267","mul_front","/mnt/home/ldevos/Projects/MPSKit.jl/ld-envs/src/utility/utility.jl","267","mul_front","TensorKit.TensorMapSpace{TensorKit.GradedSpace{TensorKitSectors.PlanarTrivial, Tuple{Int64}}, 2, 1}","1","64","0.01"
"chemistry_like","DMRG2","pairs","operator preparation","/mnt/home/ldevos/Projects/MPSKit.jl/ld-envs/src/algorithms/derivatives/hamiltonian_derivatives.jl","751","prepare_left_AC2","/mnt/home/ldevos/.julia/packages/BlockTensorKit/Kw0jL/src/vectorspaces/sumspace.jl","63","getindex","Vector{TensorKit.GradedSpace{TensorKitSectors.PlanarTrivial, Tuple{Int64}}}","2","64","0.01"
"chemistry_like","DMRG2","pairs","other","/mnt/home/ldevos/Projects/MPSKit.jl/ld-envs/src/states/finitemps.jl","380","#AC2#71","/mnt/home/ldevos/.julia/packages/LRUCache/ZH7qB/src/LRUCache.jl","110","_unsafe_haskey","TensorKit.Hashed{TensorKit.TensorMapSpace{TensorKit.GradedSpace{TensorKitSectors.PlanarTrivial, Tuple{Int64}}, 2, 1}, typeof(TensorKit.sectorhash), typeof(TensorKit.sectorequal)}","1","64","0.01"
"chemistry_like","DMRG2","pairs","gauge","/mnt/home/ldevos/Projects/MPSKit.jl/ld-envs/src/utility/utility.jl","2","#_transpose_front#8","/mnt/home/ldevos/.julia/packages/LRUCache/ZH7qB/src/LRUCache.jl","159","get!","Vector{Tuple{Any, Any}}","2","64","0.01"
"chemistry_like","DMRG2","pairs","operator preparation","/mnt/home/ldevos/Projects/MPSKit.jl/ld-envs/src/algorithms/derivatives/hamiltonian_derivatives.jl","764","prepare_right_AC2","/mnt/home/ldevos/.julia/packages/Strided/yVKLF/src/mapreduce.jl","200","_mapreduce_block!","NTuple{6, Int64}","1","64","0.01"
"chemistry_like","DMRG2","pairs","other","/mnt/home/ldevos/Projects/MPSKit.jl/ld-envs/src/utility/utility.jl","22","project_complement!","/mnt/home/ldevos/.julia/packages/LRUCache/ZH7qB/src/LRUCache.jl","110","_unsafe_haskey","TensorKit.Hashed{TensorKit.TensorMapSpace{TensorKit.GradedSpace{TensorKitSectors.PlanarTrivial, Tuple{Int64}}, 1, 2}, typeof(TensorKit.sectorhash), typeof(TensorKit.sectorequal)}","1","64","0.01"
"chemistry_like","DMRG2","pairs","gauge","/mnt/home/ldevos/Projects/MPSKit.jl/ld-envs/src/states/orthoview.jl","407","#gauge2!#104","/mnt/home/ldevos/.julia/packages/LRUCache/ZH7qB/src/LRUCache.jl","189","_unsafe_getindex","TensorKit.Hashed{TensorKit.TensorMapSpace{TensorKit.GradedSpace{TensorKitSectors.PlanarTrivial, Tuple{Int64}}, 1, 2}, typeof(TensorKit.sectorhash), typeof(TensorKit.sectorequal)}","1","64","0.01"
"chemistry_like","DMRG2","pairs","gauge","/mnt/home/ldevos/Projects/MPSKit.jl/ld-envs/src/states/orthoview.jl","407","#gauge2!#104","/mnt/home/ldevos/.julia/packages/TensorKit/SLHMM/src/tensors/diagonal.jl","11","DiagonalTensorMap","Vector{Float64}","2","64","0.01"
"chemistry_like","DMRG2","pairs","eigensolve","/mnt/home/ldevos/Projects/MPSKit.jl/ld-envs/src/algorithms/derivatives/hamiltonian_derivatives.jl","494","JordanMPO_AC2_Hamiltonian","/mnt/home/ldevos/.julia/packages/TensorKit/SLHMM/src/auxiliary/auxiliary.jl","110","taskforeach","Base.Threads.SpinLock","4","64","0.01"
"chemistry_like","DMRG2","pairs","operator preparation","/mnt/home/ldevos/Projects/MPSKit.jl/ld-envs/src/algorithms/derivatives/hamiltonian_derivatives.jl","458","prepare_operator!!","/mnt/home/ldevos/.julia/packages/Strided/yVKLF/src/mapreduce.jl","200","_mapreduce_block!","StridedViews.StridedView{Float64, 2, Memory{Float64}, typeof(identity)}","1","64","0.01"
"chemistry_like","DMRG2","pairs","operator preparation","/mnt/home/ldevos/Projects/MPSKit.jl/ld-envs/src/algorithms/derivatives/hamiltonian_derivatives.jl","732","prepare_left_AC2","/mnt/home/ldevos/.julia/packages/BlockTensorKit/Kw0jL/src/linalg/linalg.jl","46","mul!","Vector{CartesianIndex{3}}","2","64","0.01"
"chemistry_like","DMRG2","pairs","eigensolve","/mnt/home/ldevos/Projects/MPSKit.jl/ld-envs/src/utility/utility.jl","284","mul_front!","/mnt/home/ldevos/.julia/packages/LRUCache/ZH7qB/src/LRUCache.jl","110","_unsafe_haskey","TensorKit.Hashed{TensorKit.TensorMapSpace{TensorKit.GradedSpace{TensorKitSectors.PlanarTrivial, Tuple{Int64}}, 2, 1}, typeof(TensorKit.sectorhash), typeof(TensorKit.sectorequal)}","1","64","0.01"
"chemistry_like","DMRG2","pairs","other","/mnt/home/ldevos/Projects/MPSKit.jl/ld-envs/src/algorithms/derivatives/mpo_derivatives.jl","321","PrecomputedDerivative","/mnt/home/ldevos/.julia/packages/LRUCache/ZH7qB/src/LRUCache.jl","110","_unsafe_haskey","TensorKit.Hashed{TensorKit.TensorMapSpace{TensorKit.GradedSpace{TensorKitSectors.PlanarTrivial, Tuple{Int64}}, 1, 2}, typeof(TensorKit.sectorhash), typeof(TensorKit.sectorequal)}","1","64","0.01"
"chemistry_like","DMRG2","pairs","other","/mnt/home/ldevos/Projects/MPSKit.jl/ld-envs/src/algorithms/derivatives/hamiltonian_derivatives.jl","493","JordanMPO_AC2_Hamiltonian","/mnt/home/ldevos/.julia/packages/TensorKit/SLHMM/src/auxiliary/auxiliary.jl","110","taskforeach","Base.IntrusiveLinkedList{Task}","2","64","0.01"
"chemistry_like","DMRG2","pairs","operator preparation","/mnt/home/ldevos/Projects/MPSKit.jl/ld-envs/src/algorithms/derivatives/hamiltonian_derivatives.jl","669","_contract_O_GR","/mnt/home/ldevos/.julia/packages/BlockTensorKit/Kw0jL/src/vectorspaces/sumspace.jl","112","dual","Memory{TensorKit.GradedSpace{TensorKitSectors.PlanarTrivial, Tuple{Int64}}}","2","64","0.01"
"chemistry_like","DMRG2","pairs","eigensolve","/mnt/home/ldevos/Projects/MPSKit.jl/ld-envs/src/utility/utility.jl","295","mul_front!","/mnt/home/ldevos/.julia/packages/TensorOperations/i1lNc/src/implementation/blascontract.jl","111","makeblascontractable","Tuple{Tuple{Int64}, Tuple{Int64, Int64}}","2","64","0.01"
"chemistry_like","DMRG2","pairs","operator preparation","/mnt/home/ldevos/Projects/MPSKit.jl/ld-envs/src/algorithms/derivatives/hamiltonian_derivatives.jl","417","prepare_operator!!","/mnt/home/ldevos/.julia/packages/Strided/yVKLF/src/mapreduce.jl","200","_mapreduce_block!","StridedViews.StridedView{Float64, 2, Memory{Float64}, typeof(identity)}","1","64","0.01"
"chemistry_like","DMRG2","pairs","eigensolve","/mnt/home/ldevos/Projects/MPSKit.jl/ld-envs/src/utility/utility.jl","284","mul_front!","/mnt/home/ldevos/.julia/packages/LRUCache/ZH7qB/src/LRUCache.jl","189","_unsafe_getindex","TensorKit.SectorStructure{TensorKitSectors.PlanarTrivial, Tuple{TensorKit.FusionTree{TensorKitSectors.PlanarTrivial, 2, 0, 1}, TensorKit.FusionTree{TensorKitSectors.PlanarTrivial, 1, 0, 0}}}","4","64","0.01"
"chemistry_like","DMRG2","pairs","eigensolve","/mnt/home/ldevos/Projects/MPSKit.jl/ld-envs/src/utility/utility.jl","293","mul_front!","/mnt/home/ldevos/.julia/packages/LRUCache/ZH7qB/src/LRUCache.jl","159","get!","Vector{Tuple{Any, Any}}","2","64","0.01"
"chemistry_like","DMRG2","pairs","other","/mnt/home/ldevos/Projects/MPSKit.jl/ld-envs/src/utility/utility.jl","293","mul_front!","/mnt/home/ldevos/.julia/packages/LRUCache/ZH7qB/src/LRUCache.jl","110","_unsafe_haskey","TensorKit.Hashed{TensorKit.TensorMapSpace{TensorKit.GradedSpace{TensorKitSectors.PlanarTrivial, Tuple{Int64}}, 2, 1}, typeof(TensorKit.sectorhash), typeof(TensorKit.sectorequal)}","1","64","0.01"
"chemistry_like","DMRG2","pairs","operator preparation","/mnt/home/ldevos/Projects/MPSKit.jl/ld-envs/src/algorithms/derivatives/hamiltonian_derivatives.jl","760","prepare_right_AC2","/mnt/home/ldevos/.julia/packages/TensorKit/SLHMM/src/tensors/indexmanipulations.jl","660","add_transform_kernel!","TensorKit.var""#add_transform_kernel!##0#add_transform_kernel!##1""{TensorKit.StridedSubblocks{Memory{Float64}, 2}, TensorKit.StridedSubblocks{Memory{Float64}, 2}, Tuple{Tuple{Int64, Int64}, Tuple{}}, Bool, VectorInterface.One, VectorInterface.Zero, TensorOperations.DefaultBackend, TensorOperations.DefaultAllocator}","1","64","0.01"
"chemistry_like","DMRG2","pairs","eigensolve","/mnt/home/ldevos/Projects/MPSKit.jl/ld-envs/src/algorithms/derivatives/hamiltonian_derivatives.jl","493","JordanMPO_AC2_Hamiltonian","/mnt/home/ldevos/.julia/packages/TensorKit/SLHMM/src/auxiliary/auxiliary.jl","110","taskforeach","Base.Threads.SpinLock","4","64","0.01"
"chemistry_like","DMRG2","pairs","operator preparation","/mnt/home/ldevos/Projects/MPSKit.jl/ld-envs/src/algorithms/derivatives/hamiltonian_derivatives.jl","417","prepare_operator!!","/mnt/home/ldevos/.julia/packages/TensorKit/SLHMM/src/auxiliary/auxiliary.jl","110","taskforeach","ReentrantLock","1","64","0.01"
"chemistry_like","DMRG2","pairs","operator preparation","/mnt/home/ldevos/Projects/MPSKit.jl/ld-envs/src/algorithms/derivatives/hamiltonian_derivatives.jl","432","prepare_operator!!","/mnt/home/ldevos/.julia/packages/LRUCache/ZH7qB/src/LRUCache.jl","159","get!","Vector{Tuple{Any, Any}}","2","64","0.01"
"chemistry_like","DMRG2","pairs","gauge","/mnt/home/ldevos/Projects/MPSKit.jl/ld-envs/src/states/orthoview.jl","407","#gauge2!#104","/mnt/home/ldevos/.julia/packages/TensorKit/SLHMM/src/auxiliary/dicts.jl","35","SortedVectorDict","Vector{UnitRange{Int64}}","2","64","0.01"
"chemistry_like","DMRG2","pairs","operator preparation","/mnt/home/ldevos/Projects/MPSKit.jl/ld-envs/src/algorithms/derivatives/hamiltonian_derivatives.jl","717","#right_AC_ingredients#558","/mnt/home/ldevos/Projects/MPSKit.jl/ld-envs/src/algorithms/derivatives/hamiltonian_derivatives.jl","717","#right_AC_ingredients#558","BlockTensorKit.BlockTensorMap{TensorKit.TensorMap{Float64, TensorKit.GradedSpace{TensorKitSectors.PlanarTrivial, Tuple{Int64}}, 2, 1, Vector{Float64}}, Float64, TensorKit.GradedSpace{TensorKitSectors.PlanarTrivial, Tuple{Int64}}, 2, 1, 3}","1","64","0.01"
"chemistry_like","DMRG2","pairs","gauge","/mnt/home/ldevos/Projects/MPSKit.jl/ld-envs/src/states/orthoview.jl","325","left_gauge","/mnt/home/ldevos/.julia/packages/MatrixAlgebraKit/AbU5a/src/algorithms.jl","536","macro expansion","IOBuffer","1","64","0.01"
"chemistry_like","DMRG2","pairs","gauge","/mnt/home/ldevos/Projects/MPSKit.jl/ld-envs/src/states/orthoview.jl","407","#gauge2!#104","/mnt/home/ldevos/.julia/packages/TensorKit/SLHMM/src/tensors/blockiterators.jl","33","foreachblock","TensorKit.TensorMap{Float64, TensorKit.GradedSpace{TensorKitSectors.PlanarTrivial, Tuple{Int64}}, 1, 2, Vector{Float64}}","1","64","0.01"
"chemistry_like","DMRG2","pairs","operator preparation","/mnt/home/ldevos/Projects/MPSKit.jl/ld-envs/src/algorithms/derivatives/hamiltonian_derivatives.jl","403","prepare_operator!!","/mnt/home/ldevos/.julia/packages/LRUCache/ZH7qB/src/LRUCache.jl","159","get!","Vector{Tuple{Any, Any}}","2","64","0.01"
"chemistry_like","DMRG2","pairs","eigensolve","/mnt/home/ldevos/Projects/MPSKit.jl/ld-envs/src/utility/utility.jl","295","mul_front!","/mnt/home/ldevos/.julia/packages/Strided/yVKLF/src/linalg.jl","132","_threaded_blas_mul!","Core.Box","4","64","0.01"
"chemistry_like","DMRG2","pairs","gauge","/mnt/home/ldevos/Projects/MPSKit.jl/ld-envs/src/states/orthoview.jl","408","#gauge2!#104","/mnt/home/ldevos/.julia/packages/TensorKit/SLHMM/src/auxiliary/dicts.jl","137","setindex!","Memory{UnitRange{Int64}}","1","64","0.01"
"chemistry_like","DMRG2","pairs","operator preparation","/mnt/home/ldevos/Projects/MPSKit.jl/ld-envs/src/algorithms/derivatives/hamiltonian_derivatives.jl","417","prepare_operator!!","/mnt/home/ldevos/.julia/packages/Strided/yVKLF/src/mapreduce.jl","200","_mapreduce_block!","Tuple{Int64, Int64}","2","64","0.01"
"chemistry_like","DMRG2","pairs","operator preparation","/mnt/home/ldevos/Projects/MPSKit.jl/ld-envs/src/algorithms/derivatives/hamiltonian_derivatives.jl","760","prepare_right_AC2","/mnt/home/ldevos/.julia/packages/Strided/yVKLF/src/mapreduce.jl","200","_mapreduce_block!","Tuple{Int64, Int64}","2","64","0.01"
"chemistry_like","DMRG2","pairs","gauge","/mnt/home/ldevos/Projects/MPSKit.jl/ld-envs/src/states/orthoview.jl","174","setindex!","/mnt/home/ldevos/.julia/packages/TensorKit/SLHMM/src/auxiliary/dicts.jl","137","setindex!","Memory{UnitRange{Int64}}","1","64","0.01"
"chemistry_like","DMRG2","pairs","eigensolve","/mnt/home/ldevos/Projects/MPSKit.jl/ld-envs/src/algorithms/fixedpoint.jl","16","fixedpoint","/mnt/home/ldevos/.julia/packages/KrylovKit/bEE7W/src/dense/linalg.jl","309","permuteeig!","BitVector","2","64","0.01"
"chemistry_like","DMRG2","pairs","operator preparation","/mnt/home/ldevos/Projects/MPSKit.jl/ld-envs/src/algorithms/derivatives/hamiltonian_derivatives.jl","432","prepare_operator!!","/mnt/home/ldevos/.julia/packages/Strided/yVKLF/src/mapreduce.jl","200","_mapreduce_block!","Tuple{Int64, Int64}","2","64","0.01"
"chemistry_like","DMRG2","pairs","other","/mnt/home/ldevos/Projects/MPSKit.jl/ld-envs/src/algorithms/derivatives/mpo_derivatives.jl","321","PrecomputedDerivative","/mnt/home/ldevos/.julia/packages/LRUCache/ZH7qB/src/LRUCache.jl","189","_unsafe_getindex","TensorKit.Hashed{TensorKit.TensorMapSpace{TensorKit.GradedSpace{TensorKitSectors.PlanarTrivial, Tuple{Int64}}, 2, 1}, typeof(TensorKit.sectorhash), typeof(TensorKit.sectorequal)}","1","64","0.01"
"chemistry_like","DMRG2","pairs","eigensolve","/mnt/home/ldevos/Projects/MPSKit.jl/ld-envs/src/algorithms/fixedpoint.jl","16","fixedpoint","/mnt/home/ldevos/.julia/packages/KrylovKit/bEE7W/src/dense/reflector.jl","27","householder","Vector{Float64}","2","64","0.01"
"chemistry_like","DMRG2","pairs","operator preparation","/mnt/home/ldevos/Projects/MPSKit.jl/ld-envs/src/algorithms/derivatives/hamiltonian_derivatives.jl","669","_contract_O_GR","/mnt/home/ldevos/.julia/packages/BlockTensorKit/Kw0jL/src/tensors/blocktensor.jl","16","BlockTensorMap","Array{TensorKit.TensorMap{Float64, TensorKit.GradedSpace{TensorKitSectors.PlanarTrivial, Tuple{Int64}}, 2, 3, Vector{Float64}}, 5}","1","64","0.01"
"chemistry_like","DMRG2","pairs","environment transfers","/mnt/home/ldevos/Projects/MPSKit.jl/ld-envs/src/transfermatrix/transfer.jl","133","#transfer_right#319","/mnt/home/ldevos/.julia/packages/TensorOperations/i1lNc/src/implementation/allocator.jl","449","tensoralloc","Vector{Float64}","2","64","0.01"
"chemistry_like","DMRG2","pairs","gauge","/mnt/home/ldevos/Projects/MPSKit.jl/ld-envs/src/states/orthoview.jl","407","#gauge2!#104","/mnt/home/ldevos/.julia/packages/TensorKit/SLHMM/src/tensors/tensor.jl","98","TensorMap","Vector{Float64}","2","64","0.01"
"chemistry_like","DMRG2","pairs","operator preparation","/mnt/home/ldevos/Projects/MPSKit.jl/ld-envs/src/algorithms/derivatives/hamiltonian_derivatives.jl","394","prepare_operator!!","/mnt/home/ldevos/.julia/packages/Strided/yVKLF/src/mapreduce.jl","200","_mapreduce_block!","NTuple{6, Int64}","1","64","0.01"
"chemistry_like","DMRG2","pairs","other","/mnt/home/ldevos/Projects/MPSKit.jl/ld-envs/src/algorithms/derivatives/mpo_derivatives.jl","321","PrecomputedDerivative","/mnt/home/ldevos/.julia/packages/LRUCache/ZH7qB/src/LRUCache.jl","110","_unsafe_haskey","TensorKit.Hashed{TensorKit.TensorMapSpace{TensorKit.GradedSpace{TensorKitSectors.PlanarTrivial, Tuple{Int64}}, 2, 1}, typeof(TensorKit.sectorhash), typeof(TensorKit.sectorequal)}","1","64","0.01"
"chemistry_like","DMRG2","pairs","operator preparation","/mnt/home/ldevos/Projects/MPSKit.jl/ld-envs/src/algorithms/derivatives/hamiltonian_derivatives.jl","681","left_AC_ingredients","/mnt/home/ldevos/.julia/packages/BlockTensorKit/Kw0jL/src/vectorspaces/sumspace.jl","63","getindex","Memory{TensorKit.GradedSpace{TensorKitSectors.PlanarTrivial, Tuple{Int64}}}","2","64","0.01"
"chemistry_like","DMRG2","pairs","eigensolve","/mnt/home/ldevos/Projects/MPSKit.jl/ld-envs/src/algorithms/fixedpoint.jl","16","fixedpoint","/mnt/home/ldevos/.julia/packages/KrylovKit/bEE7W/src/eigsolve/lanczos.jl","57","#eigsolve#54","IdDict{Any, Any}","2","64","0.01"
"chemistry_like","DMRG2","pairs","other","/mnt/home/ldevos/Projects/MPSKit.jl/ld-envs/src/utility/utility.jl","285","mul_front!","/mnt/home/ldevos/.julia/packages/LRUCache/ZH7qB/src/LRUCache.jl","110","_unsafe_haskey","TensorKit.Hashed{TensorKit.TensorMapSpace{TensorKit.GradedSpace{TensorKitSectors.PlanarTrivial, Tuple{Int64}}, 2, 1}, typeof(TensorKit.sectorhash), typeof(TensorKit.sectorequal)}","1","64","0.01"
"chemistry_like","DMRG2","pairs","eigensolve","/mnt/home/ldevos/Projects/MPSKit.jl/ld-envs/src/algorithms/fixedpoint.jl","16","fixedpoint","/mnt/home/ldevos/.julia/packages/KrylovKit/bEE7W/src/dense/linalg.jl","423","stegr!","Memory{Float64}","2","64","0.01"
"chemistry_like","DMRG2","pairs","eigensolve","/mnt/home/ldevos/Projects/MPSKit.jl/ld-envs/src/algorithms/fixedpoint.jl","16","fixedpoint","/mnt/home/ldevos/.julia/packages/KrylovKit/bEE7W/src/dense/linalg.jl","405","stegr!","MemoryRef{Float64}","2","64","0.01"
"chemistry_like","DMRG2","pairs","other","/mnt/home/ldevos/Projects/MPSKit.jl/ld-envs/src/utility/utility.jl","22","project_complement!","/mnt/home/ldevos/.julia/packages/LRUCache/ZH7qB/src/LRUCache.jl","110","_unsafe_haskey","TensorKit.Hashed{TensorKit.TensorMapSpace{TensorKit.GradedSpace{TensorKitSectors.PlanarTrivial, Tuple{Int64}}, 2, 1}, typeof(TensorKit.sectorhash), typeof(TensorKit.sectorequal)}","1","64","0.01"
"chemistry_like","DMRG2","pairs","eigensolve","/mnt/home/ldevos/Projects/MPSKit.jl/ld-envs/src/algorithms/fixedpoint.jl","16","fixedpoint","/mnt/home/ldevos/.julia/packages/KrylovKit/bEE7W/src/dense/linalg.jl","423","stegr!","Vector{Float64}","2","64","0.01"
"chemistry_like","DMRG2","pairs","operator preparation","/mnt/home/ldevos/Projects/MPSKit.jl/ld-envs/src/algorithms/derivatives/hamiltonian_derivatives.jl","458","prepare_operator!!","/mnt/home/ldevos/.julia/packages/TensorKit/SLHMM/src/auxiliary/auxiliary.jl","110","taskforeach","ReentrantLock","1","64","0.01"
"chemistry_like","DMRG2","pairs","eigensolve","/mnt/home/ldevos/Projects/MPSKit.jl/ld-envs/src/utility/utility.jl","293","mul_front!","/mnt/home/ldevos/.julia/packages/LRUCache/ZH7qB/src/LRUCache.jl","189","_unsafe_getindex","TensorKit.TensorMapSpace{TensorKit.GradedSpace{TensorKitSectors.PlanarTrivial, Tuple{Int64}}, 2, 1}","1","64","0.01"
"chemistry_like","DMRG2","pairs","other","/mnt/home/ldevos/Projects/MPSKit.jl/ld-envs/src/utility/utility.jl","5","#_transpose_tail#9","/mnt/home/ldevos/.julia/packages/TensorKit/SLHMM/src/auxiliary/auxiliary.jl","110","taskforeach","ReentrantLock","1","64","0.01"
"chemistry_like","DMRG2","pairs","gauge","/mnt/home/ldevos/Projects/MPSKit.jl/ld-envs/src/states/orthoview.jl","325","left_gauge","/mnt/home/ldevos/.julia/packages/LRUCache/ZH7qB/src/LRUCache.jl","189","_unsafe_getindex","TensorKit.Hashed{TensorKit.TensorMapSpace{TensorKit.GradedSpace{TensorKitSectors.PlanarTrivial, Tuple{Int64}}, 2, 1}, typeof(TensorKit.sectorhash), typeof(TensorKit.sectorequal)}","1","64","0.01"
"chemistry_like","DMRG2","pairs","operator preparation","/mnt/home/ldevos/Projects/MPSKit.jl/ld-envs/src/algorithms/derivatives/hamiltonian_derivatives.jl","445","prepare_operator!!","/mnt/home/ldevos/.julia/packages/LRUCache/ZH7qB/src/LRUCache.jl","159","get!","Vector{Tuple{Any, Any}}","2","64","0.01"
"chemistry_like","DMRG2","pairs","gauge","/mnt/home/ldevos/Projects/MPSKit.jl/ld-envs/src/states/orthoview.jl","407","#gauge2!#104","/mnt/home/ldevos/.julia/packages/MatrixAlgebraKit/AbU5a/src/algorithms.jl","536","macro expansion","IOBuffer","1","64","0.01"
"chemistry_like","DMRG2","pairs","eigensolve","/mnt/home/ldevos/Projects/MPSKit.jl/ld-envs/src/algorithms/fixedpoint.jl","16","fixedpoint","/mnt/home/ldevos/.julia/packages/KrylovKit/bEE7W/src/eigsolve/lanczos.jl","57","#eigsolve#54","Vector{Float64}","2","64","0.01"
"chemistry_like","DMRG2","pairs","other","/mnt/home/ldevos/Projects/MPSKit.jl/ld-envs/src/utility/utility.jl","316","mul_tail","/mnt/home/ldevos/Projects/MPSKit.jl/ld-envs/src/utility/utility.jl","316","mul_tail","TensorKit.TensorMap{Float64, TensorKit.GradedSpace{TensorKitSectors.PlanarTrivial, Tuple{Int64}}, 2, 1, Vector{Float64}}","1","64","0.01"
"chemistry_like","DMRG2","pairs","eigensolve","/mnt/home/ldevos/Projects/MPSKit.jl/ld-envs/src/algorithms/fixedpoint.jl","16","fixedpoint","/mnt/home/ldevos/.julia/packages/KrylovKit/bEE7W/src/dense/linalg.jl","308","permuteeig!","Vector{Int64}","2","64","0.01"
"chemistry_like","DMRG2","pairs","operator preparation","/mnt/home/ldevos/Projects/MPSKit.jl/ld-envs/src/algorithms/derivatives/hamiltonian_derivatives.jl","669","_contract_O_GR","/mnt/home/ldevos/.julia/packages/BlockTensorKit/Kw0jL/src/auxiliary/sparsetensorarray.jl","87","setindex!","Memory{UInt8}","2","56","0.01"
"chemistry_like","DMRG2","pairs","gauge","/mnt/home/ldevos/Projects/MPSKit.jl/ld-envs/src/states/orthoview.jl","407","#gauge2!#104","/mnt/home/ldevos/.julia/packages/TensorKit/SLHMM/src/tensors/blockiterators.jl","35","#foreachblock#173","TensorKit.TensorMap{Float64, TensorKit.GradedSpace{TensorKitSectors.PlanarTrivial, Tuple{Int64}}, 1, 2, Vector{Float64}}","1","56","0.01"
"chemistry_like","DMRG2","pairs","operator preparation","/mnt/home/ldevos/Projects/MPSKit.jl/ld-envs/src/algorithms/derivatives/hamiltonian_derivatives.jl","764","prepare_right_AC2","/mnt/home/ldevos/.julia/packages/BlockTensorKit/Kw0jL/src/tensors/sparseblocktensor.jl","57","sparseblocktensormaptype","DataType","1","56","0.01"
"chemistry_like","DMRG2","pairs","environment transfers","/mnt/home/ldevos/Projects/MPSKit.jl/ld-envs/src/transfermatrix/transfer.jl","133","#transfer_right#319","/mnt/home/ldevos/.julia/packages/TensorOperations/i1lNc/src/implementation/allocator.jl","449","tensoralloc","Memory{Float64}","2","48","0.01"
"chemistry_like","DMRG2","pairs","operator preparation","/mnt/home/ldevos/Projects/MPSKit.jl/ld-envs/src/algorithms/derivatives/hamiltonian_derivatives.jl","703","#right_AC_ingredients#558","/mnt/home/ldevos/.julia/packages/BlockTensorKit/Kw0jL/src/vectorspaces/sumspaceindices.jl","61","_getindex","Tuple{TensorKit.GradedSpace{TensorKitSectors.PlanarTrivial, Tuple{Int64}}, BlockTensorKit.SumSpace{TensorKit.GradedSpace{TensorKitSectors.PlanarTrivial, Tuple{Int64}}}, TensorKit.GradedSpace{TensorKitSectors.PlanarTrivial, Tuple{Int64}}}","1","48","0.01"
"chemistry_like","DMRG2","pairs","operator preparation","/mnt/home/ldevos/Projects/MPSKit.jl/ld-envs/src/algorithms/derivatives/hamiltonian_derivatives.jl","684","left_AC_ingredients","/mnt/home/ldevos/.julia/packages/BlockTensorKit/Kw0jL/src/linalg/linalg.jl","44","mul!","Array{CartesianIndex{3}, 3}","1","48","0.01"
"chemistry_like","DMRG2","pairs","gauge","/mnt/home/ldevos/Projects/MPSKit.jl/ld-envs/src/states/orthoview.jl","407","#gauge2!#104","/mnt/home/ldevos/.julia/packages/LRUCache/ZH7qB/src/LRUCache.jl","189","_unsafe_getindex","TensorKit.Hashed{TensorKit.TensorMapSpace{TensorKit.GradedSpace{TensorKitSectors.PlanarTrivial, Tuple{Int64}}, 1, 1}, typeof(TensorKit.sectorhash), typeof(TensorKit.sectorequal)}","1","48","0.01"
"chemistry_like","DMRG2","pairs","operator preparation","/mnt/home/ldevos/Projects/MPSKit.jl/ld-envs/src/algorithms/derivatives/hamiltonian_derivatives.jl","417","prepare_operator!!","/mnt/home/ldevos/.julia/packages/LRUCache/ZH7qB/src/LRUCache.jl","110","_unsafe_haskey","TensorKit.Hashed{TensorKit.TensorMapSpace{TensorKit.GradedSpace{TensorKitSectors.PlanarTrivial, Tuple{Int64}}, 0, 2}, typeof(TensorKit.sectorhash), typeof(TensorKit.sectorequal)}","1","48","0.01"
"chemistry_like","DMRG2","pairs","eigensolve","/mnt/home/ldevos/Projects/MPSKit.jl/ld-envs/src/utility/utility.jl","293","mul_front!","/mnt/home/ldevos/.julia/packages/LRUCache/ZH7qB/src/LRUCache.jl","189","_unsafe_getindex","TensorKit.SectorStructure{TensorKitSectors.PlanarTrivial, Tuple{TensorKit.FusionTree{TensorKitSectors.PlanarTrivial, 2, 0, 1}, TensorKit.FusionTree{TensorKitSectors.PlanarTrivial, 1, 0, 0}}}","3","48","0.01"
"chemistry_like","DMRG2","pairs","other","/mnt/home/ldevos/Projects/MPSKit.jl/ld-envs/src/utility/utility.jl","283","mul_front!","/mnt/home/ldevos/.julia/packages/LRUCache/ZH7qB/src/LRUCache.jl","189","_unsafe_getindex","TensorKit.Hashed{TensorKit.TensorMapSpace{TensorKit.GradedSpace{TensorKitSectors.PlanarTrivial, Tuple{Int64}}, 1, 1}, typeof(TensorKit.sectorhash), typeof(TensorKit.sectorequal)}","1","48","0.01"
"chemistry_like","DMRG2","pairs","eigensolve","/mnt/home/ldevos/Projects/MPSKit.jl/ld-envs/src/algorithms/derivatives/hamiltonian_derivatives.jl","494","JordanMPO_AC2_Hamiltonian","/mnt/home/ldevos/.julia/packages/LRUCache/ZH7qB/src/LRUCache.jl","189","_unsafe_getindex","TensorKit.SectorStructure{TensorKitSectors.PlanarTrivial, Tuple{TensorKit.FusionTree{TensorKitSectors.PlanarTrivial, 3, 1, 2}, TensorKit.FusionTree{TensorKitSectors.PlanarTrivial, 1, 0, 0}}}","3","48","0.01"
"chemistry_like","DMRG2","pairs","operator preparation","/mnt/home/ldevos/Projects/MPSKit.jl/ld-envs/src/algorithms/derivatives/hamiltonian_derivatives.jl","417","prepare_operator!!","/mnt/home/ldevos/.julia/packages/TensorOperations/i1lNc/src/implementation/allocator.jl","420","unsafe_buffer_wrap","Memory{Float64}","2","48","0.01"
"chemistry_like","DMRG2","pairs","operator preparation","/mnt/home/ldevos/Projects/MPSKit.jl/ld-envs/src/algorithms/derivatives/mpo_derivatives.jl","236","_fuse_env","/mnt/home/ldevos/.julia/packages/TensorOperations/i1lNc/src/implementation/allocator.jl","420","unsafe_buffer_wrap","Memory{Float64}","2","48","0.01"
"chemistry_like","DMRG2","pairs","operator preparation","/mnt/home/ldevos/Projects/MPSKit.jl/ld-envs/src/algorithms/derivatives/hamiltonian_derivatives.jl","432","prepare_operator!!","/mnt/home/ldevos/.julia/packages/Strided/yVKLF/src/mapreduce.jl","200","_mapreduce_block!","Tuple{Tuple{Int64, Int64}, Tuple{Int64, Int64}}","1","48","0.01"
"chemistry_like","DMRG2","pairs","other","/mnt/home/ldevos/Projects/MPSKit.jl/ld-envs/src/algorithms/derivatives/hamiltonian_derivatives.jl","493","JordanMPO_AC2_Hamiltonian","/mnt/home/ldevos/.julia/packages/TensorOperations/i1lNc/src/implementation/allocator.jl","420","unsafe_buffer_wrap","Memory{Float64}","2","48","0.01"
"chemistry_like","DMRG2","pairs","eigensolve","/mnt/home/ldevos/Projects/MPSKit.jl/ld-envs/src/utility/utility.jl","379","fuse_legs","/mnt/home/ldevos/.julia/packages/LRUCache/ZH7qB/src/LRUCache.jl","189","_unsafe_getindex","TensorKit.DegeneracyStructure{2}","2","48","0.01"
"chemistry_like","DMRG2","pairs","gauge","/mnt/home/ldevos/Projects/MPSKit.jl/ld-envs/src/states/orthoview.jl","325","left_gauge","/mnt/home/ldevos/.julia/packages/LRUCache/ZH7qB/src/LRUCache.jl","189","_unsafe_getindex","TensorKit.Hashed{TensorKit.TensorMapSpace{TensorKit.GradedSpace{TensorKitSectors.PlanarTrivial, Tuple{Int64}}, 1, 1}, typeof(TensorKit.sectorhash), typeof(TensorKit.sectorequal)}","1","48","0.01"
"chemistry_like","DMRG2","pairs","operator preparation","/mnt/home/ldevos/Projects/MPSKit.jl/ld-envs/src/algorithms/derivatives/hamiltonian_derivatives.jl","416","prepare_operator!!","/mnt/home/ldevos/.julia/packages/TensorKit/SLHMM/src/tensors/tensor.jl","98","TensorMap","Memory{Float64}","1","48","0.01"
"chemistry_like","DMRG2","pairs","other","/mnt/home/ldevos/Projects/MPSKit.jl/ld-envs/src/algorithms/derivatives/hamiltonian_derivatives.jl","493","JordanMPO_AC2_Hamiltonian","/mnt/home/ldevos/.julia/packages/LRUCache/ZH7qB/src/LRUCache.jl","189","_unsafe_getindex","TensorKit.DegeneracyStructure{6}","2","48","0.01"
"chemistry_like","DMRG2","pairs","operator preparation","/mnt/home/ldevos/Projects/MPSKit.jl/ld-envs/src/algorithms/derivatives/hamiltonian_derivatives.jl","665","_contract_GL_O","/mnt/home/ldevos/.julia/packages/TensorOperations/i1lNc/src/implementation/allocator.jl","449","tensoralloc","Memory{Float64}","2","48","0.01"
"chemistry_like","DMRG2","pairs","operator preparation","/mnt/home/ldevos/Projects/MPSKit.jl/ld-envs/src/algorithms/derivatives/hamiltonian_derivatives.jl","681","left_AC_ingredients","/mnt/home/ldevos/.julia/packages/BlockTensorKit/Kw0jL/src/vectorspaces/sumspaceindices.jl","61","_getindex","Tuple{TensorKit.GradedSpace{TensorKitSectors.PlanarTrivial, Tuple{Int64}}, BlockTensorKit.SumSpace{TensorKit.GradedSpace{TensorKitSectors.PlanarTrivial, Tuple{Int64}}}, TensorKit.GradedSpace{TensorKitSectors.PlanarTrivial, Tuple{Int64}}}","1","48","0.01"
"chemistry_like","DMRG2","pairs","eigensolve","/mnt/home/ldevos/Projects/MPSKit.jl/ld-envs/src/algorithms/derivatives/mpo_derivatives.jl","321","PrecomputedDerivative","/mnt/home/ldevos/.julia/packages/LRUCache/ZH7qB/src/LRUCache.jl","189","_unsafe_getindex","TensorKit.SectorStructure{TensorKitSectors.PlanarTrivial, Tuple{TensorKit.FusionTree{TensorKitSectors.PlanarTrivial, 2, 0, 1}, TensorKit.FusionTree{TensorKitSectors.PlanarTrivial, 1, 0, 0}}}","3","48","0.01"
"chemistry_like","DMRG2","pairs","operator preparation","/mnt/home/ldevos/Projects/MPSKit.jl/ld-envs/src/algorithms/derivatives/hamiltonian_derivatives.jl","432","prepare_operator!!","/mnt/home/ldevos/.julia/packages/TensorKit/SLHMM/src/tensors/tensoroperations.jl","161","tensorcontract_type","TensorKit.TensorMap{Float64, TensorKit.GradedSpace{TensorKitSectors.PlanarTrivial, Tuple{Int64}}, 1, 1, Vector{Float64}}","1","48","0.01"
"chemistry_like","DMRG2","pairs","eigensolve","/mnt/home/ldevos/Projects/MPSKit.jl/ld-envs/src/algorithms/derivatives/hamiltonian_derivatives.jl","494","JordanMPO_AC2_Hamiltonian","/mnt/home/ldevos/.julia/packages/LRUCache/ZH7qB/src/LRUCache.jl","189","_unsafe_getindex","TensorKit.SectorStructure{TensorKitSectors.PlanarTrivial, Tuple{TensorKit.FusionTree{TensorKitSectors.PlanarTrivial, 3, 1, 2}, TensorKit.FusionTree{TensorKitSectors.PlanarTrivial, 3, 1, 2}}}","3","48","0.01"
"chemistry_like","DMRG2","pairs","eigensolve","/mnt/home/ldevos/Projects/MPSKit.jl/ld-envs/src/algorithms/derivatives/mpo_derivatives.jl","317","PrecomputedDerivative","/mnt/home/ldevos/.julia/packages/TensorOperations/i1lNc/src/implementation/allocator.jl","420","unsafe_buffer_wrap","Vector{Float64}","2","48","0.01"
"chemistry_like","DMRG2","pairs","operator preparation","/mnt/home/ldevos/Projects/MPSKit.jl/ld-envs/src/algorithms/derivatives/hamiltonian_derivatives.jl","764","prepare_right_AC2","/mnt/home/ldevos/.julia/packages/LRUCache/ZH7qB/src/LRUCache.jl","189","_unsafe_getindex","TensorKit.DegeneracyStructure{6}","2","48","0.01"
"chemistry_like","DMRG2","pairs","environment transfers","/mnt/home/ldevos/Projects/MPSKit.jl/ld-envs/src/operators/jordanmpotensor.jl","198","_identity_tensor","/mnt/home/ldevos/.julia/packages/TensorKit/SLHMM/src/tensors/braidingtensor.jl","188","block","Memory{Float64}","1","48","0.01"
"chemistry_like","DMRG2","pairs","gauge","/mnt/home/ldevos/Projects/MPSKit.jl/ld-envs/src/states/orthoview.jl","407","#gauge2!#104","/mnt/home/ldevos/.julia/packages/TensorKit/SLHMM/src/tensors/tensor.jl","98","TensorMap","Memory{Float64}","1","48","0.01"
"chemistry_like","DMRG2","pairs","eigensolve","/mnt/home/ldevos/Projects/MPSKit.jl/ld-envs/src/algorithms/derivatives/mpo_derivatives.jl","321","PrecomputedDerivative","/mnt/home/ldevos/.julia/packages/LRUCache/ZH7qB/src/LRUCache.jl","189","_unsafe_getindex","TensorKit.DegeneracyStructure{3}","2","48","0.01"
"chemistry_like","DMRG2","pairs","eigensolve","/mnt/home/ldevos/Projects/MPSKit.jl/ld-envs/src/utility/utility.jl","283","mul_front!","/mnt/home/ldevos/.julia/packages/LRUCache/ZH7qB/src/LRUCache.jl","189","_unsafe_getindex","TensorKit.Hashed{TensorKit.TensorMapSpace{TensorKit.GradedSpace{TensorKitSectors.PlanarTrivial, Tuple{Int64}}, 1, 1}, typeof(TensorKit.sectorhash), typeof(TensorKit.sectorequal)}","1","48","0.01"
"chemistry_like","DMRG2","pairs","other","/mnt/home/ldevos/Projects/MPSKit.jl/ld-envs/src/algorithms/groundstate/dmrg.jl","276","local_update!","/mnt/home/ldevos/.julia/packages/TimerOutputs/0Wski/src/macros.jl","207","macro expansion","MPSKit.FiniteMPS{TensorKit.TensorMap{Float64, TensorKit.GradedSpace{TensorKitSectors.PlanarTrivial, Tuple{Int64}}, 2, 1, Vector{Float64}}, TensorKit.TensorMap{Float64, TensorKit.GradedSpace{TensorKitSectors.PlanarTrivial, Tuple{Int64}}, 1, 1, Vector{Float64}}}","1","48","0.01"
"chemistry_like","DMRG2","pairs","operator preparation","/mnt/home/ldevos/Projects/MPSKit.jl/ld-envs/src/algorithms/derivatives/hamiltonian_derivatives.jl","727","prepare_left_AC2","/mnt/home/ldevos/.julia/packages/BlockTensorKit/Kw0jL/src/vectorspaces/sumspaceindices.jl","61","_getindex","Tuple{TensorKit.GradedSpace{TensorKitSectors.PlanarTrivial, Tuple{Int64}}, BlockTensorKit.SumSpace{TensorKit.GradedSpace{TensorKitSectors.PlanarTrivial, Tuple{Int64}}}, TensorKit.GradedSpace{TensorKitSectors.PlanarTrivial, Tuple{Int64}}}","1","48","0.01"
"chemistry_like","DMRG2","pairs","operator preparation","/mnt/home/ldevos/Projects/MPSKit.jl/ld-envs/src/algorithms/derivatives/hamiltonian_derivatives.jl","764","prepare_right_AC2","/mnt/home/ldevos/.julia/packages/LRUCache/ZH7qB/src/LRUCache.jl","189","_unsafe_getindex","TensorKit.DegeneracyStructure{3}","2","48","0.01"
"chemistry_like","DMRG2","pairs","eigensolve","/mnt/home/ldevos/Projects/MPSKit.jl/ld-envs/src/utility/utility.jl","285","mul_front!","/mnt/home/ldevos/.julia/packages/LRUCache/ZH7qB/src/LRUCache.jl","189","_unsafe_getindex","TensorKit.SectorStructure{TensorKitSectors.PlanarTrivial, Tuple{TensorKit.FusionTree{TensorKitSectors.PlanarTrivial, 2, 0, 1}, TensorKit.FusionTree{TensorKitSectors.PlanarTrivial, 1, 0, 0}}}","3","48","0.01"
"chemistry_like","DMRG2","pairs","operator preparation","/mnt/home/ldevos/Projects/MPSKit.jl/ld-envs/src/algorithms/derivatives/hamiltonian_derivatives.jl","445","prepare_operator!!","/mnt/home/ldevos/.julia/packages/TensorKit/SLHMM/src/tensors/tensoroperations.jl","161","tensorcontract_type","TensorKit.TensorMap{Float64, TensorKit.GradedSpace{TensorKitSectors.PlanarTrivial, Tuple{Int64}}, 1, 1, Vector{Float64}}","1","48","0.01"
"chemistry_like","DMRG2","pairs","eigensolve","/mnt/home/ldevos/Projects/MPSKit.jl/ld-envs/src/algorithms/fixedpoint.jl","16","fixedpoint","/mnt/home/ldevos/.julia/packages/KrylovKit/bEE7W/src/dense/reflector.jl","27","householder","Memory{Float64}","1","48","0.01"
"chemistry_like","DMRG2","pairs","operator preparation","/mnt/home/ldevos/Projects/MPSKit.jl/ld-envs/src/algorithms/derivatives/hamiltonian_derivatives.jl","394","prepare_operator!!","/mnt/home/ldevos/.julia/packages/Strided/yVKLF/src/mapreduce.jl","200","_mapreduce_block!","NTuple{4, Int64}","1","48","0.01"
"chemistry_like","DMRG2","pairs","gauge","/mnt/home/ldevos/Projects/MPSKit.jl/ld-envs/src/states/orthoview.jl","174","setindex!","/mnt/home/ldevos/Projects/MPSKit.jl/ld-envs/src/states/orthoview.jl","174","setindex!","TensorKit.TensorMap{Float64, TensorKit.GradedSpace{TensorKitSectors.PlanarTrivial, Tuple{Int64}}, 1, 1, Vector{Float64}}","1","48","0.01"
"chemistry_like","DMRG2","pairs","operator preparation","/mnt/home/ldevos/Projects/MPSKit.jl/ld-envs/src/algorithms/derivatives/mpo_derivatives.jl","240","_fuse_env","/mnt/home/ldevos/.julia/packages/Strided/yVKLF/src/mapreduce.jl","200","_mapreduce_block!","NTuple{4, Int64}","1","48","0.01"
"chemistry_like","DMRG2","pairs","operator preparation","/mnt/home/ldevos/Projects/MPSKit.jl/ld-envs/src/algorithms/derivatives/hamiltonian_derivatives.jl","417","prepare_operator!!","/mnt/home/ldevos/.julia/packages/TensorOperations/i1lNc/src/implementation/allocator.jl","420","unsafe_buffer_wrap","Vector{Float64}","2","48","0.01"
"chemistry_like","DMRG2","pairs","operator preparation","/mnt/home/ldevos/Projects/MPSKit.jl/ld-envs/src/algorithms/derivatives/hamiltonian_derivatives.jl","415","prepare_operator!!","/mnt/home/ldevos/.julia/packages/LRUCache/ZH7qB/src/LRUCache.jl","110","_unsafe_haskey","TensorKit.Hashed{TensorKit.TensorMapSpace{TensorKit.GradedSpace{TensorKitSectors.PlanarTrivial, Tuple{Int64}}, 1, 1}, typeof(TensorKit.sectorhash), typeof(TensorKit.sectorequal)}","1","48","0.01"
"chemistry_like","DMRG2","pairs","operator preparation","/mnt/home/ldevos/Projects/MPSKit.jl/ld-envs/src/algorithms/derivatives/hamiltonian_derivatives.jl","380","prepare_operator!!","/mnt/home/ldevos/.julia/packages/LRUCache/ZH7qB/src/LRUCache.jl","189","_unsafe_getindex","TensorKit.Hashed{TensorKit.TensorMapSpace{TensorKit.GradedSpace{TensorKitSectors.PlanarTrivial, Tuple{Int64}}, 1, 1}, typeof(TensorKit.sectorhash), typeof(TensorKit.sectorequal)}","1","48","0.01"
"chemistry_like","DMRG2","pairs","eigensolve","/mnt/home/ldevos/Projects/MPSKit.jl/ld-envs/src/algorithms/derivatives/hamiltonian_derivatives.jl","493","JordanMPO_AC2_Hamiltonian","/mnt/home/ldevos/.julia/packages/TensorOperations/i1lNc/src/implementation/strided.jl","145","stridedtensoradd!","TensorOperations.Scaler{Float64}","3","48","0.01"
"chemistry_like","DMRG2","pairs","gauge","/mnt/home/ldevos/Projects/MPSKit.jl/ld-envs/src/states/orthoview.jl","407","#gauge2!#104","/mnt/home/ldevos/.julia/packages/TensorKit/SLHMM/src/factorizations/matrixalgebrakit.jl","50","macro expansion","LinearAlgebra.Diagonal{Float64, SubArray{Float64, 1, Vector{Float64}, Tuple{UnitRange{Int64}}, true}}","1","40","0.01"
"chemistry_like","DMRG2","pairs","operator preparation","/mnt/home/ldevos/Projects/MPSKit.jl/ld-envs/src/algorithms/derivatives/mpo_derivatives.jl","238","_fuse_env","/mnt/home/ldevos/.julia/packages/TensorKit/SLHMM/src/auxiliary/dicts.jl","83","sizehint!","Memory{Vector{Int64}}","1","40","0.01"
"chemistry_like","DMRG2","pairs","eigensolve","/mnt/home/ldevos/Projects/MPSKit.jl/ld-envs/src/algorithms/fixedpoint.jl","16","fixedpoint","/mnt/home/ldevos/.julia/packages/KrylovKit/bEE7W/src/dense/linalg.jl","425","stegr!","Vector{Int64}","1","32","0.01"
"chemistry_like","DMRG2","pairs","operator preparation","/mnt/home/ldevos/Projects/MPSKit.jl/ld-envs/src/algorithms/derivatives/hamiltonian_derivatives.jl","381","prepare_operator!!","/mnt/home/ldevos/.julia/packages/LRUCache/ZH7qB/src/LRUCache.jl","159","get!","Vector{Tuple{Any, Any}}","1","32","0.01"
"chemistry_like","DMRG2","pairs","operator preparation","/mnt/home/ldevos/Projects/MPSKit.jl/ld-envs/src/algorithms/derivatives/hamiltonian_derivatives.jl","758","prepare_right_AC2","/mnt/home/ldevos/.julia/packages/BlockTensorKit/Kw0jL/src/vectorspaces/sumspaceindices.jl","67","_getindex","Vector{Int64}","1","32","0.01"
"chemistry_like","DMRG2","pairs","eigensolve","/mnt/home/ldevos/Projects/MPSKit.jl/ld-envs/src/algorithms/derivatives/hamiltonian_derivatives.jl","494","JordanMPO_AC2_Hamiltonian","/mnt/home/ldevos/.julia/packages/TensorKit/SLHMM/src/auxiliary/auxiliary.jl","109","taskforeach","Base.Threads.Atomic{Int64}","2","32","0.01"
"chemistry_like","DMRG2","pairs","other","/mnt/home/ldevos/Projects/MPSKit.jl/ld-envs/src/utility/utility.jl","295","mul_front!","/mnt/home/ldevos/.julia/packages/TensorOperations/i1lNc/src/implementation/blascontract.jl","111","makeblascontractable","Tuple{Tuple{Int64}, Tuple{Int64, Int64}}","1","32","0.01"
"chemistry_like","DMRG2","pairs","gauge","/mnt/home/ldevos/Projects/MPSKit.jl/ld-envs/src/states/orthoview.jl","325","left_gauge","/mnt/home/ldevos/.julia/packages/TensorKit/SLHMM/src/tensors/tensor.jl","98","TensorMap","Vector{Float64}","1","32","0.01"
"chemistry_like","DMRG2","pairs","operator preparation","/mnt/home/ldevos/Projects/MPSKit.jl/ld-envs/src/algorithms/derivatives/hamiltonian_derivatives.jl","706","#right_AC_ingredients#558","/mnt/home/ldevos/.julia/packages/BlockTensorKit/Kw0jL/src/linalg/linalg.jl","46","mul!","Vector{CartesianIndex{3}}","1","32","0.01"
"chemistry_like","DMRG2","pairs","environment transfers","/mnt/home/ldevos/Projects/MPSKit.jl/ld-envs/src/transfermatrix/transfer.jl","130","#transfer_left#318","/mnt/home/ldevos/.julia/packages/BlockTensorKit/Kw0jL/src/linalg/linalg.jl","44","mul!","Vector{CartesianIndex{4}}","1","32","0.01"
"chemistry_like","DMRG2","pairs","other","/mnt/home/ldevos/Projects/MPSKit.jl/ld-envs/src/utility/utility.jl","295","mul_front!","/mnt/home/ldevos/.julia/packages/TensorOperations/i1lNc/src/implementation/blascontract.jl","111","makeblascontractable","Tuple{Tuple{Int64}, Tuple{Int64}}","1","32","0.01"
"chemistry_like","DMRG2","pairs","gauge","/mnt/home/ldevos/Projects/MPSKit.jl/ld-envs/src/states/orthoview.jl","174","setindex!","/mnt/home/ldevos/.julia/packages/TensorKit/SLHMM/src/auxiliary/dicts.jl","35","SortedVectorDict","Vector{UnitRange{Int64}}","1","32","0.01"
"chemistry_like","DMRG2","pairs","eigensolve","/mnt/home/ldevos/Projects/MPSKit.jl/ld-envs/src/algorithms/fixedpoint.jl","16","fixedpoint","/mnt/home/ldevos/.julia/packages/KrylovKit/bEE7W/src/dense/linalg.jl","405","stegr!","Vector{Float64}","1","32","0.01"
"chemistry_like","DMRG2","pairs","operator preparation","/mnt/home/ldevos/Projects/MPSKit.jl/ld-envs/src/algorithms/derivatives/hamiltonian_derivatives.jl","732","prepare_left_AC2","/mnt/home/ldevos/.julia/packages/BlockTensorKit/Kw0jL/src/tensors/sparseblocktensor.jl","57","sparseblocktensormaptype","UnionAll","2","32","0.01"
"chemistry_like","DMRG2","pairs","other","/mnt/home/ldevos/Projects/MPSKit.jl/ld-envs/src/utility/utility.jl","5","#_transpose_tail#9","/mnt/home/ldevos/.julia/packages/LRUCache/ZH7qB/src/LRUCache.jl","159","get!","Vector{Tuple{Any, Any}}","1","32","0.01"
"chemistry_like","DMRG2","pairs","gauge","/mnt/home/ldevos/Projects/MPSKit.jl/ld-envs/src/states/orthoview.jl","407","#gauge2!#104","/mnt/home/ldevos/.julia/packages/TensorKit/SLHMM/src/tensors/blockiterators.jl","35","#foreachblock#173","Vector{TensorKitSectors.PlanarTrivial}","1","32","0.01"
"chemistry_like","DMRG2","pairs","gauge","/mnt/home/ldevos/Projects/MPSKit.jl/ld-envs/src/utility/utility.jl","2","#_transpose_front#8","/mnt/home/ldevos/.julia/packages/Strided/yVKLF/src/mapreduce.jl","200","_mapreduce_block!","Tuple{Int64, Int64}","1","32","0.01"
"chemistry_like","DMRG2","pairs","gauge","/mnt/home/ldevos/Projects/MPSKit.jl/ld-envs/src/states/orthoview.jl","407","#gauge2!#104","/mnt/home/ldevos/.julia/packages/TensorKit/SLHMM/src/factorizations/truncation.jl","204","findtruncated","Base.Sort.SubArrayOptimization{Base.Sort.MissingOptimization{Base.Sort.BoolOptimization{Base.Sort.Small{10, Base.Sort.InsertionSortAlg, Base.Sort.IEEEFloatOptimization{Base.Sort.ScratchQuickSort{Int64, Int64, Base.Sort.InsertionSortAlg}}}}}}","1","32","0.01"
"chemistry_like","DMRG2","pairs","eigensolve","/mnt/home/ldevos/Projects/MPSKit.jl/ld-envs/src/algorithms/derivatives/mpo_derivatives.jl","321","PrecomputedDerivative","/mnt/home/ldevos/.julia/packages/TensorOperations/i1lNc/src/implementation/allocator.jl","285","tensoralloc","Vector{Float64}","1","32","0.01"
"chemistry_like","DMRG2","pairs","operator preparation","/mnt/home/ldevos/Projects/MPSKit.jl/ld-envs/src/algorithms/derivatives/hamiltonian_derivatives.jl","665","_contract_GL_O","/mnt/home/ldevos/.julia/packages/BlockTensorKit/Kw0jL/src/linalg/linalg.jl","46","mul!","Vector{CartesianIndex{4}}","1","32","0.01"
"chemistry_like","DMRG2","pairs","other","/mnt/home/ldevos/Projects/MPSKit.jl/ld-envs/src/utility/utility.jl","283","mul_front!","/mnt/home/ldevos/.julia/packages/LRUCache/ZH7qB/src/LRUCache.jl","159","get!","Vector{Tuple{Any, Any}}","1","32","0.01"
"chemistry_like","DMRG2","pairs","operator preparation","/mnt/home/ldevos/Projects/MPSKit.jl/ld-envs/src/algorithms/derivatives/hamiltonian_derivatives.jl","444","prepare_operator!!","/mnt/home/ldevos/.julia/packages/TensorKit/SLHMM/src/tensors/tensor.jl","98","TensorMap","Vector{Float64}","1","32","0.01"
"chemistry_like","DMRG2","pairs","other","/mnt/home/ldevos/Projects/MPSKit.jl/ld-envs/src/utility/utility.jl","5","#_transpose_tail#9","/mnt/home/ldevos/.julia/packages/TensorKit/SLHMM/src/auxiliary/auxiliary.jl","110","taskforeach","Base.IntrusiveLinkedList{Task}","1","32","0.01"
"chemistry_like","DMRG2","pairs","operator preparation","/mnt/home/ldevos/Projects/MPSKit.jl/ld-envs/src/algorithms/derivatives/hamiltonian_derivatives.jl","706","#right_AC_ingredients#558","/mnt/home/ldevos/.julia/packages/BlockTensorKit/Kw0jL/src/linalg/linalg.jl","44","mul!","Vector{CartesianIndex{3}}","1","32","0.01"
"chemistry_like","DMRG2","pairs","operator preparation","/mnt/home/ldevos/Projects/MPSKit.jl/ld-envs/src/algorithms/derivatives/mpo_derivatives.jl","238","_fuse_env","/mnt/home/ldevos/.julia/packages/BlockTensorKit/Kw0jL/src/vectorspaces/sumspace.jl","134","_sectors","Vector{TensorKitSectors.PlanarTrivial}","1","32","0.01"
"chemistry_like","DMRG2","pairs","operator preparation","/mnt/home/ldevos/Projects/MPSKit.jl/ld-envs/src/algorithms/derivatives/hamiltonian_derivatives.jl","758","prepare_right_AC2","/mnt/home/ldevos/.julia/packages/BlockTensorKit/Kw0jL/src/vectorspaces/sumspaceindices.jl","60","_getindex","Tuple{Int64, UnitRange{Int64}, Int64}","1","32","0.01"
"chemistry_like","DMRG2","pairs","eigensolve","/mnt/home/ldevos/Projects/MPSKit.jl/ld-envs/src/algorithms/derivatives/hamiltonian_derivatives.jl","494","JordanMPO_AC2_Hamiltonian","/mnt/home/ldevos/.julia/packages/TensorOperations/i1lNc/src/implementation/strided.jl","145","stridedtensoradd!","TensorOperations.Scaler{Float64}","2","32","0.01"
"chemistry_like","DMRG2","pairs","operator preparation","/mnt/home/ldevos/Projects/MPSKit.jl/ld-envs/src/algorithms/derivatives/hamiltonian_derivatives.jl","430","prepare_operator!!","/mnt/home/ldevos/.julia/packages/LRUCache/ZH7qB/src/LRUCache.jl","159","get!","Vector{Tuple{Any, Any}}","1","32","0.01"
"chemistry_like","DMRG2","pairs","eigensolve","/mnt/home/ldevos/Projects/MPSKit.jl/ld-envs/src/algorithms/derivatives/hamiltonian_derivatives.jl","493","JordanMPO_AC2_Hamiltonian","/mnt/home/ldevos/.julia/packages/LRUCache/ZH7qB/src/LRUCache.jl","189","_unsafe_getindex","TensorKit.SectorStructure{TensorKitSectors.PlanarTrivial, Tuple{TensorKit.FusionTree{TensorKitSectors.PlanarTrivial, 3, 1, 2}, TensorKit.FusionTree{TensorKitSectors.PlanarTrivial, 3, 1, 2}}}","2","32","0.01"
"chemistry_like","DMRG2","pairs","operator preparation","/mnt/home/ldevos/Projects/MPSKit.jl/ld-envs/src/algorithms/derivatives/hamiltonian_derivatives.jl","403","prepare_operator!!","/mnt/home/ldevos/.julia/packages/TensorKit/SLHMM/src/auxiliary/auxiliary.jl","110","taskforeach","Base.IntrusiveLinkedList{Task}","1","32","0.01"
"chemistry_like","DMRG2","pairs","other","/mnt/home/ldevos/Projects/MPSKit.jl/ld-envs/src/utility/utility.jl","5","#_transpose_tail#9","/mnt/home/ldevos/.julia/packages/TensorKit/SLHMM/src/auxiliary/auxiliary.jl","110","taskforeach","InvalidStateException","1","32","0.01"
"chemistry_like","DMRG2","pairs","operator preparation","/mnt/home/ldevos/Projects/MPSKit.jl/ld-envs/src/algorithms/derivatives/hamiltonian_derivatives.jl","780","prepare_right_AC2","/mnt/home/ldevos/.julia/packages/BlockTensorKit/Kw0jL/src/vectorspaces/sumspace.jl","63","getindex","Vector{TensorKit.GradedSpace{TensorKitSectors.PlanarTrivial, Tuple{Int64}}}","1","32","0.01"
"chemistry_like","DMRG2","pairs","gauge","/mnt/home/ldevos/Projects/MPSKit.jl/ld-envs/src/states/orthoview.jl","407","#gauge2!#104","/mnt/home/ldevos/.julia/packages/TensorKit/SLHMM/src/auxiliary/dicts.jl","35","SortedVectorDict","Vector{TensorKitSectors.PlanarTrivial}","1","32","0.01"
"chemistry_like","DMRG2","pairs","operator preparation","/mnt/home/ldevos/Projects/MPSKit.jl/ld-envs/src/algorithms/derivatives/hamiltonian_derivatives.jl","703","#right_AC_ingredients#558","/mnt/home/ldevos/.julia/packages/BlockTensorKit/Kw0jL/src/vectorspaces/sumspace.jl","16","#SumSpace#1","Vector{TensorKit.GradedSpace{TensorKitSectors.PlanarTrivial, Tuple{Int64}}}","1","32","0.01"
"chemistry_like","DMRG2","pairs","operator preparation","/mnt/home/ldevos/Projects/MPSKit.jl/ld-envs/src/algorithms/derivatives/hamiltonian_derivatives.jl","751","prepare_left_AC2","/mnt/home/ldevos/.julia/packages/BlockTensorKit/Kw0jL/src/auxiliary/sliceindices.jl","19","_invert_index","Vector{Int64}","1","32","0.01"
"chemistry_like","DMRG2","pairs","eigensolve","/mnt/home/ldevos/Projects/MPSKit.jl/ld-envs/src/algorithms/fixedpoint.jl","16","fixedpoint","/mnt/home/ldevos/.julia/packages/KrylovKit/bEE7W/src/factorizations/lanczos.jl","215","#initialize#21","Vector{TensorKit.TensorMap{Float64, TensorKit.GradedSpace{TensorKitSectors.PlanarTrivial, Tuple{Int64}}, 2, 2, Vector{Float64}}}","1","32","0.01"
"chemistry_like","DMRG2","pairs","other","/mnt/home/ldevos/Projects/MPSKit.jl/ld-envs/src/algorithms/groundstate/dmrg.jl","266","local_update!","/mnt/home/ldevos/Projects/MPSKit.jl/ld-envs/src/algorithms/groundstate/dmrg.jl","266","local_update!","NTuple{4, Float64}","1","32","0.01"
"chemistry_like","DMRG2","pairs","environment transfers","/mnt/home/ldevos/Projects/MPSKit.jl/ld-envs/src/transfermatrix/transfer.jl","130","#transfer_left#318","/mnt/home/ldevos/.julia/packages/BlockTensorKit/Kw0jL/src/vectorspaces/sumspace.jl","112","dual","Vector{TensorKit.GradedSpace{TensorKitSectors.PlanarTrivial, Tuple{Int64}}}","1","32","0.01"
"chemistry_like","DMRG2","pairs","operator preparation","/mnt/home/ldevos/Projects/MPSKit.jl/ld-envs/src/algorithms/derivatives/hamiltonian_derivatives.jl","732","prepare_left_AC2","/mnt/home/ldevos/.julia/packages/TensorOperations/i1lNc/src/implementation/allocator.jl","285","tensoralloc","Vector{Float64}","1","32","0.01"
"chemistry_like","DMRG2","pairs","operator preparation","/mnt/home/ldevos/Projects/MPSKit.jl/ld-envs/src/algorithms/derivatives/hamiltonian_derivatives.jl","417","prepare_operator!!","/mnt/home/ldevos/.julia/packages/TensorKit/SLHMM/src/auxiliary/auxiliary.jl","110","taskforeach","InvalidStateException","1","32","0.01"
"chemistry_like","DMRG2","pairs","gauge","/mnt/home/ldevos/Projects/MPSKit.jl/ld-envs/src/states/orthoview.jl","181","setindex!","/mnt/home/ldevos/.julia/packages/LRUCache/ZH7qB/src/LRUCache.jl","159","get!","Vector{Tuple{Any, Any}}","1","32","0.01"
"chemistry_like","DMRG2","pairs","eigensolve","/mnt/home/ldevos/Projects/MPSKit.jl/ld-envs/src/algorithms/fixedpoint.jl","16","fixedpoint","/mnt/home/ldevos/.julia/packages/KrylovKit/bEE7W/src/eigsolve/lanczos.jl","57","#eigsolve#54","Tuple{UnitRange{Int64}}","2","32","0.01"
"chemistry_like","DMRG2","pairs","environment transfers","/mnt/home/ldevos/Projects/MPSKit.jl/ld-envs/src/transfermatrix/transfer.jl","133","#transfer_right#319","/mnt/home/ldevos/.julia/packages/BlockTensorKit/Kw0jL/src/linalg/linalg.jl","44","mul!","Vector{CartesianIndex{3}}","1","32","0.01"
"chemistry_like","DMRG2","pairs","gauge","/mnt/home/ldevos/Projects/MPSKit.jl/ld-envs/src/states/orthoview.jl","407","#gauge2!#104","/mnt/home/ldevos/.julia/packages/TensorKit/SLHMM/src/factorizations/truncation.jl","90","truncate_diagonal!","Vector{Int64}","1","32","0.01"
"chemistry_like","DMRG2","pairs","eigensolve","/mnt/home/ldevos/Projects/MPSKit.jl/ld-envs/src/utility/utility.jl","379","fuse_legs","/mnt/home/ldevos/.julia/packages/LRUCache/ZH7qB/src/LRUCache.jl","159","get!","Vector{Tuple{Any, Any}}","1","32","0.01"
"chemistry_like","DMRG2","pairs","eigensolve","/mnt/home/ldevos/Projects/MPSKit.jl/ld-envs/src/algorithms/fixedpoint.jl","16","fixedpoint","/mnt/home/ldevos/.julia/packages/KrylovKit/bEE7W/src/factorizations/lanczos.jl","217","#initialize#21","Memory{Float64}","1","32","0.01"
"chemistry_like","DMRG2","pairs","environment transfers","/mnt/home/ldevos/Projects/MPSKit.jl/ld-envs/src/transfermatrix/transfer.jl","133","#transfer_right#319","/mnt/home/ldevos/.julia/packages/BlockTensorKit/Kw0jL/src/linalg/linalg.jl","46","mul!","Vector{CartesianIndex{4}}","1","32","0.01"
"chemistry_like","DMRG2","pairs","operator preparation","/mnt/home/ldevos/Projects/MPSKit.jl/ld-envs/src/algorithms/derivatives/hamiltonian_derivatives.jl","684","left_AC_ingredients","/mnt/home/ldevos/.julia/packages/BlockTensorKit/Kw0jL/src/vectorspaces/sumspace.jl","112","dual","Vector{TensorKit.GradedSpace{TensorKitSectors.PlanarTrivial, Tuple{Int64}}}","1","32","0.01"
"chemistry_like","DMRG2","pairs","operator preparation","/mnt/home/ldevos/Projects/MPSKit.jl/ld-envs/src/algorithms/derivatives/hamiltonian_derivatives.jl","764","prepare_right_AC2","/mnt/home/ldevos/.julia/packages/BlockTensorKit/Kw0jL/src/auxiliary/sparsetensorarray.jl","87","setindex!","Memory{UInt8}","1","32","0.01"
"chemistry_like","DMRG2","pairs","eigensolve","/mnt/home/ldevos/Projects/MPSKit.jl/ld-envs/src/algorithms/fixedpoint.jl","16","fixedpoint","/mnt/home/ldevos/.julia/packages/KrylovKit/bEE7W/src/eigsolve/lanczos.jl","61","#eigsolve#54","Vector{Int64}","1","32","0.01"
"chemistry_like","DMRG2","pairs","environment transfers","/mnt/home/ldevos/Projects/MPSKit.jl/ld-envs/src/transfermatrix/transfer.jl","130","#transfer_left#318","/mnt/home/ldevos/.julia/packages/TensorOperations/i1lNc/src/implementation/allocator.jl","449","tensoralloc","Vector{Float64}","1","32","0.01"
"chemistry_like","DMRG2","pairs","other","/mnt/home/ldevos/Projects/MPSKit.jl/ld-envs/src/algorithms/derivatives/hamiltonian_derivatives.jl","494","JordanMPO_AC2_Hamiltonian","/mnt/home/ldevos/.julia/packages/TensorKit/SLHMM/src/auxiliary/auxiliary.jl","110","taskforeach","InvalidStateException","1","32","0.01"
"chemistry_like","DMRG2","pairs","operator preparation","/mnt/home/ldevos/Projects/MPSKit.jl/ld-envs/src/algorithms/derivatives/hamiltonian_derivatives.jl","458","prepare_operator!!","/mnt/home/ldevos/.julia/packages/TensorKit/SLHMM/src/auxiliary/auxiliary.jl","110","taskforeach","Base.IntrusiveLinkedList{Task}","1","32","0.01"
"chemistry_like","DMRG2","pairs","operator preparation","/mnt/home/ldevos/Projects/MPSKit.jl/ld-envs/src/algorithms/derivatives/mpo_derivatives.jl","238","_fuse_env","/mnt/home/ldevos/.julia/packages/TensorKit/SLHMM/src/auxiliary/dicts.jl","35","SortedVectorDict","Vector{Vector{Int64}}","1","32","0.01"
"chemistry_like","DMRG2","pairs","environment transfers","/mnt/home/ldevos/Projects/MPSKit.jl/ld-envs/src/transfermatrix/transfer.jl","130","#transfer_left#318","/mnt/home/ldevos/.julia/packages/BlockTensorKit/Kw0jL/src/vectorspaces/sumspace.jl","16","#SumSpace#1","Vector{TensorKit.GradedSpace{TensorKitSectors.PlanarTrivial, Tuple{Int64}}}","1","32","0.01"
"chemistry_like","DMRG2","pairs","other","/mnt/home/ldevos/Projects/MPSKit.jl/ld-envs/src/algorithms/derivatives/hamiltonian_derivatives.jl","494","JordanMPO_AC2_Hamiltonian","/mnt/home/ldevos/.julia/packages/Strided/yVKLF/src/mapreduce.jl","200","_mapreduce_block!","Tuple{Int64, Int64}","1","32","0.01"
"chemistry_like","DMRG2","pairs","environment transfers","/mnt/home/ldevos/Projects/MPSKit.jl/ld-envs/src/operators/jordanmpotensor.jl","198","_identity_tensor","/mnt/home/ldevos/.julia/packages/TensorKit/SLHMM/src/tensors/tensor.jl","98","TensorMap","Vector{Float64}","1","32","0.01"
"chemistry_like","DMRG2","pairs","operator preparation","/mnt/home/ldevos/Projects/MPSKit.jl/ld-envs/src/algorithms/derivatives/mpo_derivatives.jl","240","_fuse_env","/mnt/home/ldevos/.julia/packages/TensorKit/SLHMM/src/auxiliary/auxiliary.jl","110","taskforeach","Vector{Any}","1","32","0.01"
"chemistry_like","DMRG2","pairs","environment transfers","/mnt/home/ldevos/Projects/MPSKit.jl/ld-envs/src/operators/jordanmpotensor.jl","198","_identity_tensor","/mnt/home/ldevos/.julia/packages/LRUCache/ZH7qB/src/LRUCache.jl","189","_unsafe_getindex","TensorKit.SectorStructure{TensorKitSectors.PlanarTrivial, Tuple{TensorKit.FusionTree{TensorKitSectors.PlanarTrivial, 2, 0, 1}, TensorKit.FusionTree{TensorKitSectors.PlanarTrivial, 2, 0, 1}}}","2","32","0.01"
"chemistry_like","DMRG2","pairs","operator preparation","/mnt/home/ldevos/Projects/MPSKit.jl/ld-envs/src/algorithms/derivatives/hamiltonian_derivatives.jl","415","prepare_operator!!","/mnt/home/ldevos/.julia/packages/LRUCache/ZH7qB/src/LRUCache.jl","159","get!","Vector{Tuple{Any, Any}}","1","32","0.01"
"chemistry_like","DMRG2","pairs","environment transfers","/mnt/home/ldevos/Projects/MPSKit.jl/ld-envs/src/transfermatrix/transfer.jl","130","#transfer_left#318","/mnt/home/ldevos/.julia/packages/BlockTensorKit/Kw0jL/src/linalg/linalg.jl","46","mul!","Vector{CartesianIndex{4}}","1","32","0.01"
"chemistry_like","DMRG2","pairs","other","/mnt/home/ldevos/Projects/MPSKit.jl/ld-envs/src/algorithms/derivatives/hamiltonian_derivatives.jl","493","JordanMPO_AC2_Hamiltonian","/mnt/home/ldevos/.julia/packages/LRUCache/ZH7qB/src/LRUCache.jl","159","get!","Vector{Tuple{Any, Any}}","1","32","0.01"
"chemistry_like","DMRG2","pairs","gauge","/mnt/home/ldevos/Projects/MPSKit.jl/ld-envs/src/states/orthoview.jl","408","#gauge2!#104","/mnt/home/ldevos/.julia/packages/TensorKit/SLHMM/src/auxiliary/dicts.jl","35","SortedVectorDict","Vector{TensorKitSectors.PlanarTrivial}","1","32","0.01"
"chemistry_like","DMRG2","pairs","operator preparation","/mnt/home/ldevos/Projects/MPSKit.jl/ld-envs/src/algorithms/derivatives/mpo_derivatives.jl","238","_fuse_env","/mnt/home/ldevos/.julia/packages/BlockTensorKit/Kw0jL/src/vectorspaces/sumspace.jl","131","_sectors","Memory{UInt8}","1","32","0.01"
"chemistry_like","DMRG2","pairs","operator preparation","/mnt/home/ldevos/Projects/MPSKit.jl/ld-envs/src/algorithms/derivatives/hamiltonian_derivatives.jl","682","left_AC_ingredients","/mnt/home/ldevos/.julia/packages/TensorKit/SLHMM/src/spaces/vectorspaces.jl","437","isisomorphic","Memory{UInt8}","1","32","0.01"
"chemistry_like","DMRG2","pairs","other","/mnt/home/ldevos/Projects/MPSKit.jl/ld-envs/src/states/finitemps.jl","378","#AC2#71","/mnt/home/ldevos/.julia/packages/LRUCache/ZH7qB/src/LRUCache.jl","159","get!","Vector{Tuple{Any, Any}}","1","32","0.01"
"chemistry_like","DMRG2","pairs","eigensolve","/mnt/home/ldevos/Projects/MPSKit.jl/ld-envs/src/algorithms/derivatives/hamiltonian_derivatives.jl","494","JordanMPO_AC2_Hamiltonian","/mnt/home/ldevos/.julia/packages/TensorKit/SLHMM/src/auxiliary/auxiliary.jl","110","taskforeach","Vector{Any}","1","32","0.01"
"chemistry_like","DMRG2","pairs","operator preparation","/mnt/home/ldevos/Projects/MPSKit.jl/ld-envs/src/algorithms/derivatives/mpo_derivatives.jl","238","_fuse_env","/mnt/home/ldevos/.julia/packages/TensorKit/SLHMM/src/auxiliary/dicts.jl","43","SortedVectorDict","Vector{Int64}","1","32","0.01"
"chemistry_like","DMRG2","pairs","operator preparation","/mnt/home/ldevos/Projects/MPSKit.jl/ld-envs/src/algorithms/derivatives/hamiltonian_derivatives.jl","394","prepare_operator!!","/mnt/home/ldevos/.julia/packages/Strided/yVKLF/src/mapreduce.jl","200","_mapreduce_block!","Tuple{Int64, Int64}","1","32","0.01"
"chemistry_like","DMRG2","pairs","other","/mnt/home/ldevos/Projects/MPSKit.jl/ld-envs/src/utility/utility.jl","22","project_complement!","/mnt/home/ldevos/.julia/packages/LRUCache/ZH7qB/src/LRUCache.jl","159","get!","Vector{Tuple{Any, Any}}","1","32","0.01"
"chemistry_like","DMRG2","pairs","eigensolve","/mnt/home/ldevos/Projects/MPSKit.jl/ld-envs/src/algorithms/fixedpoint.jl","16","fixedpoint","/mnt/home/ldevos/.julia/packages/KrylovKit/bEE7W/src/eigsolve/lanczos.jl","138","#eigsolve#54","Vector{Float64}","1","32","0.01"
"chemistry_like","DMRG2","pairs","operator preparation","/mnt/home/ldevos/Projects/MPSKit.jl/ld-envs/src/algorithms/derivatives/hamiltonian_derivatives.jl","444","prepare_operator!!","/mnt/home/ldevos/.julia/packages/LRUCache/ZH7qB/src/LRUCache.jl","159","get!","Vector{Tuple{Any, Any}}","1","32","0.01"
"chemistry_like","DMRG2","pairs","other","/mnt/home/ldevos/Projects/MPSKit.jl/ld-envs/src/algorithms/derivatives/hamiltonian_derivatives.jl","493","JordanMPO_AC2_Hamiltonian","/mnt/home/ldevos/.julia/packages/Strided/yVKLF/src/mapreduce.jl","200","_mapreduce_block!","Tuple{Int64, Int64}","1","32","0.01"
"chemistry_like","DMRG2","pairs","gauge","/mnt/home/ldevos/Projects/MPSKit.jl/ld-envs/src/utility/utility.jl","2","#_transpose_front#8","/mnt/home/ldevos/.julia/packages/TensorKit/SLHMM/src/auxiliary/auxiliary.jl","109","taskforeach","Base.Threads.Atomic{Int64}","2","32","0.01"
"chemistry_like","DMRG2","pairs","other","/mnt/home/ldevos/Projects/MPSKit.jl/ld-envs/src/utility/utility.jl","316","mul_tail","/mnt/home/ldevos/.julia/packages/TensorKit/SLHMM/src/tensors/tensor.jl","98","TensorMap","Vector{Float64}","1","32","0.01"
"chemistry_like","DMRG2","pairs","environment transfers","/mnt/home/ldevos/Projects/MPSKit.jl/ld-envs/src/transfermatrix/transfer.jl","130","#transfer_left#318","/mnt/home/ldevos/.julia/packages/BlockTensorKit/Kw0jL/src/linalg/linalg.jl","46","mul!","Vector{CartesianIndex{3}}","1","32","0.01"
"chemistry_like","DMRG2","pairs","eigensolve","/mnt/home/ldevos/Projects/MPSKit.jl/ld-envs/src/utility/utility.jl","293","mul_front!","/mnt/home/ldevos/.julia/packages/LRUCache/ZH7qB/src/LRUCache.jl","189","_unsafe_getindex","TensorKit.DegeneracyStructure{3}","1","24","0.01"
"chemistry_like","DMRG2","pairs","eigensolve","/mnt/home/ldevos/Projects/MPSKit.jl/ld-envs/src/algorithms/derivatives/mpo_derivatives.jl","347","PrecomputedDerivative","/mnt/home/ldevos/.julia/packages/LRUCache/ZH7qB/src/LRUCache.jl","189","_unsafe_getindex","TensorKit.DegeneracyStructure{4}","1","24","0.01"
"chemistry_like","DMRG2","pairs","operator preparation","/mnt/home/ldevos/Projects/MPSKit.jl/ld-envs/src/algorithms/derivatives/hamiltonian_derivatives.jl","432","prepare_operator!!","/mnt/home/ldevos/.julia/packages/LRUCache/ZH7qB/src/LRUCache.jl","189","_unsafe_getindex","TensorKit.DegeneracyStructure{6}","1","24","0.01"
"chemistry_like","DMRG2","pairs","operator preparation","/mnt/home/ldevos/Projects/MPSKit.jl/ld-envs/src/algorithms/derivatives/hamiltonian_derivatives.jl","403","prepare_operator!!","/mnt/home/ldevos/.julia/packages/TensorOperations/i1lNc/src/implementation/allocator.jl","420","unsafe_buffer_wrap","Vector{Float64}","1","24","0.01"
"chemistry_like","DMRG2","pairs","operator preparation","/mnt/home/ldevos/Projects/MPSKit.jl/ld-envs/src/algorithms/derivatives/hamiltonian_derivatives.jl","764","prepare_right_AC2","/mnt/home/ldevos/.julia/packages/TensorOperations/i1lNc/src/implementation/allocator.jl","285","tensoralloc","Memory{Float64}","1","24","0.01"
"chemistry_like","DMRG2","pairs","gauge","/mnt/home/ldevos/Projects/MPSKit.jl/ld-envs/src/states/orthoview.jl","325","left_gauge","/mnt/home/ldevos/.julia/packages/LRUCache/ZH7qB/src/LRUCache.jl","189","_unsafe_getindex","TensorKit.DegeneracyStructure{3}","1","24","0.01"
"chemistry_like","DMRG2","pairs","operator preparation","/mnt/home/ldevos/Projects/MPSKit.jl/ld-envs/src/algorithms/derivatives/hamiltonian_derivatives.jl","416","prepare_operator!!","/mnt/home/ldevos/.julia/packages/LRUCache/ZH7qB/src/LRUCache.jl","189","_unsafe_getindex","TensorKit.DegeneracyStructure{2}","1","24","0.01"
"chemistry_like","DMRG2","pairs","operator preparation","/mnt/home/ldevos/Projects/MPSKit.jl/ld-envs/src/algorithms/derivatives/hamiltonian_derivatives.jl","432","prepare_operator!!","/mnt/home/ldevos/.julia/packages/TensorOperations/i1lNc/src/implementation/allocator.jl","420","unsafe_buffer_wrap","Memory{Float64}","1","24","0.01"
"chemistry_like","DMRG2","pairs","environment transfers","/mnt/home/ldevos/Projects/MPSKit.jl/ld-envs/src/transfermatrix/transfer.jl","133","#transfer_right#319","/mnt/home/ldevos/.julia/packages/BlockTensorKit/Kw0jL/src/auxiliary/sparsetensorarray.jl","87","setindex!","Memory{CartesianIndex{4}}","1","24","0.01"
"chemistry_like","DMRG2","pairs","environment transfers","/mnt/home/ldevos/Projects/MPSKit.jl/ld-envs/src/transfermatrix/transfer.jl","133","#transfer_right#319","/mnt/home/ldevos/.julia/packages/BlockTensorKit/Kw0jL/src/auxiliary/sparsetensorarray.jl","87","setindex!","Memory{TensorKit.TensorMap{Float64, TensorKit.GradedSpace{TensorKitSectors.PlanarTrivial, Tuple{Int64}}, 2, 2, Vector{Float64}}}","1","24","0.01"
"chemistry_like","DMRG2","pairs","other","/mnt/home/ldevos/Projects/MPSKit.jl/ld-envs/src/algorithms/derivatives/hamiltonian_derivatives.jl","493","JordanMPO_AC2_Hamiltonian","/mnt/home/ldevos/.julia/packages/LRUCache/ZH7qB/src/LRUCache.jl","189","_unsafe_getindex","TensorKit.UniqueTreeTransformer{Int64, 4}","1","24","0.01"
"chemistry_like","DMRG2","pairs","operator preparation","/mnt/home/ldevos/Projects/MPSKit.jl/ld-envs/src/algorithms/derivatives/hamiltonian_derivatives.jl","445","prepare_operator!!","/mnt/home/ldevos/.julia/packages/LRUCache/ZH7qB/src/LRUCache.jl","189","_unsafe_getindex","TensorKit.DegeneracyStructure{6}","1","24","0.01"
"chemistry_like","DMRG2","pairs","eigensolve","/mnt/home/ldevos/Projects/MPSKit.jl/ld-envs/src/algorithms/derivatives/mpo_derivatives.jl","321","PrecomputedDerivative","/mnt/home/ldevos/.julia/packages/TensorOperations/i1lNc/src/implementation/allocator.jl","285","tensoralloc","Memory{Float64}","1","24","0.01"
"chemistry_like","DMRG2","pairs","eigensolve","/mnt/home/ldevos/Projects/MPSKit.jl/ld-envs/src/algorithms/derivatives/hamiltonian_derivatives.jl","496","JordanMPO_AC2_Hamiltonian","/mnt/home/ldevos/.julia/packages/LRUCache/ZH7qB/src/LRUCache.jl","189","_unsafe_getindex","TensorKit.DegeneracyStructure{2}","1","24","0.01"
"chemistry_like","DMRG2","pairs","other","/mnt/home/ldevos/Projects/MPSKit.jl/ld-envs/src/algorithms/derivatives/hamiltonian_derivatives.jl","493","JordanMPO_AC2_Hamiltonian","/mnt/home/ldevos/.julia/packages/LRUCache/ZH7qB/src/LRUCache.jl","189","_unsafe_getindex","TensorKit.DegeneracyStructure{4}","1","24","0.01"
"chemistry_like","DMRG2","pairs","eigensolve","/mnt/home/ldevos/Projects/MPSKit.jl/ld-envs/src/algorithms/derivatives/hamiltonian_derivatives.jl","491","JordanMPO_AC2_Hamiltonian","/mnt/home/ldevos/.julia/packages/TensorOperations/i1lNc/src/implementation/allocator.jl","420","unsafe_buffer_wrap","Memory{Float64}","1","24","0.01"
"chemistry_like","DMRG2","pairs","other","/mnt/home/ldevos/Projects/MPSKit.jl/ld-envs/src/states/finitemps.jl","380","#AC2#71","/mnt/home/ldevos/.julia/packages/LRUCache/ZH7qB/src/LRUCache.jl","189","_unsafe_getindex","TensorKit.DegeneracyStructure{4}","1","24","0.01"
"chemistry_like","DMRG2","pairs","operator preparation","/mnt/home/ldevos/Projects/MPSKit.jl/ld-envs/src/algorithms/derivatives/hamiltonian_derivatives.jl","458","prepare_operator!!","/mnt/home/ldevos/.julia/packages/TensorOperations/i1lNc/src/implementation/allocator.jl","420","unsafe_buffer_wrap","Memory{Float64}","1","24","0.01"
"chemistry_like","DMRG2","pairs","eigensolve","/mnt/home/ldevos/Projects/MPSKit.jl/ld-envs/src/algorithms/fixedpoint.jl","16","fixedpoint","/mnt/home/ldevos/.julia/packages/KrylovKit/bEE7W/src/dense/linalg.jl","309","permuteeig!","Memory{UInt64}","1","24","0.01"
"chemistry_like","DMRG2","pairs","operator preparation","/mnt/home/ldevos/Projects/MPSKit.jl/ld-envs/src/algorithms/derivatives/hamiltonian_derivatives.jl","669","_contract_O_GR","/mnt/home/ldevos/.julia/packages/BlockTensorKit/Kw0jL/src/tensors/blocktensor.jl","16","BlockTensorMap","Memory{TensorKit.TensorMap{Float64, TensorKit.GradedSpace{TensorKitSectors.PlanarTrivial, Tuple{Int64}}, 2, 3, Vector{Float64}}}","1","24","0.01"
"chemistry_like","DMRG2","pairs","operator preparation","/mnt/home/ldevos/Projects/MPSKit.jl/ld-envs/src/algorithms/derivatives/hamiltonian_derivatives.jl","381","prepare_operator!!","/mnt/home/ldevos/.julia/packages/TensorOperations/i1lNc/src/implementation/allocator.jl","420","unsafe_buffer_wrap","Vector{Float64}","1","24","0.01"
"chemistry_like","DMRG2","pairs","operator preparation","/mnt/home/ldevos/Projects/MPSKit.jl/ld-envs/src/algorithms/derivatives/mpo_derivatives.jl","236","_fuse_env","/mnt/home/ldevos/.julia/packages/LRUCache/ZH7qB/src/LRUCache.jl","189","_unsafe_getindex","TensorKit.DegeneracyStructure{5}","1","24","0.01"
"chemistry_like","DMRG2","pairs","operator preparation","/mnt/home/ldevos/Projects/MPSKit.jl/ld-envs/src/algorithms/derivatives/hamiltonian_derivatives.jl","432","prepare_operator!!","/mnt/home/ldevos/.julia/packages/LRUCache/ZH7qB/src/LRUCache.jl","189","_unsafe_getindex","TensorKit.DegeneracyStructure{2}","1","24","0.01"
"chemistry_like","DMRG2","pairs","other","/mnt/home/ldevos/Projects/MPSKit.jl/ld-envs/src/utility/utility.jl","22","project_complement!","/mnt/home/ldevos/.julia/packages/LRUCache/ZH7qB/src/LRUCache.jl","189","_unsafe_getindex","TensorKit.DegeneracyStructure{4}","1","24","0.01"
"chemistry_like","DMRG2","pairs","operator preparation","/mnt/home/ldevos/Projects/MPSKit.jl/ld-envs/src/algorithms/derivatives/hamiltonian_derivatives.jl","669","_contract_O_GR","/mnt/home/ldevos/.julia/packages/BlockTensorKit/Kw0jL/src/auxiliary/sparsetensorarray.jl","87","setindex!","Memory{CartesianIndex{4}}","1","24","0.01"
"chemistry_like","DMRG2","pairs","eigensolve","/mnt/home/ldevos/Projects/MPSKit.jl/ld-envs/src/utility/utility.jl","379","fuse_legs","/mnt/home/ldevos/.julia/packages/LRUCache/ZH7qB/src/LRUCache.jl","189","_unsafe_getindex","TensorKit.DegeneracyStructure{3}","1","24","0.01"
"chemistry_like","DMRG2","pairs","operator preparation","/mnt/home/ldevos/Projects/MPSKit.jl/ld-envs/src/algorithms/derivatives/hamiltonian_derivatives.jl","417","prepare_operator!!","/mnt/home/ldevos/.julia/packages/LRUCache/ZH7qB/src/LRUCache.jl","189","_unsafe_getindex","TensorKit.DegeneracyStructure{2}","1","24","0.01"
"chemistry_like","DMRG2","pairs","operator preparation","/mnt/home/ldevos/Projects/MPSKit.jl/ld-envs/src/algorithms/derivatives/hamiltonian_derivatives.jl","732","prepare_left_AC2","/mnt/home/ldevos/.julia/packages/BlockTensorKit/Kw0jL/src/linalg/linalg.jl","46","mul!","Memory{CartesianIndex{3}}","1","24","0.01"
"chemistry_like","DMRG2","pairs","operator preparation","/mnt/home/ldevos/Projects/MPSKit.jl/ld-envs/src/algorithms/derivatives/hamiltonian_derivatives.jl","444","prepare_operator!!","/mnt/home/ldevos/.julia/packages/LRUCache/ZH7qB/src/LRUCache.jl","189","_unsafe_getindex","TensorKit.DegeneracyStructure{4}","1","24","0.01"
"chemistry_like","DMRG2","pairs","eigensolve","/mnt/home/ldevos/Projects/MPSKit.jl/ld-envs/src/utility/utility.jl","283","mul_front!","/mnt/home/ldevos/.julia/packages/LRUCache/ZH7qB/src/LRUCache.jl","189","_unsafe_getindex","TensorKit.DegeneracyStructure{2}","1","24","0.01"
"chemistry_like","DMRG2","pairs","eigensolve","/mnt/home/ldevos/Projects/MPSKit.jl/ld-envs/src/utility/utility.jl","284","mul_front!","/mnt/home/ldevos/.julia/packages/LRUCache/ZH7qB/src/LRUCache.jl","189","_unsafe_getindex","TensorKit.DegeneracyStructure{3}","1","24","0.01"
"chemistry_like","DMRG2","pairs","operator preparation","/mnt/home/ldevos/Projects/MPSKit.jl/ld-envs/src/algorithms/derivatives/hamiltonian_derivatives.jl","445","prepare_operator!!","/mnt/home/ldevos/.julia/packages/LRUCache/ZH7qB/src/LRUCache.jl","189","_unsafe_getindex","TensorKit.DegeneracyStructure{2}","1","24","0.01"
"chemistry_like","DMRG2","pairs","operator preparation","/mnt/home/ldevos/Projects/MPSKit.jl/ld-envs/src/algorithms/derivatives/hamiltonian_derivatives.jl","445","prepare_operator!!","/mnt/home/ldevos/.julia/packages/TensorOperations/i1lNc/src/implementation/allocator.jl","420","unsafe_buffer_wrap","Memory{Float64}","1","24","0.01"
"chemistry_like","DMRG2","pairs","gauge","/mnt/home/ldevos/Projects/MPSKit.jl/ld-envs/src/states/orthoview.jl","325","left_gauge","/mnt/home/ldevos/.julia/packages/LRUCache/ZH7qB/src/LRUCache.jl","189","_unsafe_getindex","TensorKit.DegeneracyStructure{2}","1","24","0.01"
"chemistry_like","DMRG2","pairs","operator preparation","/mnt/home/ldevos/Projects/MPSKit.jl/ld-envs/src/algorithms/derivatives/hamiltonian_derivatives.jl","417","prepare_operator!!","/mnt/home/ldevos/.julia/packages/LRUCache/ZH7qB/src/LRUCache.jl","189","_unsafe_getindex","TensorKit.UniqueTreeTransformer{Int64, 6}","1","24","0.01"
"chemistry_like","DMRG2","pairs","environment transfers","/mnt/home/ldevos/Projects/MPSKit.jl/ld-envs/src/transfermatrix/transfer.jl","133","#transfer_right#319","/mnt/home/ldevos/.julia/packages/BlockTensorKit/Kw0jL/src/tensors/blocktensor.jl","16","BlockTensorMap","Memory{TensorKit.TensorMap{Float64, TensorKit.GradedSpace{TensorKitSectors.PlanarTrivial, Tuple{Int64}}, 2, 2, Vector{Float64}}}","1","24","0.01"
"chemistry_like","DMRG2","pairs","other","/mnt/home/ldevos/Projects/MPSKit.jl/ld-envs/src/algorithms/derivatives/hamiltonian_derivatives.jl","494","JordanMPO_AC2_Hamiltonian","/mnt/home/ldevos/.julia/packages/LRUCache/ZH7qB/src/LRUCache.jl","189","_unsafe_getindex","TensorKit.DegeneracyStructure{6}","1","24","0.01"
"chemistry_like","DMRG2","pairs","environment transfers","/mnt/home/ldevos/Projects/MPSKit.jl/ld-envs/src/transfermatrix/transfer.jl","130","#transfer_left#318","/mnt/home/ldevos/.julia/packages/BlockTensorKit/Kw0jL/src/tensors/blocktensor.jl","16","BlockTensorMap","Memory{TensorKit.TensorMap{Float64, TensorKit.GradedSpace{TensorKitSectors.PlanarTrivial, Tuple{Int64}}, 2, 2, Vector{Float64}}}","1","24","0.01"
"chemistry_like","DMRG2","pairs","operator preparation","/mnt/home/ldevos/Projects/MPSKit.jl/ld-envs/src/algorithms/derivatives/hamiltonian_derivatives.jl","417","prepare_operator!!","/mnt/home/ldevos/.julia/packages/LRUCache/ZH7qB/src/LRUCache.jl","189","_unsafe_getindex","TensorKit.DegeneracyStructure{6}","1","24","0.01"
"chemistry_like","DMRG2","pairs","operator preparation","/mnt/home/ldevos/Projects/MPSKit.jl/ld-envs/src/algorithms/derivatives/hamiltonian_derivatives.jl","432","prepare_operator!!","/mnt/home/ldevos/.julia/packages/LRUCache/ZH7qB/src/LRUCache.jl","189","_unsafe_getindex","TensorKit.UniqueTreeTransformer{Int64, 2}","1","24","0.01"
"chemistry_like","DMRG2","pairs","operator preparation","/mnt/home/ldevos/Projects/MPSKit.jl/ld-envs/src/algorithms/derivatives/hamiltonian_derivatives.jl","694","left_AC_ingredients","/mnt/home/ldevos/.julia/packages/BlockTensorKit/Kw0jL/src/auxiliary/sparsetensorarray.jl","87","setindex!","Memory{TensorKit.TensorMap{Float64, TensorKit.GradedSpace{TensorKitSectors.PlanarTrivial, Tuple{Int64}}, 3, 2, Vector{Float64}}}","1","24","0.01"
"chemistry_like","DMRG2","pairs","other","/mnt/home/ldevos/Projects/MPSKit.jl/ld-envs/src/algorithms/derivatives/hamiltonian_derivatives.jl","494","JordanMPO_AC2_Hamiltonian","/mnt/home/ldevos/.julia/packages/LRUCache/ZH7qB/src/LRUCache.jl","189","_unsafe_getindex","TensorKit.UniqueTreeTransformer{Int64, 4}","1","24","0.01"
"chemistry_like","DMRG2","pairs","other","/mnt/home/ldevos/Projects/MPSKit.jl/ld-envs/src/algorithms/derivatives/hamiltonian_derivatives.jl","493","JordanMPO_AC2_Hamiltonian","/mnt/home/ldevos/.julia/packages/TensorOperations/i1lNc/src/implementation/allocator.jl","420","unsafe_buffer_wrap","Vector{Float64}","1","24","0.01"
"chemistry_like","DMRG2","pairs","eigensolve","/mnt/home/ldevos/Projects/MPSKit.jl/ld-envs/src/algorithms/derivatives/hamiltonian_derivatives.jl","493","JordanMPO_AC2_Hamiltonian","/mnt/home/ldevos/.julia/packages/LRUCache/ZH7qB/src/LRUCache.jl","189","_unsafe_getindex","TensorKit.DegeneracyStructure{6}","1","24","0.01"
"chemistry_like","DMRG2","pairs","other","/mnt/home/ldevos/Projects/MPSKit.jl/ld-envs/src/utility/utility.jl","328","mul_tail!","/mnt/home/ldevos/.julia/packages/LRUCache/ZH7qB/src/LRUCache.jl","189","_unsafe_getindex","TensorKit.DegeneracyStructure{3}","1","24","0.01"
"chemistry_like","DMRG2","pairs","eigensolve","/mnt/home/ldevos/Projects/MPSKit.jl/ld-envs/src/algorithms/fixedpoint.jl","16","fixedpoint","/mnt/home/ldevos/.julia/packages/KrylovKit/bEE7W/src/eigsolve/lanczos.jl","138","#eigsolve#54","Memory{Float64}","1","24","0.01"
"chemistry_like","DMRG2","pairs","operator preparation","/mnt/home/ldevos/Projects/MPSKit.jl/ld-envs/src/algorithms/derivatives/hamiltonian_derivatives.jl","431","prepare_operator!!","/mnt/home/ldevos/.julia/packages/LRUCache/ZH7qB/src/LRUCache.jl","189","_unsafe_getindex","TensorKit.DegeneracyStructure{2}","1","24","0.01"
"chemistry_like","DMRG2","pairs","gauge","/mnt/home/ldevos/Projects/MPSKit.jl/ld-envs/src/states/orthoview.jl","325","left_gauge","/mnt/home/ldevos/.julia/packages/MatrixAlgebraKit/AbU5a/src/algorithms.jl","536","macro expansion","String","1","17","0.01"
"chemistry_like","DMRG2","pairs","operator preparation","/mnt/home/ldevos/Projects/MPSKit.jl/ld-envs/src/algorithms/derivatives/hamiltonian_derivatives.jl","381","prepare_operator!!","/mnt/home/ldevos/.julia/packages/LRUCache/ZH7qB/src/LRUCache.jl","189","_unsafe_getindex","TensorKit.SectorStructure{TensorKitSectors.PlanarTrivial, Tuple{TensorKit.FusionTree{TensorKitSectors.PlanarTrivial, 4, 2, 3}, TensorKit.FusionTree{TensorKitSectors.PlanarTrivial, 2, 0, 1}}}","1","16","0.01"
"chemistry_like","DMRG2","pairs","other","/mnt/home/ldevos/Projects/MPSKit.jl/ld-envs/src/algorithms/groundstate/dmrg.jl","276","local_update!","/mnt/home/ldevos/.julia/packages/TimerOutputs/0Wski/src/macros.jl","207","macro expansion","MPSKit.FiniteMPOHamiltonian{MPSKit.JordanMPOTensor{Float64, TensorKit.GradedSpace{TensorKitSectors.PlanarTrivial, Tuple{Int64}}, Vector{Float64}}}","1","16","0.01"
"chemistry_like","DMRG2","pairs","operator preparation","/mnt/home/ldevos/Projects/MPSKit.jl/ld-envs/src/algorithms/derivatives/hamiltonian_derivatives.jl","415","prepare_operator!!","/mnt/home/ldevos/.julia/packages/LRUCache/ZH7qB/src/LRUCache.jl","189","_unsafe_getindex","TensorKit.SectorStructure{TensorKitSectors.PlanarTrivial, Tuple{TensorKit.FusionTree{TensorKitSectors.PlanarTrivial, 1, 0, 0}, TensorKit.FusionTree{TensorKitSectors.PlanarTrivial, 1, 0, 0}}}","1","16","0.01"
"chemistry_like","DMRG2","pairs","other","/mnt/home/ldevos/Projects/MPSKit.jl/ld-envs/src/algorithms/groundstate/dmrg.jl","266","local_update!","/mnt/home/ldevos/Projects/MPSKit.jl/ld-envs/src/algorithms/groundstate/dmrg.jl","266","local_update!","Float64","1","16","0.01"
"chemistry_like","DMRG2","pairs","other","/mnt/home/ldevos/Projects/MPSKit.jl/ld-envs/src/algorithms/derivatives/hamiltonian_derivatives.jl","494","JordanMPO_AC2_Hamiltonian","/mnt/home/ldevos/.julia/packages/TensorOperations/i1lNc/src/implementation/strided.jl","143","stridedtensoradd!","TensorOperations.Scaler{Float64}","1","16","0.01"
"chemistry_like","DMRG2","pairs","other","/mnt/home/ldevos/Projects/MPSKit.jl/ld-envs/src/algorithms/derivatives/mpo_derivatives.jl","321","PrecomputedDerivative","/mnt/home/ldevos/.julia/packages/LRUCache/ZH7qB/src/LRUCache.jl","189","_unsafe_getindex","TensorKit.SectorStructure{TensorKitSectors.PlanarTrivial, Tuple{TensorKit.FusionTree{TensorKitSectors.PlanarTrivial, 1, 0, 0}, TensorKit.FusionTree{TensorKitSectors.PlanarTrivial, 1, 0, 0}}}","1","16","0.01"
"chemistry_like","DMRG2","pairs","other","/mnt/home/ldevos/Projects/MPSKit.jl/ld-envs/src/algorithms/derivatives/hamiltonian_derivatives.jl","494","JordanMPO_AC2_Hamiltonian","/mnt/home/ldevos/.julia/packages/TensorKit/SLHMM/src/auxiliary/auxiliary.jl","109","taskforeach","Base.Threads.Atomic{Int64}","1","16","0.01"
"chemistry_like","DMRG2","pairs","gauge","/mnt/home/ldevos/Projects/MPSKit.jl/ld-envs/src/states/orthoview.jl","325","left_gauge","/mnt/home/ldevos/.julia/packages/LRUCache/ZH7qB/src/LRUCache.jl","189","_unsafe_getindex","TensorKit.SectorStructure{TensorKitSectors.PlanarTrivial, Tuple{TensorKit.FusionTree{TensorKitSectors.PlanarTrivial, 2, 0, 1}, TensorKit.FusionTree{TensorKitSectors.PlanarTrivial, 1, 0, 0}}}","1","16","0.01"
"chemistry_like","DMRG2","pairs","eigensolve","/mnt/home/ldevos/Projects/MPSKit.jl/ld-envs/src/algorithms/derivatives/mpo_derivatives.jl","321","PrecomputedDerivative","/mnt/home/ldevos/.julia/packages/LRUCache/ZH7qB/src/LRUCache.jl","189","_unsafe_getindex","TensorKit.SectorStructure{TensorKitSectors.PlanarTrivial, Tuple{TensorKit.FusionTree{TensorKitSectors.PlanarTrivial, 1, 0, 0}, TensorKit.FusionTree{TensorKitSectors.PlanarTrivial, 1, 0, 0}}}","1","16","0.01"
"chemistry_like","DMRG2","pairs","other","/mnt/home/ldevos/Projects/MPSKit.jl/ld-envs/src/utility/utility.jl","5","#_transpose_tail#9","/mnt/home/ldevos/.julia/packages/TensorKit/SLHMM/src/auxiliary/auxiliary.jl","110","taskforeach","Base.Threads.SpinLock","1","16","0.01"
"chemistry_like","DMRG2","pairs","gauge","/mnt/home/ldevos/Projects/MPSKit.jl/ld-envs/src/states/orthoview.jl","181","setindex!","/mnt/home/ldevos/.julia/packages/TensorKit/SLHMM/src/auxiliary/dicts.jl","136","setindex!","Memory{TensorKitSectors.PlanarTrivial}","1","16","0.01"
"chemistry_like","DMRG2","pairs","operator preparation","/mnt/home/ldevos/Projects/MPSKit.jl/ld-envs/src/algorithms/derivatives/hamiltonian_derivatives.jl","764","prepare_right_AC2","/mnt/home/ldevos/.julia/packages/LRUCache/ZH7qB/src/LRUCache.jl","189","_unsafe_getindex","TensorKit.SectorStructure{TensorKitSectors.PlanarTrivial, Tuple{TensorKit.FusionTree{TensorKitSectors.PlanarTrivial, 2, 0, 1}, TensorKit.FusionTree{TensorKitSectors.PlanarTrivial, 4, 2, 3}}}","1","16","0.01"
"chemistry_like","DMRG2","pairs","operator preparation","/mnt/home/ldevos/Projects/MPSKit.jl/ld-envs/src/algorithms/derivatives/hamiltonian_derivatives.jl","417","prepare_operator!!","/mnt/home/ldevos/.julia/packages/TensorKit/SLHMM/src/auxiliary/auxiliary.jl","109","taskforeach","Base.Threads.Atomic{Int64}","1","16","0.01"
"chemistry_like","DMRG2","pairs","gauge","/mnt/home/ldevos/Projects/MPSKit.jl/ld-envs/src/utility/utility.jl","2","#_transpose_front#8","/mnt/home/ldevos/.julia/packages/TensorOperations/i1lNc/src/implementation/strided.jl","143","stridedtensoradd!","TensorOperations.Scaler{Float64}","1","16","0.01"
"chemistry_like","DMRG2","pairs","other","/mnt/home/ldevos/Projects/MPSKit.jl/ld-envs/src/algorithms/derivatives/mpo_derivatives.jl","321","PrecomputedDerivative","/mnt/home/ldevos/.julia/packages/LRUCache/ZH7qB/src/LRUCache.jl","189","_unsafe_getindex","TensorKit.SectorStructure{TensorKitSectors.PlanarTrivial, Tuple{TensorKit.FusionTree{TensorKitSectors.PlanarTrivial, 1, 0, 0}, TensorKit.FusionTree{TensorKitSectors.PlanarTrivial, 2, 0, 1}}}","1","16","0.01"
"chemistry_like","DMRG2","pairs","operator preparation","/mnt/home/ldevos/Projects/MPSKit.jl/ld-envs/src/algorithms/derivatives/hamiltonian_derivatives.jl","445","prepare_operator!!","/mnt/home/ldevos/.julia/packages/TensorKit/SLHMM/src/auxiliary/auxiliary.jl","109","taskforeach","Base.Threads.Atomic{Int64}","1","16","0.01"
"chemistry_like","DMRG2","pairs","eigensolve","/mnt/home/ldevos/Projects/MPSKit.jl/ld-envs/src/algorithms/derivatives/hamiltonian_derivatives.jl","493","JordanMPO_AC2_Hamiltonian","/mnt/home/ldevos/.julia/packages/TensorOperations/i1lNc/src/implementation/strided.jl","143","stridedtensoradd!","TensorOperations.Scaler{Float64}","1","16","0.01"
"chemistry_like","DMRG2","pairs","other","/mnt/home/ldevos/Projects/MPSKit.jl/ld-envs/src/algorithms/derivatives/hamiltonian_derivatives.jl","494","JordanMPO_AC2_Hamiltonian","/mnt/home/ldevos/.julia/packages/TensorKit/SLHMM/src/auxiliary/auxiliary.jl","110","taskforeach","Base.Threads.SpinLock","1","16","0.01"
"chemistry_like","DMRG2","pairs","gauge","/mnt/home/ldevos/Projects/MPSKit.jl/ld-envs/src/states/orthoview.jl","407","#gauge2!#104","/mnt/home/ldevos/.julia/packages/TensorKit/SLHMM/src/tensors/blockiterators.jl","35","#foreachblock#173","Memory{TensorKitSectors.PlanarTrivial}","1","16","0.01"
"chemistry_like","DMRG2","pairs","operator preparation","/mnt/home/ldevos/Projects/MPSKit.jl/ld-envs/src/algorithms/derivatives/hamiltonian_derivatives.jl","764","prepare_right_AC2","/mnt/home/ldevos/.julia/packages/BlockTensorKit/Kw0jL/src/tensors/sparseblocktensor.jl","57","sparseblocktensormaptype","UnionAll","1","16","0.01"
"chemistry_like","DMRG2","pairs","operator preparation","/mnt/home/ldevos/Projects/MPSKit.jl/ld-envs/src/algorithms/derivatives/hamiltonian_derivatives.jl","764","prepare_right_AC2","/mnt/home/ldevos/.julia/packages/LRUCache/ZH7qB/src/LRUCache.jl","189","_unsafe_getindex","TensorKit.SectorStructure{TensorKitSectors.PlanarTrivial, Tuple{TensorKit.FusionTree{TensorKitSectors.PlanarTrivial, 1, 0, 0}, TensorKit.FusionTree{TensorKitSectors.PlanarTrivial, 4, 2, 3}}}","1","16","0.01"
"chemistry_like","DMRG2","pairs","other","/mnt/home/ldevos/Projects/MPSKit.jl/ld-envs/src/algorithms/groundstate/dmrg.jl","263","local_update!","/mnt/home/ldevos/Projects/MPSKit.jl/ld-envs/src/algorithms/groundstate/dmrg.jl","263","local_update!","Float64","1","16","0.01"
"chemistry_like","DMRG2","pairs","operator preparation","/mnt/home/ldevos/Projects/MPSKit.jl/ld-envs/src/algorithms/derivatives/mpo_derivatives.jl","238","_fuse_env","/mnt/home/ldevos/.julia/packages/BlockTensorKit/Kw0jL/src/vectorspaces/sumspace.jl","131","_sectors","Memory{Nothing}","1","16","0.01"
"chemistry_like","DMRG2","pairs","operator preparation","/mnt/home/ldevos/Projects/MPSKit.jl/ld-envs/src/algorithms/derivatives/mpo_derivatives.jl","238","_fuse_env","/mnt/home/ldevos/.julia/packages/BlockTensorKit/Kw0jL/src/vectorspaces/sumspace.jl","134","_sectors","Memory{TensorKitSectors.PlanarTrivial}","1","16","0.01"
"chemistry_like","DMRG2","pairs","other","/mnt/home/ldevos/Projects/MPSKit.jl/ld-envs/src/utility/utility.jl","293","mul_front!","/mnt/home/ldevos/.julia/packages/LRUCache/ZH7qB/src/LRUCache.jl","189","_unsafe_getindex","TensorKit.SectorStructure{TensorKitSectors.PlanarTrivial, Tuple{TensorKit.FusionTree{TensorKitSectors.PlanarTrivial, 2, 0, 1}, TensorKit.FusionTree{TensorKitSectors.PlanarTrivial, 1, 0, 0}}}","1","16","0.01"
"chemistry_like","DMRG2","pairs","operator preparation","/mnt/home/ldevos/Projects/MPSKit.jl/ld-envs/src/algorithms/derivatives/mpo_derivatives.jl","238","_fuse_env","/mnt/home/ldevos/.julia/packages/BlockTensorKit/Kw0jL/src/vectorspaces/sumspace.jl","131","_sectors","Memory{TensorKitSectors.PlanarTrivial}","1","16","0.01"
"chemistry_like","DMRG2","pairs","operator preparation","/mnt/home/ldevos/Projects/MPSKit.jl/ld-envs/src/algorithms/derivatives/hamiltonian_derivatives.jl","417","prepare_operator!!","/mnt/home/ldevos/.julia/packages/TensorOperations/i1lNc/src/implementation/strided.jl","145","stridedtensoradd!","TensorOperations.Scaler{Float64}","1","16","0.01"
"chemistry_like","DMRG2","pairs","gauge","/mnt/home/ldevos/Projects/MPSKit.jl/ld-envs/src/states/orthoview.jl","408","#gauge2!#104","/mnt/home/ldevos/.julia/packages/LRUCache/ZH7qB/src/LRUCache.jl","189","_unsafe_getindex","TensorKit.SectorStructure{TensorKitSectors.PlanarTrivial, Tuple{TensorKit.FusionTree{TensorKitSectors.PlanarTrivial, 1, 0, 0}, TensorKit.FusionTree{TensorKitSectors.PlanarTrivial, 1, 0, 0}}}","1","16","0.01"
"chemistry_like","DMRG2","pairs","operator preparation","/mnt/home/ldevos/Projects/MPSKit.jl/ld-envs/src/algorithms/derivatives/hamiltonian_derivatives.jl","394","prepare_operator!!","/mnt/home/ldevos/.julia/packages/TensorKit/SLHMM/src/auxiliary/auxiliary.jl","109","taskforeach","Base.Threads.Atomic{Int64}","1","16","0.01"
"chemistry_like","DMRG2","pairs","eigensolve","/mnt/home/ldevos/Projects/MPSKit.jl/ld-envs/src/algorithms/derivatives/mpo_derivatives.jl","321","PrecomputedDerivative","/mnt/home/ldevos/.julia/packages/LRUCache/ZH7qB/src/LRUCache.jl","189","_unsafe_getindex","TensorKit.SectorStructure{TensorKitSectors.PlanarTrivial, Tuple{TensorKit.FusionTree{TensorKitSectors.PlanarTrivial, 1, 0, 0}, TensorKit.FusionTree{TensorKitSectors.PlanarTrivial, 2, 0, 1}}}","1","16","0.01"
"chemistry_like","DMRG2","pairs","other","/mnt/home/ldevos/Projects/MPSKit.jl/ld-envs/src/algorithms/derivatives/hamiltonian_derivatives.jl","494","JordanMPO_AC2_Hamiltonian","/mnt/home/ldevos/.julia/packages/LRUCache/ZH7qB/src/LRUCache.jl","189","_unsafe_getindex","TensorKit.SectorStructure{TensorKitSectors.PlanarTrivial, Tuple{TensorKit.FusionTree{TensorKitSectors.PlanarTrivial, 3, 1, 2}, TensorKit.FusionTree{TensorKitSectors.PlanarTrivial, 1, 0, 0}}}","1","16","0.01"
"chemistry_like","DMRG2","pairs","operator preparation","/mnt/home/ldevos/Projects/MPSKit.jl/ld-envs/src/algorithms/derivatives/hamiltonian_derivatives.jl","432","prepare_operator!!","/mnt/home/ldevos/.julia/packages/TensorOperations/i1lNc/src/implementation/strided.jl","143","stridedtensoradd!","TensorOperations.Scaler{Float64}","1","16","0.01"
"chemistry_like","DMRG2","pairs","other","/mnt/home/ldevos/Projects/MPSKit.jl/ld-envs/src/algorithms/derivatives/hamiltonian_derivatives.jl","493","JordanMPO_AC2_Hamiltonian","/mnt/home/ldevos/.julia/packages/TensorKit/SLHMM/src/auxiliary/auxiliary.jl","110","taskforeach","Base.Threads.SpinLock","1","16","0.01"
"chemistry_like","DMRG2","pairs","operator preparation","/mnt/home/ldevos/Projects/MPSKit.jl/ld-envs/src/algorithms/derivatives/hamiltonian_derivatives.jl","458","prepare_operator!!","/mnt/home/ldevos/.julia/packages/LRUCache/ZH7qB/src/LRUCache.jl","189","_unsafe_getindex","TensorKit.SectorStructure{TensorKitSectors.PlanarTrivial, Tuple{TensorKit.FusionTree{TensorKitSectors.PlanarTrivial, 0, 0, 0}, TensorKit.FusionTree{TensorKitSectors.PlanarTrivial, 4, 2, 3}}}","1","16","0.01"
"chemistry_like","DMRG2","pairs","gauge","/mnt/home/ldevos/Projects/MPSKit.jl/ld-envs/src/states/orthoview.jl","325","left_gauge","/mnt/home/ldevos/.julia/packages/TensorKit/SLHMM/src/tensors/blockiterators.jl","35","#foreachblock#173","Memory{Nothing}","1","16","0.01"
"chemistry_like","DMRG2","pairs","gauge","/mnt/home/ldevos/Projects/MPSKit.jl/ld-envs/src/states/orthoview.jl","407","#gauge2!#104","/mnt/home/ldevos/.julia/packages/TensorKit/SLHMM/src/auxiliary/dicts.jl","136","setindex!","Memory{TensorKitSectors.PlanarTrivial}","1","16","0.01"
"chemistry_like","DMRG2","pairs","other","/mnt/home/ldevos/Projects/MPSKit.jl/ld-envs/src/utility/utility.jl","22","project_complement!","/mnt/home/ldevos/.julia/packages/LRUCache/ZH7qB/src/LRUCache.jl","189","_unsafe_getindex","TensorKit.SectorStructure{TensorKitSectors.PlanarTrivial, Tuple{TensorKit.FusionTree{TensorKitSectors.PlanarTrivial, 2, 0, 1}, TensorKit.FusionTree{TensorKitSectors.PlanarTrivial, 2, 0, 1}}}","1","16","0.01"
"chemistry_like","DMRG2","pairs","other","/mnt/home/ldevos/Projects/MPSKit.jl/ld-envs/src/algorithms/groundstate/dmrg.jl","370","sweep!","/mnt/home/ldevos/Projects/MPSKit.jl/ld-envs/src/algorithms/groundstate/dmrg.jl","370","sweep!","Float64","1","8","0.01"
"chemistry_like","DMRG2","pairs","eigensolve","/mnt/home/ldevos/Projects/MPSKit.jl/ld-envs/src/algorithms/fixedpoint.jl","16","fixedpoint","/mnt/home/ldevos/.julia/packages/KrylovKit/bEE7W/src/eigsolve/lanczos.jl","61","#eigsolve#54","Tuple{typeof(real), Bool}","3","3","0.01"
